
obj/ts/ethmac_zap/ethmac_zap.elf:     file format elf32-littlearm


Disassembly of section .note.gnu.build-id:

00000000 <.note.gnu.build-id>:
   0:	00000004 	andeq	r0, r0, r4
   4:	00000014 	andeq	r0, r0, r4, lsl r0
   8:	00000003 	andeq	r0, r0, r3
   c:	00554e47 	subseq	r4, r5, r7, asr #28
  10:	8e35d82a 	cdphi	8, 3, cr13, cr5, cr10, {1}
  14:	3ad14908 	bcc	ff45243c <VIC_BASE_ADDRESS+0xff45249c>
  18:	d147e964 	cmple	r7, r4, ror #18
  1c:	280e37e6 	stmdacs	lr, {r1, r2, r5, r6, r7, r8, r9, sl, ip, sp}
  20:	f970fd39 			@ <UNDEFINED> instruction: 0xf970fd39

Disassembly of section .text:

00000024 <_Reset>:

.text
.global _Reset
_Reset:

_Reset   : b there
  24:	ea00000a 	b	54 <there>

00000028 <_Undef>:
_Undef   : b _Undef
  28:	eafffffe 	b	28 <_Undef>

0000002c <_Swi>:
_Swi     : b _Swi
  2c:	eafffffe 	b	2c <_Swi>

00000030 <_Pabt>:
_Pabt    : b _Pabt
  30:	eafffffe 	b	30 <_Pabt>

00000034 <_Dabt>:
_Dabt    : b _Dabt
  34:	eafffffe 	b	34 <_Dabt>

00000038 <reserved>:
reserved : b reserved
  38:	eafffffe 	b	38 <reserved>

0000003c <irq>:
irq      : b sc_call
  3c:	ea000000 	b	44 <sc_call>

00000040 <fiq>:
fiq      : b sc_call
  40:	eaffffff 	b	44 <sc_call>

00000044 <sc_call>:
 * This handler simply revectors IRQs to
 * a dedicated irq_handler function. This
 * is a common routine for IRQ and FIQ.
 */
sc_call:
sub r14, r14, #4
  44:	e24ee004 	sub	lr, lr, #4
stmfd sp!, {r0-r12, r14}
  48:	e92d5fff 	push	{r0, r1, r2, r3, r4, r5, r6, r7, r8, r9, sl, fp, ip, lr}
bl irq_handler
  4c:	eb000164 	bl	5e4 <irq_handler>
ldmfd sp!, {r0-r12, pc}^
  50:	e8fd9fff 	ldm	sp!, {r0, r1, r2, r3, r4, r5, r6, r7, r8, r9, sl, fp, ip, pc}^

00000054 <there>:
there:
/*
 * Switch to IRQ mode.
 * Set up stack pointer.
 */
mrs r2, cpsr
  54:	e10f2000 	mrs	r2, CPSR
bic r2, r2, #31
  58:	e3c2201f 	bic	r2, r2, #31
orr r2, r2, #18
  5c:	e3822012 	orr	r2, r2, #18
msr cpsr_c, r2
  60:	e121f002 	msr	CPSR_c, r2
ldr sp, =IRQ_STACK_POINTER
  64:	e3a0da03 	mov	sp, #12288	@ 0x3000

/*
 * Switch to FIQ mode.
 * Setup up stack pointer.
 */
mrs r2, cpsr
  68:	e10f2000 	mrs	r2, CPSR
bic r2, r2, #31
  6c:	e3c2201f 	bic	r2, r2, #31
orr r2, r2, #17
  70:	e3822011 	orr	r2, r2, #17
msr cpsr_c, r2
  74:	e121f002 	msr	CPSR_c, r2
ldr sp, =FIQ_STACK_POINTER
  78:	e3a0d901 	mov	sp, #16384	@ 0x4000

/*
 * Switch to user mode with interrupts enabled.
 * Set up stack pointer.
 */
mrs r2, cpsr
  7c:	e10f2000 	mrs	r2, CPSR
bic r1, r1, #31
  80:	e3c1101f 	bic	r1, r1, #31
orr r1, r1, #16
  84:	e3811010 	orr	r1, r1, #16
bic r1, r1, #0xC0
  88:	e3c110c0 	bic	r1, r1, #192	@ 0xc0
msr cpsr_c, r1
  8c:	e121f001 	msr	CPSR_c, r1

/*
 * Unmask all interrupts in the VIC.
 */
ldr r0, =VIC_BASE_ADDRESS // VIC base address.
  90:	e3e0005f 	mvn	r0, #95	@ 0x5f
add r0, r0, #4            // Move to INT_MASK
  94:	e2800004 	add	r0, r0, #4
mov r1, #0                // Prepare mask value
  98:	e3a01000 	mov	r1, #0
str r1, [r0]              // Unmask all interrupt sources.
  9c:	e5801000 	str	r1, [r0]
ldr r1, [r0]              // No change to R1 value.
  a0:	e5901000 	ldr	r1, [r0]

/*
 * Then call the main function. The main function
 * will initiallize UART0 in TX and RX.
 */
ldr sp, =USER_STACK_POINTER
  a4:	e3a0da02 	mov	sp, #8192	@ 0x2000
bl main
  a8:	eb000201 	bl	8b4 <main>

000000ac <here>:
here: b here
  ac:	eafffffe 	b	ac <here>

000000b0 <eth_mdio_write>:
static inline void dcache_clean_range(void* p, unsigned len){ (void)p; (void)len; }
static inline void dcache_inval_range(void* p, unsigned len){ (void)p; (void)len; }

/* ================= MMIO helpers ================= */
static inline void eth_writel(uint32_t v, uintptr_t a){ *(volatile uint32_t*)a = v; }
static inline uint32_t eth_readl(uintptr_t a){ return *(volatile uint32_t*)a; }
  b0:	e3e0ca01 	mvn	ip, #4096	@ 0x1000
  b4:	e51c3fd3 	ldr	r3, [ip, #-4051]	@ 0xfffff02d
#include "ethmac_zap.h"
#include <string.h>

/* ------------ MII management (MDIO) ------------ */
static inline void mdio_wait_idle(void){
    while (eth_readl(ETH_MIICOMMAND) & (MIICOMMAND_RSTAT | MIICOMMAND_WCTRLDATA)) { /* spin */ }
  b8:	e3130006 	tst	r3, #6
  bc:	1afffffc 	bne	b4 <eth_mdio_write+0x4>
    eth_writel(mdio_clkdiv(SYS_CLK_HZ), ETH_MIIMODER);
}

int eth_mdio_write(uint8_t phy, uint8_t reg, uint16_t val){
    mdio_wait_idle();
    eth_writel(((uint32_t)phy << MIIADDR_PHY_SHIFT) | ((uint32_t)reg << MIIADDR_REG_SHIFT), ETH_MIIADDRESS);
  c0:	e1800401 	orr	r0, r0, r1, lsl #8
  c4:	e3e03a01 	mvn	r3, #4096	@ 0x1000
static inline void eth_writel(uint32_t v, uintptr_t a){ *(volatile uint32_t*)a = v; }
  c8:	e3a01004 	mov	r1, #4
  cc:	e50c0fcf 	str	r0, [ip, #-4047]	@ 0xfffff031
  d0:	e50c2fcb 	str	r2, [ip, #-4043]	@ 0xfffff035
  d4:	e50c1fd3 	str	r1, [ip, #-4051]	@ 0xfffff02d
static inline uint32_t eth_readl(uintptr_t a){ return *(volatile uint32_t*)a; }
  d8:	e5130fd3 	ldr	r0, [r3, #-4051]	@ 0xfffff02d
    while (eth_readl(ETH_MIICOMMAND) & (MIICOMMAND_RSTAT | MIICOMMAND_WCTRLDATA)) { /* spin */ }
  dc:	e2100006 	ands	r0, r0, #6
  e0:	1afffffc 	bne	d8 <eth_mdio_write+0x28>
  e4:	e12fff1e 	bx	lr

000000e8 <eth_mdio_read>:
  e8:	e3e02a01 	mvn	r2, #4096	@ 0x1000
  ec:	e5123fd3 	ldr	r3, [r2, #-4051]	@ 0xfffff02d
  f0:	e3130006 	tst	r3, #6
  f4:	1afffffc 	bne	ec <eth_mdio_read+0x4>
    return 0;
}

int eth_mdio_read(uint8_t phy, uint8_t reg){
    mdio_wait_idle();
    eth_writel(((uint32_t)phy << MIIADDR_PHY_SHIFT) | ((uint32_t)reg << MIIADDR_REG_SHIFT), ETH_MIIADDRESS);
  f8:	e1800401 	orr	r0, r0, r1, lsl #8
static inline void eth_writel(uint32_t v, uintptr_t a){ *(volatile uint32_t*)a = v; }
  fc:	e3a03002 	mov	r3, #2
static inline uint32_t eth_readl(uintptr_t a){ return *(volatile uint32_t*)a; }
 100:	e3e01a01 	mvn	r1, #4096	@ 0x1000
static inline void eth_writel(uint32_t v, uintptr_t a){ *(volatile uint32_t*)a = v; }
 104:	e5020fcf 	str	r0, [r2, #-4047]	@ 0xfffff031
 108:	e5023fd3 	str	r3, [r2, #-4051]	@ 0xfffff02d
static inline uint32_t eth_readl(uintptr_t a){ return *(volatile uint32_t*)a; }
 10c:	e5113fd3 	ldr	r3, [r1, #-4051]	@ 0xfffff02d
    while (eth_readl(ETH_MIICOMMAND) & (MIICOMMAND_RSTAT | MIICOMMAND_WCTRLDATA)) { /* spin */ }
 110:	e3130006 	tst	r3, #6
 114:	1afffffc 	bne	10c <eth_mdio_read+0x24>
 118:	e5110fc7 	ldr	r0, [r1, #-4039]	@ 0xfffff039
    eth_writel(MIICOMMAND_RSTAT, ETH_MIICOMMAND);
    mdio_wait_idle();
    return (int)(eth_readl(ETH_MIIRX_DATA) & 0xFFFF);
}
 11c:	e1a00800 	lsl	r0, r0, #16
 120:	e1a00820 	lsr	r0, r0, #16
 124:	e12fff1e 	bx	lr

00000128 <eth_init>:
static inline void eth_writel(uint32_t v, uintptr_t a){ *(volatile uint32_t*)a = v; }
 128:	e3e02a01 	mvn	r2, #4096	@ 0x1000
 12c:	e3a01000 	mov	r1, #0
 130:	e3a03013 	mov	r3, #19
        offs += rx_buf_size;
    }
}

/* ------------ Public API ------------ */
int eth_init(const uint8_t mac[6]){
 134:	e52de004 	push	{lr}		@ (str lr, [sp, #-4]!)
 138:	e5021fff 	str	r1, [r2, #-4095]	@ 0xfffff001
 13c:	e5023fd7 	str	r3, [r2, #-4055]	@ 0xfffff029
static inline uint32_t eth_readl(uintptr_t a){ return *(volatile uint32_t*)a; }
 140:	e5123fd3 	ldr	r3, [r2, #-4051]	@ 0xfffff02d
    while (eth_readl(ETH_MIICOMMAND) & (MIICOMMAND_RSTAT | MIICOMMAND_WCTRLDATA)) { /* spin */ }
 144:	e3130006 	tst	r3, #6
 148:	1afffffc 	bne	140 <eth_init+0x18>
static inline void eth_writel(uint32_t v, uintptr_t a){ *(volatile uint32_t*)a = v; }
 14c:	e3a0c001 	mov	ip, #1
 150:	e3a03002 	mov	r3, #2
static inline uint32_t eth_readl(uintptr_t a){ return *(volatile uint32_t*)a; }
 154:	e3e01a01 	mvn	r1, #4096	@ 0x1000
static inline void eth_writel(uint32_t v, uintptr_t a){ *(volatile uint32_t*)a = v; }
 158:	e502cfcf 	str	ip, [r2, #-4047]	@ 0xfffff031
 15c:	e5023fd3 	str	r3, [r2, #-4051]	@ 0xfffff02d
static inline uint32_t eth_readl(uintptr_t a){ return *(volatile uint32_t*)a; }
 160:	e5113fd3 	ldr	r3, [r1, #-4051]	@ 0xfffff02d
 164:	e3130006 	tst	r3, #6
 168:	1afffffc 	bne	160 <eth_init+0x38>
 16c:	e5111fc7 	ldr	r1, [r1, #-4039]	@ 0xfffff039
    phy_write(PHY_BMCR, (bmcr | BMCR_AN_ENABLE | BMCR_RESTART_AN) & ~BMCR_RESET);
 170:	e59f31d0 	ldr	r3, [pc, #464]	@ 348 <eth_init+0x220>
 174:	e3e02a01 	mvn	r2, #4096	@ 0x1000
 178:	e0033001 	and	r3, r3, r1
 17c:	e3831c12 	orr	r1, r3, #4608	@ 0x1200
 180:	e5123fd3 	ldr	r3, [r2, #-4051]	@ 0xfffff02d
    while (eth_readl(ETH_MIICOMMAND) & (MIICOMMAND_RSTAT | MIICOMMAND_WCTRLDATA)) { /* spin */ }
 184:	e3130006 	tst	r3, #6
 188:	1afffffc 	bne	180 <eth_init+0x58>
static inline void eth_writel(uint32_t v, uintptr_t a){ *(volatile uint32_t*)a = v; }
 18c:	e3a0c001 	mov	ip, #1
 190:	e502cfcf 	str	ip, [r2, #-4047]	@ 0xfffff031
 194:	e3a03004 	mov	r3, #4
 198:	e5021fcb 	str	r1, [r2, #-4043]	@ 0xfffff035
static inline uint32_t eth_readl(uintptr_t a){ return *(volatile uint32_t*)a; }
 19c:	e3e01a01 	mvn	r1, #4096	@ 0x1000
static inline void eth_writel(uint32_t v, uintptr_t a){ *(volatile uint32_t*)a = v; }
 1a0:	e5023fd3 	str	r3, [r2, #-4051]	@ 0xfffff02d
static inline uint32_t eth_readl(uintptr_t a){ return *(volatile uint32_t*)a; }
 1a4:	e5113fd3 	ldr	r3, [r1, #-4051]	@ 0xfffff02d
 1a8:	e3130006 	tst	r3, #6
 1ac:	1afffffc 	bne	1a4 <eth_init+0x7c>
 1b0:	e59f1194 	ldr	r1, [pc, #404]	@ 34c <eth_init+0x224>
static inline void eth_writel(uint32_t v, uintptr_t a){ *(volatile uint32_t*)a = v; }
 1b4:	e59fe194 	ldr	lr, [pc, #404]	@ 350 <eth_init+0x228>
static inline uint32_t eth_readl(uintptr_t a){ return *(volatile uint32_t*)a; }
 1b8:	e3e03a01 	mvn	r3, #4096	@ 0x1000
static inline void eth_writel(uint32_t v, uintptr_t a){ *(volatile uint32_t*)a = v; }
 1bc:	e3a0c002 	mov	ip, #2
static inline uint32_t eth_readl(uintptr_t a){ return *(volatile uint32_t*)a; }
 1c0:	e5132fd3 	ldr	r2, [r3, #-4051]	@ 0xfffff02d
 1c4:	e3120006 	tst	r2, #6
 1c8:	1afffffc 	bne	1c0 <eth_init+0x98>
static inline void eth_writel(uint32_t v, uintptr_t a){ *(volatile uint32_t*)a = v; }
 1cc:	e503efcf 	str	lr, [r3, #-4047]	@ 0xfffff031
 1d0:	e503cfd3 	str	ip, [r3, #-4051]	@ 0xfffff02d
static inline uint32_t eth_readl(uintptr_t a){ return *(volatile uint32_t*)a; }
 1d4:	e5132fd3 	ldr	r2, [r3, #-4051]	@ 0xfffff02d
 1d8:	e3120006 	tst	r2, #6
 1dc:	1afffffc 	bne	1d4 <eth_init+0xac>
 1e0:	e5132fc7 	ldr	r2, [r3, #-4039]	@ 0xfffff039
 1e4:	e5132fd3 	ldr	r2, [r3, #-4051]	@ 0xfffff02d
 1e8:	e3120006 	tst	r2, #6
 1ec:	1afffffc 	bne	1e4 <eth_init+0xbc>
static inline void eth_writel(uint32_t v, uintptr_t a){ *(volatile uint32_t*)a = v; }
 1f0:	e503efcf 	str	lr, [r3, #-4047]	@ 0xfffff031
 1f4:	e503cfd3 	str	ip, [r3, #-4051]	@ 0xfffff02d
static inline uint32_t eth_readl(uintptr_t a){ return *(volatile uint32_t*)a; }
 1f8:	e5132fd3 	ldr	r2, [r3, #-4051]	@ 0xfffff02d
 1fc:	e3120006 	tst	r2, #6
 200:	1afffffc 	bne	1f8 <eth_init+0xd0>
 204:	e5132fc7 	ldr	r2, [r3, #-4039]	@ 0xfffff039
        if ((b & BMSR_AN_COMPLETE) && (b & BMSR_LINK_STATUS))
 208:	e2022024 	and	r2, r2, #36	@ 0x24
 20c:	e3520024 	cmp	r2, #36	@ 0x24
 210:	0a000001 	beq	21c <eth_init+0xf4>
    for (unsigned t=0;t<timeout_ms;t++){
 214:	e2511001 	subs	r1, r1, #1
 218:	1affffe8 	bne	1c0 <eth_init+0x98>
    uint32_t lo = (mac[3]) | (mac[2]<<8) | (mac[1]<<16) | (mac[0]<<24);
 21c:	e5d01001 	ldrb	r1, [r0, #1]
 220:	e5d03000 	ldrb	r3, [r0]
 224:	e5d02002 	ldrb	r2, [r0, #2]
 228:	e5d0c003 	ldrb	ip, [r0, #3]
 22c:	e1833401 	orr	r3, r3, r1, lsl #8
 230:	e1833802 	orr	r3, r3, r2, lsl #16
    uint32_t hi = (mac[5]) | (mac[4]<<8);
 234:	e5d01004 	ldrb	r1, [r0, #4]
 238:	e5d02005 	ldrb	r2, [r0, #5]
 23c:	e1833c0c 	orr	r3, r3, ip, lsl #24
 240:	e1811402 	orr	r1, r1, r2, lsl #8
 244:	e0230863 	eor	r0, r3, r3, ror #16
 248:	e1a02421 	lsr	r2, r1, #8
 24c:	e1a00420 	lsr	r0, r0, #8
 250:	e1822401 	orr	r2, r2, r1, lsl #8
 254:	e3c00cff 	bic	r0, r0, #65280	@ 0xff00
static inline void eth_writel(uint32_t v, uintptr_t a){ *(volatile uint32_t*)a = v; }
 258:	e3e01a01 	mvn	r1, #4096	@ 0x1000
 25c:	e0200463 	eor	r0, r0, r3, ror #8
 260:	e1a02802 	lsl	r2, r2, #16
 264:	e5010fbf 	str	r0, [r1, #-4031]	@ 0xfffff041
 268:	e3a0c012 	mov	ip, #18
 26c:	e1a02822 	lsr	r2, r2, #16
 270:	e3a0000c 	mov	r0, #12
 274:	e59f30d8 	ldr	r3, [pc, #216]	@ 354 <eth_init+0x22c>
 278:	e5012fbb 	str	r2, [r1, #-4027]	@ 0xfffff045
 27c:	e59fe0d4 	ldr	lr, [pc, #212]	@ 358 <eth_init+0x230>
 280:	e501cff3 	str	ip, [r1, #-4083]	@ 0xfffff00d
    for (unsigned i=0;i<ETH_BD_COUNT;i++){ BD(i)->stat = 0; BD(i)->ptr = 0; }
 284:	e3a02000 	mov	r2, #0
 288:	e5010fef 	str	r0, [r1, #-4079]	@ 0xfffff011
 28c:	e3a00002 	mov	r0, #2
 290:	e501cfeb 	str	ip, [r1, #-4075]	@ 0xfffff015
 294:	e501efe7 	str	lr, [r1, #-4071]	@ 0xfffff019
 298:	e5010fdf 	str	r0, [r1, #-4063]	@ 0xfffff021
 29c:	e5832000 	str	r2, [r3]
 2a0:	e5832004 	str	r2, [r3, #4]
 2a4:	e2833008 	add	r3, r3, #8
 2a8:	e3730d6f 	cmn	r3, #7104	@ 0x1bc0
 2ac:	1afffffa 	bne	29c <eth_init+0x174>
    BD(ETH_TX_BD_NUM-1)->stat = BD_WRAP;           // TX wrap
 2b0:	e3e03c1b 	mvn	r3, #6912	@ 0x1b00
 2b4:	e3a02a02 	mov	r2, #8192	@ 0x2000
 2b8:	e50320f7 	str	r2, [r3, #-247]	@ 0xffffff09
    BD(ETH_BD_COUNT-1)->stat |= BD_WRAP;           // RX wrap
 2bc:	e51300c7 	ldr	r0, [r3, #-199]	@ 0xffffff39
 2c0:	e59f2094 	ldr	r2, [pc, #148]	@ 35c <eth_init+0x234>
 2c4:	e3800a02 	orr	r0, r0, #8192	@ 0x2000
 2c8:	e3a0140a 	mov	r1, #167772160	@ 0xa000000
 2cc:	e50300c7 	str	r0, [r3, #-199]	@ 0xffffff39
        BD(RX_START+i)->ptr  = (uint32_t)buf;
 2d0:	e5821004 	str	r1, [r2, #4]
        BD(RX_START+i)->stat = (BD(RX_START+i)->stat & BD_WRAP) | BD_IRQ | BD_E_R; // EMPTY=1
 2d4:	e5923000 	ldr	r3, [r2]
    for (unsigned i=0;i<RX_COUNT;i++){
 2d8:	e2811b02 	add	r1, r1, #2048	@ 0x800
        BD(RX_START+i)->stat = (BD(RX_START+i)->stat & BD_WRAP) | BD_IRQ | BD_E_R; // EMPTY=1
 2dc:	e2033a02 	and	r3, r3, #8192	@ 0x2000
 2e0:	e3833903 	orr	r3, r3, #49152	@ 0xc000
 2e4:	e4823008 	str	r3, [r2], #8
    for (unsigned i=0;i<RX_COUNT;i++){
 2e8:	e3720d6f 	cmn	r2, #7104	@ 0x1bc0
 2ec:	1afffff7 	bne	2d0 <eth_init+0x1a8>
static inline uint32_t eth_readl(uintptr_t a){ return *(volatile uint32_t*)a; }
 2f0:	e3e02a01 	mvn	r2, #4096	@ 0x1000
 2f4:	e5120fff 	ldr	r0, [r2, #-4095]	@ 0xfffff001
 2f8:	e5123fd3 	ldr	r3, [r2, #-4051]	@ 0xfffff02d
    while (eth_readl(ETH_MIICOMMAND) & (MIICOMMAND_RSTAT | MIICOMMAND_WCTRLDATA)) { /* spin */ }
 2fc:	e3130006 	tst	r3, #6
 300:	1afffffc 	bne	2f8 <eth_init+0x1d0>
static inline void eth_writel(uint32_t v, uintptr_t a){ *(volatile uint32_t*)a = v; }
 304:	e59fc054 	ldr	ip, [pc, #84]	@ 360 <eth_init+0x238>
 308:	e3a03002 	mov	r3, #2
static inline uint32_t eth_readl(uintptr_t a){ return *(volatile uint32_t*)a; }
 30c:	e3e01a01 	mvn	r1, #4096	@ 0x1000
static inline void eth_writel(uint32_t v, uintptr_t a){ *(volatile uint32_t*)a = v; }
 310:	e502cfcf 	str	ip, [r2, #-4047]	@ 0xfffff031
 314:	e5023fd3 	str	r3, [r2, #-4051]	@ 0xfffff02d
static inline uint32_t eth_readl(uintptr_t a){ return *(volatile uint32_t*)a; }
 318:	e5113fd3 	ldr	r3, [r1, #-4051]	@ 0xfffff02d
 31c:	e3130006 	tst	r3, #6
 320:	1afffffc 	bne	318 <eth_init+0x1f0>
 324:	e5113fc7 	ldr	r3, [r1, #-4039]	@ 0xfffff039
static inline void eth_writel(uint32_t v, uintptr_t a){ *(volatile uint32_t*)a = v; }
 328:	e3e02a01 	mvn	r2, #4096	@ 0x1000
    eth_config_defaults();
    eth_init_bds();

    // Duplex from PHY
    uint32_t m = eth_readl(ETH_MODER);
    if (phy_full_duplex()) m |= MODER_FULLD; else m &= ~MODER_FULLD;
 32c:	e3130004 	tst	r3, #4
 330:	13803b01 	orrne	r3, r0, #1024	@ 0x400
 334:	03c03b01 	biceq	r3, r0, #1024	@ 0x400
    m |= MODER_RXEN | MODER_TXEN | MODER_PAD | MODER_CRCEN;
 338:	e383300f 	orr	r3, r3, #15
    eth_writel(m, ETH_MODER);
    return 0;
}
 33c:	e3a00000 	mov	r0, #0
 340:	e5023fff 	str	r3, [r2, #-4095]	@ 0xfffff001
 344:	e49df004 	pop	{pc}		@ (ldr pc, [sp], #4)
 348:	00006dff 	strdeq	r6, [r0], -pc	@ <UNPREDICTABLE>
 34c:	00000bb8 			@ <UNDEFINED> instruction: 0x00000bb8
 350:	00000101 	andeq	r0, r0, r1, lsl #2
 354:	ffffe400 			@ <UNDEFINED> instruction: 0xffffe400
 358:	004005ee 	subeq	r0, r0, lr, ror #11
 35c:	ffffe410 			@ <UNDEFINED> instruction: 0xffffe410
 360:	00001001 	andeq	r1, r0, r1

00000364 <eth_tx_enqueue>:
// Enqueue a TX buffer (blocking; picks first free BD)
int eth_tx_enqueue(const void* buf, unsigned len){
    dcache_clean_range((void*)buf, len);

    for (unsigned i=0;i<ETH_TX_BD_NUM;i++){
        uint32_t st = BD(i)->stat;
 364:	e3e02c1b 	mvn	r2, #6912	@ 0x1b00
 368:	e51230ff 	ldr	r3, [r2, #-255]	@ 0xffffff01
        if ((st & BD_E_R)==0){ // READY==0 → free
 36c:	e3130902 	tst	r3, #32768	@ 0x8000
 370:	0a000005 	beq	38c <eth_tx_enqueue+0x28>
        uint32_t st = BD(i)->stat;
 374:	e51230f7 	ldr	r3, [r2, #-247]	@ 0xffffff09
        if ((st & BD_E_R)==0){ // READY==0 → free
 378:	e3130902 	tst	r3, #32768	@ 0x8000
        uint32_t st = BD(i)->stat;
 37c:	024220f7 	subeq	r2, r2, #247	@ 0xf7
        if ((st & BD_E_R)==0){ // READY==0 → free
 380:	0a000002 	beq	390 <eth_tx_enqueue+0x2c>
            BD(i)->ptr  = (uint32_t)buf;  // physical address expected
            BD(i)->stat = (st & BD_WRAP) | BD_IRQ | BD_TX_PAD | BD_TX_CRC | BD_E_R | (len & BD_LEN_MASK);
            return 0;
        }
    }
    return -1; // no free TX descriptor
 384:	e3e00000 	mvn	r0, #0
}
 388:	e12fff1e 	bx	lr
        uint32_t st = BD(i)->stat;
 38c:	e59f2020 	ldr	r2, [pc, #32]	@ 3b4 <eth_tx_enqueue+0x50>
            BD(i)->stat = (st & BD_WRAP) | BD_IRQ | BD_TX_PAD | BD_TX_CRC | BD_E_R | (len & BD_LEN_MASK);
 390:	e1a01a81 	lsl	r1, r1, #21
 394:	e1a01aa1 	lsr	r1, r1, #21
 398:	e2033a02 	and	r3, r3, #8192	@ 0x2000
 39c:	e1833001 	orr	r3, r3, r1
 3a0:	e3833b36 	orr	r3, r3, #55296	@ 0xd800
            BD(i)->ptr  = (uint32_t)buf;  // physical address expected
 3a4:	e5820004 	str	r0, [r2, #4]
            return 0;
 3a8:	e3a00000 	mov	r0, #0
            BD(i)->stat = (st & BD_WRAP) | BD_IRQ | BD_TX_PAD | BD_TX_CRC | BD_E_R | (len & BD_LEN_MASK);
 3ac:	e5823000 	str	r3, [r2]
            return 0;
 3b0:	e12fff1e 	bx	lr
 3b4:	ffffe400 			@ <UNDEFINED> instruction: 0xffffe400

000003b8 <eth_rx_poll>:

// Poll for one RX frame; copies into out_buf if provided.
// Return: 1 if a frame delivered, 0 if none, <0 on error.
int eth_rx_poll(void* out_buf, unsigned* out_len){
 3b8:	e92d4070 	push	{r4, r5, r6, lr}
 3bc:	e59f4054 	ldr	r4, [pc, #84]	@ 418 <eth_rx_poll+0x60>
    for (unsigned i=ETH_TX_BD_NUM;i<ETH_BD_COUNT;i++){
        uint32_t st = BD(i)->stat;
 3c0:	e5945000 	ldr	r5, [r4]
        if ((st & BD_E_R)==0){ // EMPTY==0 → filled by MAC
 3c4:	e3150902 	tst	r5, #32768	@ 0x8000
 3c8:	0a000004 	beq	3e0 <eth_rx_poll+0x28>
    for (unsigned i=ETH_TX_BD_NUM;i<ETH_BD_COUNT;i++){
 3cc:	e2844008 	add	r4, r4, #8
 3d0:	e3740d6f 	cmn	r4, #7104	@ 0x1bc0
 3d4:	1afffff9 	bne	3c0 <eth_rx_poll+0x8>
            // hand BD back to MAC
            BD(i)->stat = (st & BD_WRAP) | BD_IRQ | BD_E_R;
            return 1;
        }
    }
    return 0;
 3d8:	e3a00000 	mov	r0, #0
}
 3dc:	e8bd8070 	pop	{r4, r5, r6, pc}
            unsigned len = st & BD_LEN_MASK;
 3e0:	e1a02a85 	lsl	r2, r5, #21
            if (out_len) *out_len = len;
 3e4:	e3510000 	cmp	r1, #0
            unsigned len = st & BD_LEN_MASK;
 3e8:	e1a02aa2 	lsr	r2, r2, #21
            dcache_inval_range((void*)BD(i)->ptr, len);
 3ec:	e5943004 	ldr	r3, [r4, #4]
            if (out_len) *out_len = len;
 3f0:	15812000 	strne	r2, [r1]
            if (out_buf) memcpy(out_buf, (void*)BD(i)->ptr, len);
 3f4:	e3500000 	cmp	r0, #0
 3f8:	0a000001 	beq	404 <eth_rx_poll+0x4c>
 3fc:	e5941004 	ldr	r1, [r4, #4]
 400:	eb0000c4 	bl	718 <memcpy>
            BD(i)->stat = (st & BD_WRAP) | BD_IRQ | BD_E_R;
 404:	e2055a02 	and	r5, r5, #8192	@ 0x2000
 408:	e3855903 	orr	r5, r5, #49152	@ 0xc000
            return 1;
 40c:	e3a00001 	mov	r0, #1
            BD(i)->stat = (st & BD_WRAP) | BD_IRQ | BD_E_R;
 410:	e5845000 	str	r5, [r4]
            return 1;
 414:	e8bd8070 	pop	{r4, r5, r6, pc}
 418:	ffffe410 			@ <UNDEFINED> instruction: 0xffffe410

0000041c <eth_demo_init>:
}

// Initialize EthMAC with a fixed MAC address
void eth_demo_init(void)
{
    const unsigned char mac[6] = {0x02,0x12,0x34,0x56,0x78,0x9A};
 41c:	e59f3030 	ldr	r3, [pc, #48]	@ 454 <eth_demo_init+0x38>
{
 420:	e52de004 	push	{lr}		@ (str lr, [sp, #-4]!)
    const unsigned char mac[6] = {0x02,0x12,0x34,0x56,0x78,0x9A};
 424:	e8930003 	ldm	r3, {r0, r1}
{
 428:	e24dd00c 	sub	sp, sp, #12
    const unsigned char mac[6] = {0x02,0x12,0x34,0x56,0x78,0x9A};
 42c:	e58d0000 	str	r0, [sp]
static void uart_puts(const char* s) { UARTWrite((char*)s); }
 430:	e59f0020 	ldr	r0, [pc, #32]	@ 458 <eth_demo_init+0x3c>
    const unsigned char mac[6] = {0x02,0x12,0x34,0x56,0x78,0x9A};
 434:	e1cd10b4 	strh	r1, [sp, #4]
static void uart_puts(const char* s) { UARTWrite((char*)s); }
 438:	eb00007e 	bl	638 <UARTWrite>
    uart_puts("eth: init\n");
    eth_init(mac);
 43c:	e1a0000d 	mov	r0, sp
 440:	ebffff38 	bl	128 <eth_init>
static void uart_puts(const char* s) { UARTWrite((char*)s); }
 444:	e59f0010 	ldr	r0, [pc, #16]	@ 45c <eth_demo_init+0x40>
 448:	eb00007a 	bl	638 <UARTWrite>
    uart_puts("eth: init done\n");
}
 44c:	e28dd00c 	add	sp, sp, #12
 450:	e49df004 	pop	{pc}		@ (ldr pc, [sp], #4)
 454:	0000084c 	andeq	r0, r0, ip, asr #16
 458:	0000082c 	andeq	r0, r0, ip, lsr #16
 45c:	0000083c 	andeq	r0, r0, ip, lsr r8

00000460 <eth_demo_poll>:

// Optional: call from your main loop if you want RX polling
void eth_demo_poll(void)
{
 460:	e52de004 	push	{lr}		@ (str lr, [sp, #-4]!)
 464:	e24dd014 	sub	sp, sp, #20
    unsigned len;
    if (eth_rx_poll(0, &len) == 1) {
 468:	e1a0100d 	mov	r1, sp
 46c:	e3a00000 	mov	r0, #0
 470:	ebffffd0 	bl	3b8 <eth_rx_poll>
 474:	e3500001 	cmp	r0, #1
 478:	0a000001 	beq	484 <eth_demo_poll+0x24>
        uart_puts("eth: polled RX len=");
        uart_puthex(len);
        uart_puts("\n");
    }
}
 47c:	e28dd014 	add	sp, sp, #20
 480:	e49df004 	pop	{pc}		@ (ldr pc, [sp], #4)
static void uart_puts(const char* s) { UARTWrite((char*)s); }
 484:	e59f0058 	ldr	r0, [pc, #88]	@ 4e4 <eth_demo_poll+0x84>
 488:	eb00006a 	bl	638 <UARTWrite>
        uart_puthex(len);
 48c:	e59dc000 	ldr	ip, [sp]
    buf[0] = '0'; buf[1] = 'x';
 490:	e59f3050 	ldr	r3, [pc, #80]	@ 4e8 <eth_demo_poll+0x88>
 494:	e3a0201c 	mov	r2, #28
 498:	e28d0005 	add	r0, sp, #5
 49c:	e1cd30b4 	strh	r3, [sp, #4]
    for (int i=0; i<8; i++) buf[2+i] = hex_nibble(x >> (28 - 4*i));
 4a0:	e1a0323c 	lsr	r3, ip, r2
    v &= 0xF;
 4a4:	e203300f 	and	r3, r3, #15
    return (v < 10) ? ('0' + v) : ('A' + (v - 10));
 4a8:	e3530009 	cmp	r3, #9
    for (int i=0; i<8; i++) buf[2+i] = hex_nibble(x >> (28 - 4*i));
 4ac:	e2422004 	sub	r2, r2, #4
    return (v < 10) ? ('0' + v) : ('A' + (v - 10));
 4b0:	e2831037 	add	r1, r3, #55	@ 0x37
 4b4:	92831030 	addls	r1, r3, #48	@ 0x30
    for (int i=0; i<8; i++) buf[2+i] = hex_nibble(x >> (28 - 4*i));
 4b8:	e3720004 	cmn	r2, #4
 4bc:	e5e01001 	strb	r1, [r0, #1]!
 4c0:	1afffff6 	bne	4a0 <eth_demo_poll+0x40>
    buf[10] = 0;
 4c4:	e3a03000 	mov	r3, #0
static void uart_puts(const char* s) { UARTWrite((char*)s); }
 4c8:	e28d0004 	add	r0, sp, #4
    buf[10] = 0;
 4cc:	e5cd300e 	strb	r3, [sp, #14]
static void uart_puts(const char* s) { UARTWrite((char*)s); }
 4d0:	eb000058 	bl	638 <UARTWrite>
 4d4:	e59f0010 	ldr	r0, [pc, #16]	@ 4ec <eth_demo_poll+0x8c>
 4d8:	eb000056 	bl	638 <UARTWrite>
}
 4dc:	e28dd014 	add	sp, sp, #20
 4e0:	e49df004 	pop	{pc}		@ (ldr pc, [sp], #4)
 4e4:	00000854 	andeq	r0, r0, r4, asr r8
 4e8:	00007830 	andeq	r7, r0, r0, lsr r8
 4ec:	00000868 	andeq	r0, r0, r8, ror #16

000004f0 <eth_irq_handler>:
static inline uint32_t eth_readl(uintptr_t a){ return *(volatile uint32_t*)a; }
 4f0:	e3e03a01 	mvn	r3, #4096	@ 0x1000
  buf[10]=0; UARTWrite(buf);
}

/* Call this from your existing uart.c irq_handler() when ETH IRQ is pending */
void eth_irq_handler(void)
{
 4f4:	e92d41f0 	push	{r4, r5, r6, r7, r8, lr}
 4f8:	e5134ffb 	ldr	r4, [r3, #-4091]	@ 0xfffff005
 4fc:	e24dd010 	sub	sp, sp, #16
    unsigned src = eth_readl(ETH_INT_SOURCE);
    if (!src) return;
 500:	e3540000 	cmp	r4, #0
 504:	0a000025 	beq	5a0 <eth_irq_handler+0xb0>

    /* Clear (W1C) */
    eth_writel(src, ETH_INT_SOURCE);

    if (src & INT_RXF) {
 508:	e3140008 	tst	r4, #8
static inline void eth_writel(uint32_t v, uintptr_t a){ *(volatile uint32_t*)a = v; }
 50c:	e5034ffb 	str	r4, [r3, #-4091]	@ 0xfffff005
 510:	0a00001e 	beq	590 <eth_irq_handler+0xa0>
static void uart_puts(const char* s){ UARTWrite((char*)s); }
 514:	e59f70b0 	ldr	r7, [pc, #176]	@ 5cc <eth_irq_handler+0xdc>
 518:	e59f80b0 	ldr	r8, [pc, #176]	@ 5d0 <eth_irq_handler+0xe0>
 51c:	e59f60b0 	ldr	r6, [pc, #176]	@ 5d4 <eth_irq_handler+0xe4>
 520:	e3a05004 	mov	r5, #4
        unsigned len;
        for (int i=0;i<4;i++){
            if (eth_rx_poll(0, &len) == 1){
 524:	e1a0100d 	mov	r1, sp
 528:	e3a00000 	mov	r0, #0
 52c:	ebffffa1 	bl	3b8 <eth_rx_poll>
 530:	e3500001 	cmp	r0, #1
 534:	1a000015 	bne	590 <eth_irq_handler+0xa0>
static void uart_puts(const char* s){ UARTWrite((char*)s); }
 538:	e1a00007 	mov	r0, r7
 53c:	eb00003d 	bl	638 <UARTWrite>
  char buf[11]; buf[0]='0'; buf[1]='x';
 540:	e59f3090 	ldr	r3, [pc, #144]	@ 5d8 <eth_irq_handler+0xe8>
                uart_puts("eth: RX len=");
                uart_puthex(len);
 544:	e59d0000 	ldr	r0, [sp]
  char buf[11]; buf[0]='0'; buf[1]='x';
 548:	e1cd30b4 	strh	r3, [sp, #4]
 54c:	e28d1005 	add	r1, sp, #5
 550:	e3a0301c 	mov	r3, #28
  for (int i=0;i<8;i++) buf[2+i]=h[(x>>(28-4*i))&0xF];
 554:	e1a02330 	lsr	r2, r0, r3
 558:	e2433004 	sub	r3, r3, #4
 55c:	e202200f 	and	r2, r2, #15
 560:	e7d82002 	ldrb	r2, [r8, r2]
 564:	e3730004 	cmn	r3, #4
 568:	e5e12001 	strb	r2, [r1, #1]!
 56c:	1afffff8 	bne	554 <eth_irq_handler+0x64>
  buf[10]=0; UARTWrite(buf);
 570:	e3a03000 	mov	r3, #0
 574:	e28d0004 	add	r0, sp, #4
 578:	e5cd300e 	strb	r3, [sp, #14]
 57c:	eb00002d 	bl	638 <UARTWrite>
static void uart_puts(const char* s){ UARTWrite((char*)s); }
 580:	e1a00006 	mov	r0, r6
 584:	eb00002b 	bl	638 <UARTWrite>
        for (int i=0;i<4;i++){
 588:	e2555001 	subs	r5, r5, #1
 58c:	1affffe4 	bne	524 <eth_irq_handler+0x34>
                uart_puts("\n");
            } else break;
        }
    }
    if (src & INT_TXB) uart_puts("eth: TX complete\n");
 590:	e3140001 	tst	r4, #1
 594:	1a000007 	bne	5b8 <eth_irq_handler+0xc8>
    if (src & INT_TXE) uart_puts("eth: TX error\n");
 598:	e3140002 	tst	r4, #2
 59c:	1a000001 	bne	5a8 <eth_irq_handler+0xb8>
}
 5a0:	e28dd010 	add	sp, sp, #16
 5a4:	e8bd81f0 	pop	{r4, r5, r6, r7, r8, pc}
static void uart_puts(const char* s){ UARTWrite((char*)s); }
 5a8:	e59f002c 	ldr	r0, [pc, #44]	@ 5dc <eth_irq_handler+0xec>
}
 5ac:	e28dd010 	add	sp, sp, #16
 5b0:	e8bd41f0 	pop	{r4, r5, r6, r7, r8, lr}
static void uart_puts(const char* s){ UARTWrite((char*)s); }
 5b4:	ea00001f 	b	638 <UARTWrite>
 5b8:	e59f0020 	ldr	r0, [pc, #32]	@ 5e0 <eth_irq_handler+0xf0>
 5bc:	eb00001d 	bl	638 <UARTWrite>
    if (src & INT_TXE) uart_puts("eth: TX error\n");
 5c0:	e3140002 	tst	r4, #2
 5c4:	0afffff5 	beq	5a0 <eth_irq_handler+0xb0>
 5c8:	eafffff6 	b	5a8 <eth_irq_handler+0xb8>
 5cc:	0000086c 	andeq	r0, r0, ip, ror #16
 5d0:	000008a0 	andeq	r0, r0, r0, lsr #17
 5d4:	00000868 	andeq	r0, r0, r8, ror #16
 5d8:	00007830 	andeq	r7, r0, r0, lsr r8
 5dc:	00000890 	muleq	r0, r0, r8
 5e0:	0000087c 	andeq	r0, r0, ip, ror r8

000005e4 <irq_handler>:
void eth_demo_init(void);
void eth_demo_poll(void);
void eth_irq_handler(void);

void irq_handler ()
{
 5e4:	e92d4010 	push	{r4, lr}
        *UART0_FCR = *UART0_FCR | 1;
}

/* Check if transmit is empty */
int UARTTransmitEmpty (void) {
        char x = *UART0_LSR;
 5e8:	e3e04000 	mvn	r4, #0

        if ( x & (1 << 6) )
 5ec:	e554301a 	ldrb	r3, [r4, #-26]	@ 0xffffffe6
 5f0:	e3130040 	tst	r3, #64	@ 0x40
 5f4:	0a000002 	beq	604 <irq_handler+0x20>
       eth_irq_handler();
 5f8:	ebffffbc 	bl	4f0 <eth_irq_handler>
       *VIC_INT_CLEAR = 0xffffffff;
 5fc:	e5044057 	str	r4, [r4, #-87]	@ 0xffffffa9
}
 600:	e8bd8010 	pop	{r4, pc}
        if ( x & (1 << 6) )
 604:	eafffffe 	b	604 <irq_handler+0x20>

00000608 <UARTInit>:
        *UART0_LCR        = (*UART0_LCR) | (1 << 7);
 608:	e3e03000 	mvn	r3, #0
 60c:	e553101c 	ldrb	r1, [r3, #-28]	@ 0xffffffe4
        *UART0_FCR = *UART0_FCR | 1;
 610:	e553201d 	ldrb	r2, [r3, #-29]	@ 0xffffffe3
        *UART0_DLAB1      = 0x46;
 614:	e3a0c046 	mov	ip, #70	@ 0x46
        *UART0_DLAB2      = 1;
 618:	e3a00001 	mov	r0, #1
        *UART0_LCR        = (*UART0_LCR) & ~(1 << 7);
 61c:	e201107f 	and	r1, r1, #127	@ 0x7f
        *UART0_FCR = *UART0_FCR | 1;
 620:	e3822005 	orr	r2, r2, #5
        *UART0_DLAB1      = 0x46;
 624:	e543c01f 	strb	ip, [r3, #-31]	@ 0xffffffe1
        *UART0_DLAB2      = 1;
 628:	e543001e 	strb	r0, [r3, #-30]	@ 0xffffffe2
        *UART0_LCR        = (*UART0_LCR) & ~(1 << 7);
 62c:	e543101c 	strb	r1, [r3, #-28]	@ 0xffffffe4
        *UART0_FCR = *UART0_FCR | 1;
 630:	e543201d 	strb	r2, [r3, #-29]	@ 0xffffffe3
}
 634:	e12fff1e 	bx	lr

00000638 <UARTWrite>:
        while(s[i] != '\0')
 638:	e5d03000 	ldrb	r3, [r0]
 63c:	e3530000 	cmp	r3, #0
 640:	012fff1e 	bxeq	lr
 644:	e2803001 	add	r3, r0, #1
 648:	e5d31000 	ldrb	r1, [r3]
 64c:	e1a02003 	mov	r2, r3
 650:	e3510000 	cmp	r1, #0
 654:	e2833001 	add	r3, r3, #1
 658:	1afffffa 	bne	648 <UARTWrite+0x10>
 65c:	e2400001 	sub	r0, r0, #1
 660:	e2423001 	sub	r3, r2, #1
        *UART0_THR = c;
 664:	e3e01000 	mvn	r1, #0
                UARTWriteByte(s[i]);
 668:	e5f02001 	ldrb	r2, [r0, #1]!
        *UART0_THR = c;
 66c:	e541201f 	strb	r2, [r1, #-31]	@ 0xffffffe1
        for(i=0;i<len;i++)        {
 670:	e1500003 	cmp	r0, r3
 674:	1afffffb 	bne	668 <UARTWrite+0x30>
 678:	e12fff1e 	bx	lr

0000067c <UARTWriteByte>:
        *UART0_THR = c;
 67c:	e3e03000 	mvn	r3, #0
 680:	e543001f 	strb	r0, [r3, #-31]	@ 0xffffffe1
}
 684:	e12fff1e 	bx	lr

00000688 <strlen>:
        while(s[i] != '\0')
 688:	e5d01000 	ldrb	r1, [r0]
 68c:	e3510000 	cmp	r1, #0
 690:	0a000007 	beq	6b4 <strlen+0x2c>
 694:	e1a03000 	mov	r3, r0
 698:	e1a01003 	mov	r1, r3
 69c:	e5f32001 	ldrb	r2, [r3, #1]!
 6a0:	e3520000 	cmp	r2, #0
 6a4:	1afffffb 	bne	698 <strlen+0x10>
                i++;
 6a8:	e2600001 	rsb	r0, r0, #1
 6ac:	e0800001 	add	r0, r0, r1
 6b0:	e12fff1e 	bx	lr
        i = 0;
 6b4:	e1a00001 	mov	r0, r1
}
 6b8:	e12fff1e 	bx	lr

000006bc <UARTEnableRXInterrupt>:
        *UART0_IER = *UART0_IER | 1;
 6bc:	e3e02000 	mvn	r2, #0
 6c0:	e552301e 	ldrb	r3, [r2, #-30]	@ 0xffffffe2
 6c4:	e3833001 	orr	r3, r3, #1
 6c8:	e542301e 	strb	r3, [r2, #-30]	@ 0xffffffe2
}
 6cc:	e12fff1e 	bx	lr

000006d0 <UARTEnableTX>:
        *UART0_FCR = *UART0_FCR | 4;
 6d0:	e3e02000 	mvn	r2, #0
 6d4:	e552301d 	ldrb	r3, [r2, #-29]	@ 0xffffffe3
 6d8:	e3833004 	orr	r3, r3, #4
 6dc:	e542301d 	strb	r3, [r2, #-29]	@ 0xffffffe3
}
 6e0:	e12fff1e 	bx	lr

000006e4 <UARTEnableRX>:
        *UART0_FCR = *UART0_FCR | 1;
 6e4:	e3e02000 	mvn	r2, #0
 6e8:	e552301d 	ldrb	r3, [r2, #-29]	@ 0xffffffe3
 6ec:	e3833001 	orr	r3, r3, #1
 6f0:	e542301d 	strb	r3, [r2, #-29]	@ 0xffffffe3
}
 6f4:	e12fff1e 	bx	lr

000006f8 <UARTTransmitEmpty>:
        char x = *UART0_LSR;
 6f8:	e3e03000 	mvn	r3, #0
        if ( x & (1 << 6) )
 6fc:	e553001a 	ldrb	r0, [r3, #-26]	@ 0xffffffe6
 700:	e1a00320 	lsr	r0, r0, #6
                return 1;
        else
                return 0;
}
 704:	e2000001 	and	r0, r0, #1
 708:	e12fff1e 	bx	lr

0000070c <UARTGetChar>:

/* Get a character from uart */
char UARTGetChar (void) {
        return *UART0_RBR;
 70c:	e3e03000 	mvn	r3, #0
}
 710:	e553001f 	ldrb	r0, [r3, #-31]	@ 0xffffffe1
 714:	e12fff1e 	bx	lr

00000718 <memcpy>:
 718:	e352000f 	cmp	r2, #15
 71c:	9a00000c 	bls	754 <memcpy+0x3c>
 720:	e1803001 	orr	r3, r0, r1
 724:	e3130003 	tst	r3, #3
 728:	11a03000 	movne	r3, r0
 72c:	12422001 	subne	r2, r2, #1
 730:	0a00000c 	beq	768 <memcpy+0x50>
 734:	e2822001 	add	r2, r2, #1
 738:	e2433001 	sub	r3, r3, #1
 73c:	e0812002 	add	r2, r1, r2
 740:	e4d1c001 	ldrb	ip, [r1], #1
 744:	e1510002 	cmp	r1, r2
 748:	e5e3c001 	strb	ip, [r3, #1]!
 74c:	1afffffb 	bne	740 <memcpy+0x28>
 750:	e12fff1e 	bx	lr
 754:	e3520000 	cmp	r2, #0
 758:	e1a03000 	mov	r3, r0
 75c:	e2422001 	sub	r2, r2, #1
 760:	1afffff3 	bne	734 <memcpy+0x1c>
 764:	e12fff1e 	bx	lr
 768:	e1a0c000 	mov	ip, r0
 76c:	e92d41f0 	push	{r4, r5, r6, r7, r8, lr}
 770:	e2427010 	sub	r7, r2, #16
 774:	e3c7700f 	bic	r7, r7, #15
 778:	e2877010 	add	r7, r7, #16
 77c:	e281e010 	add	lr, r1, #16
 780:	e0803007 	add	r3, r0, r7
 784:	e51e8010 	ldr	r8, [lr, #-16]
 788:	e48c8010 	str	r8, [ip], #16
 78c:	e51e600c 	ldr	r6, [lr, #-12]
 790:	e51e5008 	ldr	r5, [lr, #-8]
 794:	e51e4004 	ldr	r4, [lr, #-4]
 798:	e15c0003 	cmp	ip, r3
 79c:	e50c600c 	str	r6, [ip, #-12]
 7a0:	e50c5008 	str	r5, [ip, #-8]
 7a4:	e50c4004 	str	r4, [ip, #-4]
 7a8:	e28ee010 	add	lr, lr, #16
 7ac:	1afffff4 	bne	784 <memcpy+0x6c>
 7b0:	e312000c 	tst	r2, #12
 7b4:	e202c00f 	and	ip, r2, #15
 7b8:	01a0200c 	moveq	r2, ip
 7bc:	e0811007 	add	r1, r1, r7
 7c0:	0a00000d 	beq	7fc <memcpy+0xe4>
 7c4:	e1a04001 	mov	r4, r1
 7c8:	e24cc004 	sub	ip, ip, #4
 7cc:	e3cc6003 	bic	r6, ip, #3
 7d0:	e1a0e12c 	lsr	lr, ip, #2
 7d4:	e0836006 	add	r6, r3, r6
 7d8:	e243c004 	sub	ip, r3, #4
 7dc:	e4945004 	ldr	r5, [r4], #4
 7e0:	e5ac5004 	str	r5, [ip, #4]!
 7e4:	e15c0006 	cmp	ip, r6
 7e8:	1afffffb 	bne	7dc <memcpy+0xc4>
 7ec:	e28ec001 	add	ip, lr, #1
 7f0:	e2022003 	and	r2, r2, #3
 7f4:	e083310c 	add	r3, r3, ip, lsl #2
 7f8:	e081110c 	add	r1, r1, ip, lsl #2
 7fc:	e3520000 	cmp	r2, #0
 800:	e2422001 	sub	r2, r2, #1
 804:	12822001 	addne	r2, r2, #1
 808:	12433001 	subne	r3, r3, #1
 80c:	10812002 	addne	r2, r1, r2
 810:	0a000003 	beq	824 <memcpy+0x10c>
 814:	e4d1c001 	ldrb	ip, [r1], #1
 818:	e1510002 	cmp	r1, r2
 81c:	e5e3c001 	strb	ip, [r3, #1]!
 820:	1afffffb 	bne	814 <memcpy+0xfc>
 824:	e8bd41f0 	pop	{r4, r5, r6, r7, r8, lr}
 828:	e12fff1e 	bx	lr

Disassembly of section .rodata.str1.4:

0000082c <.rodata.str1.4>:
 82c:	3a687465 	bcc	1a1d9c8 <FIQ_STACK_POINTER+0x1a199c8>
 830:	696e6920 	stmdbvs	lr!, {r5, r8, fp, sp, lr}^
 834:	00000a74 	andeq	r0, r0, r4, ror sl
 838:	00000000 	andeq	r0, r0, r0
 83c:	3a687465 	bcc	1a1d9d8 <FIQ_STACK_POINTER+0x1a199d8>
 840:	696e6920 	stmdbvs	lr!, {r5, r8, fp, sp, lr}^
 844:	6f642074 	svcvs	0x00642074
 848:	000a656e 	andeq	r6, sl, lr, ror #10
 84c:	56341202 	ldrtpl	r1, [r4], -r2, lsl #4
 850:	00009a78 	andeq	r9, r0, r8, ror sl
 854:	3a687465 	bcc	1a1d9f0 <FIQ_STACK_POINTER+0x1a199f0>
 858:	6c6f7020 	stclvs	0, cr7, [pc], #-128	@ 7e0 <memcpy+0xc8>
 85c:	2064656c 	rsbcs	r6, r4, ip, ror #10
 860:	6c205852 	stcvs	8, cr5, [r0], #-328	@ 0xfffffeb8
 864:	003d6e65 	eorseq	r6, sp, r5, ror #28
 868:	0000000a 	andeq	r0, r0, sl
 86c:	3a687465 	bcc	1a1da08 <FIQ_STACK_POINTER+0x1a19a08>
 870:	20585220 	subscs	r5, r8, r0, lsr #4
 874:	3d6e656c 	cfstr64cc	mvdx6, [lr, #-432]!	@ 0xfffffe50
 878:	00000000 	andeq	r0, r0, r0
 87c:	3a687465 	bcc	1a1da18 <FIQ_STACK_POINTER+0x1a19a18>
 880:	20585420 	subscs	r5, r8, r0, lsr #8
 884:	706d6f63 	rsbvc	r6, sp, r3, ror #30
 888:	6574656c 	ldrbvs	r6, [r4, #-1388]!	@ 0xfffffa94
 88c:	0000000a 	andeq	r0, r0, sl
 890:	3a687465 	bcc	1a1da2c <FIQ_STACK_POINTER+0x1a19a2c>
 894:	20585420 	subscs	r5, r8, r0, lsr #8
 898:	6f727265 	svcvs	0x00727265
 89c:	Address 0x89c is out of bounds.


Disassembly of section .rodata:

000008a0 <h.0>:
  static const char h[]="0123456789ABCDEF";
 8a0:	33323130 	teqcc	r2, #48, 2
 8a4:	37363534 			@ <UNDEFINED> instruction: 0x37363534
 8a8:	42413938 	submi	r3, r1, #56, 18	@ 0xe0000
 8ac:	46454443 	strbmi	r4, [r5], -r3, asr #8
	...

Disassembly of section .text.startup:

000008b4 <main>:
{
 8b4:	e92d4010 	push	{r4, lr}
        UARTInit();
 8b8:	ebffff52 	bl	608 <UARTInit>
        *UART0_IER = *UART0_IER | 1;
 8bc:	e3e02000 	mvn	r2, #0
 8c0:	e552301e 	ldrb	r3, [r2, #-30]	@ 0xffffffe2
 8c4:	e3833001 	orr	r3, r3, #1
 8c8:	e542301e 	strb	r3, [r2, #-30]	@ 0xffffffe2
        eth_demo_init();
 8cc:	ebfffed2 	bl	41c <eth_demo_init>
}
 8d0:	e3a00000 	mov	r0, #0
 8d4:	e8bd8010 	pop	{r4, pc}

Disassembly of section .ARM.attributes:

00000000 <.ARM.attributes>:
   0:	00002641 	andeq	r2, r0, r1, asr #12
   4:	61656100 	cmnvs	r5, r0, lsl #2
   8:	01006962 	tsteq	r0, r2, ror #18
   c:	0000001c 	andeq	r0, r0, ip, lsl r0
  10:	45543505 	ldrbmi	r3, [r4, #-1285]	@ 0xfffffafb
  14:	08040600 	stmdaeq	r4, {r9, sl}
  18:	12010901 	andne	r0, r1, #16384	@ 0x4000
  1c:	15011404 	strne	r1, [r1, #-1028]	@ 0xfffffbfc
  20:	18031701 	stmdane	r3, {r0, r8, r9, sl, ip}
_Reset   : b there
  24:	Address 0x24 is out of bounds.


Disassembly of section .comment:

00000000 <.comment>:
   0:	3a434347 	bcc	10d0d24 <FIQ_STACK_POINTER+0x10ccd24>
   4:	4e472820 	cdpmi	8, 4, cr2, cr7, cr0, {1}
   8:	31202955 			@ <UNDEFINED> instruction: 0x31202955
   c:	2e332e33 	mrccs	14, 1, r2, cr3, cr3, {1}
  10:	Address 0x10 is out of bounds.


Disassembly of section .debug_line:

00000000 <.debug_line>:
       0:	00000063 	andeq	r0, r0, r3, rrx
       4:	002c0002 	eoreq	r0, ip, r2
       8:	01020000 	mrseq	r0, (UNDEF: 2)
       c:	000a0efb 	strdeq	r0, [sl], -fp
      10:	01010101 	tsteq	r1, r1, lsl #2
      14:	01000000 	mrseq	r0, (UNDEF: 0)
      18:	2f637273 	svccs	0x00637273
      1c:	652f7374 	strvs	r7, [pc, #-884]!	@ fffffcb0 <VIC_BASE_ADDRESS+0xfffffd10>
      20:	616d6874 	smcvs	54916	@ 0xd684
      24:	617a5f63 	cmnvs	sl, r3, ror #30
_Undef   : b _Undef
      28:	75000070 	strvc	r0, [r0, #-112]	@ 0xffffff90
_Swi     : b _Swi
      2c:	2e747261 	cdpcs	2, 7, cr7, cr4, cr1, {3}
_Pabt    : b _Pabt
      30:	00010073 	andeq	r0, r1, r3, ror r0
_Dabt    : b _Dabt
      34:	05000000 	streq	r0, [r0, #-0]
reserved : b reserved
      38:	00002402 	andeq	r2, r0, r2, lsl #8
irq      : b sc_call
      3c:	011c0300 	tsteq	ip, r0, lsl #6
fiq      : b sc_call
      40:	2c2c2c2c 	stccs	12, cr2, [ip], #-176	@ 0xffffff50
sub r14, r14, #4
      44:	332c2c2c 			@ <UNDEFINED> instruction: 0x332c2c2c
stmfd sp!, {r0-r12, r14}
      48:	322c2c2c 	eorcc	r2, ip, #44, 24	@ 0x2c00
bl irq_handler
      4c:	2c2c2c2c 	stccs	12, cr2, [ip], #-176	@ 0xffffff50
ldmfd sp!, {r0-r12, pc}^
      50:	2c2c2c31 	stccs	12, cr2, [ip], #-196	@ 0xffffff3c
mrs r2, cpsr
      54:	2c2c312c 	stfcss	f3, [ip], #-176	@ 0xffffff50
bic r2, r2, #31
      58:	2c302c2c 	ldccs	12, cr2, [r0], #-176	@ 0xffffff50
orr r2, r2, #18
      5c:	312c2c2c 			@ <UNDEFINED> instruction: 0x312c2c2c
msr cpsr_c, r2
      60:	02022c2c 	andeq	r2, r2, #44, 24	@ 0x2c00
ldr sp, =IRQ_STACK_POINTER
      64:	66010100 	strvs	r0, [r1], -r0, lsl #2
mrs r2, cpsr
      68:	0300000a 	movweq	r0, #10
bic r2, r2, #31
      6c:	00015500 	andeq	r5, r1, r0, lsl #10
orr r2, r2, #17
      70:	fb010200 	blx	4087a <FIQ_STACK_POINTER+0x3c87a>
msr cpsr_c, r2
      74:	01000d0e 	tsteq	r0, lr, lsl #26
ldr sp, =FIQ_STACK_POINTER
      78:	00010101 	andeq	r0, r1, r1, lsl #2
mrs r2, cpsr
      7c:	00010000 	andeq	r0, r1, r0
bic r1, r1, #31
      80:	72730100 	rsbsvc	r0, r3, #0, 2
orr r1, r1, #16
      84:	73742f63 	cmnvc	r4, #396	@ 0x18c
bic r1, r1, #0xC0
      88:	6874652f 	ldmdavs	r4!, {r0, r1, r2, r3, r5, r8, sl, sp, lr}^
msr cpsr_c, r1
      8c:	5f63616d 	svcpl	0x0063616d
ldr r0, =VIC_BASE_ADDRESS // VIC base address.
      90:	0070617a 	rsbseq	r6, r0, sl, ror r1
add r0, r0, #4            // Move to INT_MASK
      94:	6f6f742f 	svcvs	0x006f742f
mov r1, #0                // Prepare mask value
      98:	582f736c 	stmdapl	pc!, {r2, r3, r5, r6, r8, r9, ip, sp, lr}	@ <UNPREDICTABLE>
str r1, [r0]              // Unmask all interrupt sources.
      9c:	6e696c69 	cdpvs	12, 6, cr6, cr9, cr9, {3}
ldr r1, [r0]              // No change to R1 value.
      a0:	69562f78 	ldmdbvs	r6, {r3, r4, r5, r6, r8, r9, sl, fp, sp}^
ldr sp, =USER_STACK_POINTER
      a4:	2f736974 	svccs	0x00736974
bl main
      a8:	34323032 	ldrtcc	r3, [r2], #-50	@ 0xffffffce
here: b here
      ac:	672f322e 	strvs	r3, [pc, -lr, lsr #4]!
static inline uint32_t eth_readl(uintptr_t a){ return *(volatile uint32_t*)a; }
      b0:	612f756e 			@ <UNDEFINED> instruction: 0x612f756e
      b4:	68637261 	stmdavs	r3!, {r0, r5, r6, r9, ip, sp, lr}^
    while (eth_readl(ETH_MIICOMMAND) & (MIICOMMAND_RSTAT | MIICOMMAND_WCTRLDATA)) { /* spin */ }
      b8:	6c2f3233 	sfmvs	f3, 4, [pc], #-204	@ fffffff4 <VIC_BASE_ADDRESS+0x54>
      bc:	672f6e69 	strvs	r6, [pc, -r9, ror #28]!
    eth_writel(((uint32_t)phy << MIIADDR_PHY_SHIFT) | ((uint32_t)reg << MIIADDR_REG_SHIFT), ETH_MIIADDRESS);
      c0:	612d6363 			@ <UNDEFINED> instruction: 0x612d6363
      c4:	6e2d6d72 	mcrvs	13, 1, r6, cr13, cr2, {3}
static inline void eth_writel(uint32_t v, uintptr_t a){ *(volatile uint32_t*)a = v; }
      c8:	2d656e6f 	stclcs	14, cr6, [r5, #-444]!	@ 0xfffffe44
      cc:	69626165 	stmdbvs	r2!, {r0, r2, r5, r6, r8, sp, lr}^
      d0:	3638782f 	ldrtcc	r7, [r8], -pc, lsr #16
      d4:	2d34365f 	ldccs	6, cr3, [r4, #-380]!	@ 0xfffffe84
static inline uint32_t eth_readl(uintptr_t a){ return *(volatile uint32_t*)a; }
      d8:	6473656f 	ldrbtvs	r6, [r3], #-1391	@ 0xfffffa91
    while (eth_readl(ETH_MIICOMMAND) & (MIICOMMAND_RSTAT | MIICOMMAND_WCTRLDATA)) { /* spin */ }
      dc:	696c2d6b 	stmdbvs	ip!, {r0, r1, r3, r5, r6, r8, sl, fp, sp}^
      e0:	2f78756e 	svccs	0x0078756e
      e4:	2f727375 	svccs	0x00727375
      e8:	2f62696c 	svccs	0x0062696c
      ec:	2d6d7261 	sfmcs	f7, 2, [sp, #-388]!	@ 0xfffffe7c
      f0:	696c6978 	stmdbvs	ip!, {r3, r4, r5, r6, r8, fp, sp, lr}^
      f4:	652d786e 	strvs	r7, [sp, #-2158]!	@ 0xfffff792
    eth_writel(((uint32_t)phy << MIIADDR_PHY_SHIFT) | ((uint32_t)reg << MIIADDR_REG_SHIFT), ETH_MIIADDRESS);
      f8:	2f696261 	svccs	0x00696261
static inline void eth_writel(uint32_t v, uintptr_t a){ *(volatile uint32_t*)a = v; }
      fc:	2f636367 	svccs	0x00636367
static inline uint32_t eth_readl(uintptr_t a){ return *(volatile uint32_t*)a; }
     100:	2d6d7261 	sfmcs	f7, 2, [sp, #-388]!	@ 0xfffffe7c
static inline void eth_writel(uint32_t v, uintptr_t a){ *(volatile uint32_t*)a = v; }
     104:	696c6978 	stmdbvs	ip!, {r3, r4, r5, r6, r8, fp, sp, lr}^
     108:	652d786e 	strvs	r7, [sp, #-2158]!	@ 0xfffff792
static inline uint32_t eth_readl(uintptr_t a){ return *(volatile uint32_t*)a; }
     10c:	2f696261 	svccs	0x00696261
    while (eth_readl(ETH_MIICOMMAND) & (MIICOMMAND_RSTAT | MIICOMMAND_WCTRLDATA)) { /* spin */ }
     110:	332e3331 			@ <UNDEFINED> instruction: 0x332e3331
     114:	692f302e 	stmdbvs	pc!, {r1, r2, r3, r5, ip, sp}	@ <UNPREDICTABLE>
     118:	756c636e 	strbvc	r6, [ip, #-878]!	@ 0xfffffc92
}
     11c:	2f006564 	svccs	0x00006564
     120:	6c6f6f74 	stclvs	15, cr6, [pc], #-464	@ ffffff58 <VIC_BASE_ADDRESS+0xffffffb8>
     124:	69582f73 	ldmdbvs	r8, {r0, r1, r4, r5, r6, r8, r9, sl, fp, sp}^
static inline void eth_writel(uint32_t v, uintptr_t a){ *(volatile uint32_t*)a = v; }
     128:	786e696c 	stmdavc	lr!, {r2, r3, r5, r6, r8, fp, sp, lr}^
     12c:	7469562f 	strbtvc	r5, [r9], #-1583	@ 0xfffff9d1
     130:	322f7369 	eorcc	r7, pc, #-1543503871	@ 0xa4000001
int eth_init(const uint8_t mac[6]){
     134:	2e343230 	mrccs	2, 1, r3, cr4, cr0, {1}
     138:	6e672f32 	mcrvs	15, 3, r2, cr7, cr2, {1}
     13c:	61612f75 	smcvs	4853	@ 0x12f5
static inline uint32_t eth_readl(uintptr_t a){ return *(volatile uint32_t*)a; }
     140:	33686372 	cmncc	r8, #-939524095	@ 0xc8000001
    while (eth_readl(ETH_MIICOMMAND) & (MIICOMMAND_RSTAT | MIICOMMAND_WCTRLDATA)) { /* spin */ }
     144:	696c2f32 	stmdbvs	ip!, {r1, r4, r5, r8, r9, sl, fp, sp}^
     148:	63672f6e 	cmnvs	r7, #440	@ 0x1b8
static inline void eth_writel(uint32_t v, uintptr_t a){ *(volatile uint32_t*)a = v; }
     14c:	72612d63 	rsbvc	r2, r1, #6336	@ 0x18c0
     150:	6f6e2d6d 	svcvs	0x006e2d6d
static inline uint32_t eth_readl(uintptr_t a){ return *(volatile uint32_t*)a; }
     154:	652d656e 	strvs	r6, [sp, #-1390]!	@ 0xfffffa92
static inline void eth_writel(uint32_t v, uintptr_t a){ *(volatile uint32_t*)a = v; }
     158:	2f696261 	svccs	0x00696261
     15c:	63726161 	cmnvs	r2, #1073741848	@ 0x40000018
static inline uint32_t eth_readl(uintptr_t a){ return *(volatile uint32_t*)a; }
     160:	2d323368 	ldccs	3, cr3, [r2, #-416]!	@ 0xfffffe60
     164:	696c6978 	stmdbvs	ip!, {r3, r4, r5, r6, r8, fp, sp, lr}^
     168:	652d786e 	strvs	r7, [sp, #-2158]!	@ 0xfffff792
     16c:	2f696261 	svccs	0x00696261
    phy_write(PHY_BMCR, (bmcr | BMCR_AN_ENABLE | BMCR_RESTART_AN) & ~BMCR_RESET);
     170:	2f727375 	svccs	0x00727375
     174:	6c636e69 	stclvs	14, cr6, [r3], #-420	@ 0xfffffe5c
     178:	00656475 	rsbeq	r6, r5, r5, ror r4
     17c:	68746500 	ldmdavs	r4!, {r8, sl, sp, lr}^
     180:	5f63616d 	svcpl	0x0063616d
    while (eth_readl(ETH_MIICOMMAND) & (MIICOMMAND_RSTAT | MIICOMMAND_WCTRLDATA)) { /* spin */ }
     184:	2e70617a 	mrccs	1, 3, r6, cr0, cr10, {3}
     188:	00010063 	andeq	r0, r1, r3, rrx
static inline void eth_writel(uint32_t v, uintptr_t a){ *(volatile uint32_t*)a = v; }
     18c:	68746500 	ldmdavs	r4!, {r8, sl, sp, lr}^
     190:	5f63616d 	svcpl	0x0063616d
     194:	2e70617a 	mrccs	1, 3, r6, cr0, cr10, {3}
     198:	00010068 	andeq	r0, r1, r8, rrx
static inline uint32_t eth_readl(uintptr_t a){ return *(volatile uint32_t*)a; }
     19c:	64747300 	ldrbtvs	r7, [r4], #-768	@ 0xfffffd00
static inline void eth_writel(uint32_t v, uintptr_t a){ *(volatile uint32_t*)a = v; }
     1a0:	2d746e69 	ldclcs	14, cr6, [r4, #-420]!	@ 0xfffffe5c
static inline uint32_t eth_readl(uintptr_t a){ return *(volatile uint32_t*)a; }
     1a4:	2e636367 	cdpcs	3, 6, cr6, cr3, cr7, {3}
     1a8:	00020068 	andeq	r0, r2, r8, rrx
     1ac:	64747300 	ldrbtvs	r7, [r4], #-768	@ 0xfffffd00
     1b0:	2e666564 	cdpcs	5, 6, cr6, cr6, cr4, {3}
static inline void eth_writel(uint32_t v, uintptr_t a){ *(volatile uint32_t*)a = v; }
     1b4:	00020068 	andeq	r0, r2, r8, rrx
static inline uint32_t eth_readl(uintptr_t a){ return *(volatile uint32_t*)a; }
     1b8:	72747300 	rsbsvc	r7, r4, #0, 6
static inline void eth_writel(uint32_t v, uintptr_t a){ *(volatile uint32_t*)a = v; }
     1bc:	2e676e69 	cdpcs	14, 6, cr6, cr7, cr9, {3}
static inline uint32_t eth_readl(uintptr_t a){ return *(volatile uint32_t*)a; }
     1c0:	00030068 	andeq	r0, r3, r8, rrx
     1c4:	3b050000 	blcc	1401cc <FIQ_STACK_POINTER+0x13c1cc>
     1c8:	b0020500 	andlt	r0, r2, r0, lsl #10
static inline void eth_writel(uint32_t v, uintptr_t a){ *(volatile uint32_t*)a = v; }
     1cc:	03000000 	movweq	r0, #0
     1d0:	05050115 	streq	r0, [r5, #-277]	@ 0xfffffeeb
static inline uint32_t eth_readl(uintptr_t a){ return *(volatile uint32_t*)a; }
     1d4:	03140513 	tsteq	r4, #79691776	@ 0x4c00000
     1d8:	0505016e 	streq	r0, [r5, #-366]	@ 0xfffffe92
     1dc:	05020413 	streq	r0, [r2, #-1043]	@ 0xfffffbed
     1e0:	29030637 	stmdbcs	r3, {r0, r1, r2, r4, r5, r9, sl}
     1e4:	05010401 	streq	r0, [r1, #-1025]	@ 0xfffffbff
     1e8:	04020060 	streq	r0, [r2], #-96	@ 0xffffffa0
     1ec:	57030601 	strpl	r0, [r3, -r1, lsl #12]
static inline void eth_writel(uint32_t v, uintptr_t a){ *(volatile uint32_t*)a = v; }
     1f0:	000c052e 	andeq	r0, ip, lr, lsr #10
     1f4:	01010402 	tsteq	r1, r2, lsl #8
static inline uint32_t eth_readl(uintptr_t a){ return *(volatile uint32_t*)a; }
     1f8:	18050204 	stmdane	r5, {r2, r9}
     1fc:	05012903 	streq	r2, [r1, #-2307]	@ 0xfffff6fd
     200:	37050130 	smladxcc	r5, r0, r1, r0
     204:	042e0106 	strteq	r0, [lr], #-262	@ 0xfffffefa
        if ((b & BMSR_AN_COMPLETE) && (b & BMSR_LINK_STATUS))
     208:	000c0501 	andeq	r0, ip, r1, lsl #10
     20c:	03010402 	movweq	r0, #5122	@ 0x1402
     210:	05050157 	streq	r0, [r5, #-343]	@ 0xfffffea9
    for (unsigned t=0;t<timeout_ms;t++){
     214:	4a120306 	bmi	480e34 <FIQ_STACK_POINTER+0x47ce34>
     218:	14050204 	strne	r0, [r5], #-516	@ 0xfffffdfc
    uint32_t lo = (mac[3]) | (mac[2]<<8) | (mac[1]<<16) | (mac[0]<<24);
     21c:	052e1603 	streq	r1, [lr, #-1539]!	@ 0xfffff9fd
     220:	37050139 	smladxcc	r5, r9, r1, r0
     224:	50051306 	andpl	r1, r5, r6, lsl #6
     228:	042e2e2d 	strteq	r2, [lr], #-3629	@ 0xfffff1d3
     22c:	06050501 	streq	r0, [r5], -r1, lsl #10
     230:	04016b03 	streq	r6, [r1], #-2819	@ 0xfffff4fd
    uint32_t hi = (mac[5]) | (mac[4]<<8);
     234:	03140502 	tsteq	r4, #8388608	@ 0x800000
     238:	39050115 	stmdbcc	r5, {r0, r2, r4, r8}
     23c:	06500501 	ldrbeq	r0, [r0], -r1, lsl #10
     240:	01042e01 	tsteq	r4, r1, lsl #28
     244:	03060505 	movweq	r0, #25861	@ 0x6505
     248:	0204016c 	andeq	r0, r4, #108, 2
     24c:	14031405 	strne	r1, [r3], #-1029	@ 0xfffffbfb
     250:	01390501 	teqeq	r9, r1, lsl #10
     254:	01065005 	tsteq	r6, r5
static inline void eth_writel(uint32_t v, uintptr_t a){ *(volatile uint32_t*)a = v; }
     258:	0501042e 	streq	r0, [r1, #-1070]	@ 0xfffffbd2
     25c:	6d030605 	stcvs	6, cr0, [r3, #-20]	@ 0xffffffec
     260:	03140501 	tsteq	r4, #4194304	@ 0x400000
     264:	0505016a 	streq	r0, [r5, #-362]	@ 0xfffffe96
     268:	00600513 	rsbeq	r0, r0, r3, lsl r5
     26c:	01010402 	tsteq	r1, r2, lsl #8
     270:	02000c05 	andeq	r0, r0, #1280	@ 0x500
     274:	04010104 	streq	r0, [r1], #-260	@ 0xfffffefc
     278:	03180502 	tsteq	r8, #8388608	@ 0x800000
     27c:	30050129 	andcc	r0, r5, r9, lsr #2
     280:	06370501 	ldrteq	r0, [r7], -r1, lsl #10
    for (unsigned i=0;i<ETH_BD_COUNT;i++){ BD(i)->stat = 0; BD(i)->ptr = 0; }
     284:	01042e01 	tsteq	r4, r1, lsl #28
     288:	02000c05 	andeq	r0, r0, #1280	@ 0x500
     28c:	57030104 	strpl	r0, [r3, -r4, lsl #2]
     290:	062c0501 	strteq	r0, [ip], -r1, lsl #10
     294:	05661903 	strbeq	r1, [r6, #-2307]!	@ 0xfffff6fd
     298:	14051305 	strne	r1, [r5], #-773	@ 0xfffffcfb
     29c:	05016503 	streq	r6, [r1, #-1283]	@ 0xfffffafd
     2a0:	02041305 	andeq	r1, r4, #335544320	@ 0x14000000
     2a4:	03063705 	movweq	r3, #26373	@ 0x6705
     2a8:	01040129 	tsteq	r4, r9, lsr #2
     2ac:	02006005 	andeq	r6, r0, #5
    BD(ETH_TX_BD_NUM-1)->stat = BD_WRAP;           // TX wrap
     2b0:	03060104 	movweq	r0, #24836	@ 0x6104
     2b4:	0c052e57 	stceq	14, cr2, [r5], {87}	@ 0x57
     2b8:	01040200 	mrseq	r0, R12_usr
    BD(ETH_BD_COUNT-1)->stat |= BD_WRAP;           // RX wrap
     2bc:	05020401 	streq	r0, [r2, #-1025]	@ 0xfffffbff
     2c0:	01290318 			@ <UNDEFINED> instruction: 0x01290318
     2c4:	05013005 	streq	r3, [r1, #-5]
     2c8:	2e010637 	mcrcs	6, 0, r0, cr1, cr7, {1}
     2cc:	0c050104 	stfeqs	f0, [r5], {4}
        BD(RX_START+i)->ptr  = (uint32_t)buf;
     2d0:	01040200 	mrseq	r0, R12_usr
        BD(RX_START+i)->stat = (BD(RX_START+i)->stat & BD_WRAP) | BD_IRQ | BD_E_R; // EMPTY=1
     2d4:	05015703 	streq	r5, [r1, #-1795]	@ 0xfffff8fd
    for (unsigned i=0;i<RX_COUNT;i++){
     2d8:	1b030605 	blne	c1af4 <FIQ_STACK_POINTER+0xbdaf4>
        BD(RX_START+i)->stat = (BD(RX_START+i)->stat & BD_WRAP) | BD_IRQ | BD_E_R; // EMPTY=1
     2dc:	0502044a 	streq	r0, [r2, #-1098]	@ 0xfffffbb6
     2e0:	2e0d0314 	mcrcs	3, 0, r0, cr13, cr4, {0}
     2e4:	05013905 	streq	r3, [r1, #-2309]	@ 0xfffff6fb
    for (unsigned i=0;i<RX_COUNT;i++){
     2e8:	05010650 	streq	r0, [r1, #-1616]	@ 0xfffff9b0
     2ec:	052e2f37 	streq	r2, [lr, #-3895]!	@ 0xfffff0c9
static inline uint32_t eth_readl(uintptr_t a){ return *(volatile uint32_t*)a; }
     2f0:	042e1150 	strteq	r1, [lr], #-336	@ 0xfffffeb0
     2f4:	06050501 	streq	r0, [r5], -r1, lsl #10
     2f8:	04017403 	streq	r7, [r1], #-1027	@ 0xfffffbfd
    while (eth_readl(ETH_MIICOMMAND) & (MIICOMMAND_RSTAT | MIICOMMAND_WCTRLDATA)) { /* spin */ }
     2fc:	03140502 	tsteq	r4, #8388608	@ 0x800000
     300:	3905010c 	stmdbcc	r5, {r2, r3, r8}
static inline void eth_writel(uint32_t v, uintptr_t a){ *(volatile uint32_t*)a = v; }
     304:	06500501 	ldrbeq	r0, [r0], -r1, lsl #10
     308:	01042e01 	tsteq	r4, r1, lsl #28
static inline uint32_t eth_readl(uintptr_t a){ return *(volatile uint32_t*)a; }
     30c:	03060505 	movweq	r0, #25861	@ 0x6505
static inline void eth_writel(uint32_t v, uintptr_t a){ *(volatile uint32_t*)a = v; }
     310:	14050175 	strne	r0, [r5], #-373	@ 0xfffffe8b
     314:	05016203 	streq	r6, [r1, #-515]	@ 0xfffffdfd
static inline uint32_t eth_readl(uintptr_t a){ return *(volatile uint32_t*)a; }
     318:	60051305 	andvs	r1, r5, r5, lsl #6
     31c:	01040200 	mrseq	r0, R12_usr
     320:	000c0501 	andeq	r0, ip, r1, lsl #10
     324:	01010402 	tsteq	r1, r2, lsl #8
static inline void eth_writel(uint32_t v, uintptr_t a){ *(volatile uint32_t*)a = v; }
     328:	18050204 	stmdane	r5, {r2, r9}
    if (phy_full_duplex()) m |= MODER_FULLD; else m &= ~MODER_FULLD;
     32c:	05012903 	streq	r2, [r1, #-2307]	@ 0xfffff6fd
     330:	37050130 	smladxcc	r5, r0, r1, r0
     334:	042e0106 	strteq	r0, [lr], #-262	@ 0xfffffefa
    m |= MODER_RXEN | MODER_TXEN | MODER_PAD | MODER_CRCEN;
     338:	000c0501 	andeq	r0, ip, r1, lsl #10
}
     33c:	03010402 	movweq	r0, #5122	@ 0x1402
     340:	05050157 	streq	r0, [r5, #-343]	@ 0xfffffea9
     344:	4a1e0306 	bmi	780f64 <FIQ_STACK_POINTER+0x77cf64>
     348:	18050204 	stmdane	r5, {r2, r9}
     34c:	05010b03 	streq	r0, [r1, #-2819]	@ 0xfffff4fd
     350:	37050130 	smladxcc	r5, r0, r1, r0
     354:	042e0106 	strteq	r0, [lr], #-262	@ 0xfffffefa
     358:	03010501 	movweq	r0, #5377	@ 0x1501
     35c:	23050176 	movwcs	r0, #20854	@ 0x5176
     360:	00c20306 	sbceq	r0, r2, r6, lsl #6
        uint32_t st = BD(i)->stat;
     364:	14050566 	strne	r0, [r5], #-1382	@ 0xfffffa9a
     368:	14050204 	strne	r0, [r5], #-516	@ 0xfffffdfc
        if ((st & BD_E_R)==0){ // READY==0 → free
     36c:	05014503 	streq	r4, [r1, #-1283]	@ 0xfffffafd
     370:	50050139 	andpl	r0, r5, r9, lsr r1
        uint32_t st = BD(i)->stat;
     374:	01040106 	tsteq	r4, r6, lsl #2
        if ((st & BD_E_R)==0){ // READY==0 → free
     378:	39032305 	stmdbcc	r3, {r0, r2, r8, r9, sp}
        uint32_t st = BD(i)->stat;
     37c:	05020466 	streq	r0, [r2, #-1126]	@ 0xfffffb9a
        if ((st & BD_E_R)==0){ // READY==0 → free
     380:	2e470350 	mcrcs	3, 2, r0, cr7, cr0, {2}
    return -1; // no free TX descriptor
     384:	0501042e 	streq	r0, [r1, #-1070]	@ 0xfffffbd2
}
     388:	3e030605 	cfmadd32cc	mvax0, mvfx0, mvfx3, mvfx5
        uint32_t st = BD(i)->stat;
     38c:	030d0501 	movweq	r0, #54529	@ 0xd501
            BD(i)->stat = (st & BD_WRAP) | BD_IRQ | BD_TX_PAD | BD_TX_CRC | BD_E_R | (len & BD_LEN_MASK);
     390:	05017fa6 	streq	r7, [r1, #-4006]	@ 0xfffff05a
     394:	02041305 	andeq	r1, r4, #335544320	@ 0x14000000
     398:	1b031405 	blne	c53b4 <FIQ_STACK_POINTER+0xc13b4>
     39c:	01390501 	teqeq	r9, r1, lsl #10
     3a0:	01065005 	tsteq	r6, r5
            BD(i)->ptr  = (uint32_t)buf;  // physical address expected
     3a4:	0501042e 	streq	r0, [r1, #-1070]	@ 0xfffffbd2
            return 0;
     3a8:	c1030605 	tstgt	r3, r5, lsl #12
            BD(i)->stat = (st & BD_WRAP) | BD_IRQ | BD_TX_PAD | BD_TX_CRC | BD_E_R | (len & BD_LEN_MASK);
     3ac:	0c050100 	stfeqs	f0, [r5], {-0}
            return 0;
     3b0:	017fbc03 	cmneq	pc, r3, lsl #24
     3b4:	05140505 	ldreq	r0, [r4, #-1285]	@ 0xfffffafb
int eth_rx_poll(void* out_buf, unsigned* out_len){
     3b8:	24050d0c 	strcs	r0, [r5], #-3340	@ 0xfffff2f4
     3bc:	03050501 	movweq	r0, #21761	@ 0x5501
        uint32_t st = BD(i)->stat;
     3c0:	05130177 	ldreq	r0, [r3, #-375]	@ 0xfffffe89
        if ((st & BD_E_R)==0){ // EMPTY==0 → filled by MAC
     3c4:	01650314 	cmneq	r5, r4, lsl r3
     3c8:	05130505 	ldreq	r0, [r3, #-1285]	@ 0xfffffafb
    for (unsigned i=ETH_TX_BD_NUM;i<ETH_BD_COUNT;i++){
     3cc:	04020060 	streq	r0, [r2], #-96	@ 0xffffffa0
     3d0:	0c050101 	stfeqs	f0, [r5], {1}
     3d4:	01040200 	mrseq	r0, R12_usr
    return 0;
     3d8:	05020401 	streq	r0, [r2, #-1025]	@ 0xfffffbff
}
     3dc:	01290318 			@ <UNDEFINED> instruction: 0x01290318
            unsigned len = st & BD_LEN_MASK;
     3e0:	05013005 	streq	r3, [r1, #-5]
            if (out_len) *out_len = len;
     3e4:	2e010637 	mcrcs	6, 0, r0, cr1, cr7, {1}
            unsigned len = st & BD_LEN_MASK;
     3e8:	0c050104 	stfeqs	f0, [r5], {4}
            dcache_inval_range((void*)BD(i)->ptr, len);
     3ec:	01040200 	mrseq	r0, R12_usr
            if (out_len) *out_len = len;
     3f0:	05015703 	streq	r5, [r1, #-1795]	@ 0xfffff8fd
            if (out_buf) memcpy(out_buf, (void*)BD(i)->ptr, len);
     3f4:	1b030605 	blne	c1c10 <FIQ_STACK_POINTER+0xbdc10>
     3f8:	0502044a 	streq	r0, [r2, #-1098]	@ 0xfffffbb6
     3fc:	010d0314 	tsteq	sp, r4, lsl r3
     400:	05013905 	streq	r3, [r1, #-2309]	@ 0xfffff6fb
            BD(i)->stat = (st & BD_WRAP) | BD_IRQ | BD_E_R;
     404:	05010650 	streq	r0, [r1, #-1616]	@ 0xfffff9b0
     408:	50054b37 	andpl	r4, r5, r7, lsr fp
            return 1;
     40c:	01042e2d 	tsteq	r4, sp, lsr #28
            BD(i)->stat = (st & BD_WRAP) | BD_IRQ | BD_E_R;
     410:	03060505 	movweq	r0, #25861	@ 0x6505
            return 1;
     414:	02040174 	andeq	r0, r4, #116, 2
     418:	0c031405 	cfstrseq	mvf1, [r3], {5}
    const unsigned char mac[6] = {0x02,0x12,0x34,0x56,0x78,0x9A};
     41c:	01390501 	teqeq	r9, r1, lsl #10
{
     420:	01065005 	tsteq	r6, r5
    const unsigned char mac[6] = {0x02,0x12,0x34,0x56,0x78,0x9A};
     424:	0501042e 	streq	r0, [r1, #-1070]	@ 0xfffffbd2
{
     428:	75030605 	strvc	r0, [r3, #-1541]	@ 0xfffff9fb
    const unsigned char mac[6] = {0x02,0x12,0x34,0x56,0x78,0x9A};
     42c:	03140501 	tsteq	r4, #4194304	@ 0x400000
static void uart_puts(const char* s) { UARTWrite((char*)s); }
     430:	05050162 	streq	r0, [r5, #-354]	@ 0xfffffe9e
    const unsigned char mac[6] = {0x02,0x12,0x34,0x56,0x78,0x9A};
     434:	00600513 	rsbeq	r0, r0, r3, lsl r5
static void uart_puts(const char* s) { UARTWrite((char*)s); }
     438:	01010402 	tsteq	r1, r2, lsl #8
    eth_init(mac);
     43c:	02000c05 	andeq	r0, r0, #1280	@ 0x500
     440:	04010104 	streq	r0, [r1], #-260	@ 0xfffffefc
static void uart_puts(const char* s) { UARTWrite((char*)s); }
     444:	03180502 	tsteq	r8, #8388608	@ 0x800000
     448:	30050129 	andcc	r0, r5, r9, lsr #2
}
     44c:	06370501 	ldrteq	r0, [r7], -r1, lsl #10
     450:	01042e01 	tsteq	r4, r1, lsl #28
     454:	02000c05 	andeq	r0, r0, #1280	@ 0x500
     458:	57030104 	strpl	r0, [r3, -r4, lsl #2]
     45c:	06050501 	streq	r0, [r5], -r1, lsl #10
{
     460:	044a1e03 	strbeq	r1, [sl], #-3587	@ 0xfffff1fd
     464:	03180502 	tsteq	r8, #8388608	@ 0x800000
    if (eth_rx_poll(0, &len) == 1) {
     468:	3005010b 	andcc	r0, r5, fp, lsl #2
     46c:	06370501 	ldrteq	r0, [r7], -r1, lsl #10
     470:	01042e01 	tsteq	r4, r1, lsl #28
     474:	11060505 	tstne	r6, r5, lsl #10
     478:	37050204 	strcc	r0, [r5, -r4, lsl #4]
}
     47c:	04662f06 	strbteq	r2, [r6], #-3846	@ 0xfffff0fa
     480:	060c0501 	streq	r0, [ip], -r1, lsl #10
static void uart_puts(const char* s) { UARTWrite((char*)s); }
     484:	05017a03 	streq	r7, [r1, #-2563]	@ 0xfffff5fd
     488:	05050133 	streq	r0, [r5, #-307]	@ 0xfffffecd
        uart_puthex(len);
     48c:	13016d03 	movwne	r6, #7427	@ 0x1d03
    buf[0] = '0'; buf[1] = 'x';
     490:	6e031405 	cdpvs	4, 0, cr1, cr3, cr5, {0}
     494:	13050501 	movwne	r0, #21761	@ 0x5501
     498:	02006005 	andeq	r6, r0, #5
     49c:	05010104 	streq	r0, [r1, #-260]	@ 0xfffffefc
    for (int i=0; i<8; i++) buf[2+i] = hex_nibble(x >> (28 - 4*i));
     4a0:	0402000c 	streq	r0, [r2], #-12
    v &= 0xF;
     4a4:	02040101 	andeq	r0, r4, #1073741824	@ 0x40000000
    return (v < 10) ? ('0' + v) : ('A' + (v - 10));
     4a8:	29031805 	stmdbcs	r3, {r0, r2, fp, ip}
    for (int i=0; i<8; i++) buf[2+i] = hex_nibble(x >> (28 - 4*i));
     4ac:	01300501 	teqeq	r0, r1, lsl #10
    return (v < 10) ? ('0' + v) : ('A' + (v - 10));
     4b0:	01063705 	tsteq	r6, r5, lsl #14
     4b4:	0501042e 	streq	r0, [r1, #-1070]	@ 0xfffffbd2
    for (int i=0; i<8; i++) buf[2+i] = hex_nibble(x >> (28 - 4*i));
     4b8:	0402000c 	streq	r0, [r2], #-12
     4bc:	01570301 	cmpeq	r7, r1, lsl #6
     4c0:	03060505 	movweq	r0, #25861	@ 0x6505
    buf[10] = 0;
     4c4:	02044a12 	andeq	r4, r4, #73728	@ 0x12000
static void uart_puts(const char* s) { UARTWrite((char*)s); }
     4c8:	16031405 	strne	r1, [r3], -r5, lsl #8
    buf[10] = 0;
     4cc:	01390501 	teqeq	r9, r1, lsl #10
static void uart_puts(const char* s) { UARTWrite((char*)s); }
     4d0:	01065005 	tsteq	r6, r5
     4d4:	0501044a 	streq	r0, [r1, #-1098]	@ 0xfffffbb6
     4d8:	6b030605 	blvs	c1cf4 <FIQ_STACK_POINTER+0xbdcf4>
}
     4dc:	05020401 	streq	r0, [r2, #-1025]	@ 0xfffffbff
     4e0:	01150314 	tsteq	r5, r4, lsl r3
     4e4:	05013905 	streq	r3, [r1, #-2309]	@ 0xfffff6fb
     4e8:	4a010650 	bmi	41e30 <FIQ_STACK_POINTER+0x3de30>
     4ec:	05050104 	streq	r0, [r5, #-260]	@ 0xfffffefc
static inline uint32_t eth_readl(uintptr_t a){ return *(volatile uint32_t*)a; }
     4f0:	016c0306 	cmneq	ip, r6, lsl #6
{
     4f4:	14050204 	strne	r0, [r5], #-516	@ 0xfffffdfc
     4f8:	05011403 	streq	r1, [r1, #-1027]	@ 0xfffffbfd
     4fc:	37050139 	smladxcc	r5, r9, r1, r0
    if (!src) return;
     500:	052e1306 	streq	r1, [lr, #-774]!	@ 0xfffffcfa
     504:	042e1150 	strteq	r1, [lr], #-336	@ 0xfffffeb0
    if (src & INT_RXF) {
     508:	06050501 	streq	r0, [r5], -r1, lsl #10
static inline void eth_writel(uint32_t v, uintptr_t a){ *(volatile uint32_t*)a = v; }
     50c:	05016d03 	streq	r6, [r1, #-3331]	@ 0xfffff2fd
     510:	016a0314 	cmneq	sl, r4, lsl r3
static void uart_puts(const char* s){ UARTWrite((char*)s); }
     514:	05130505 	ldreq	r0, [r3, #-1285]	@ 0xfffffafb
     518:	04020060 	streq	r0, [r2], #-96	@ 0xffffffa0
     51c:	0c050101 	stfeqs	f0, [r5], {1}
     520:	01040200 	mrseq	r0, R12_usr
            if (eth_rx_poll(0, &len) == 1){
     524:	05020401 	streq	r0, [r2, #-1025]	@ 0xfffffbff
     528:	01290318 			@ <UNDEFINED> instruction: 0x01290318
     52c:	05013005 	streq	r3, [r1, #-5]
     530:	2e010637 	mcrcs	6, 0, r0, cr1, cr7, {1}
     534:	0c050104 	stfeqs	f0, [r5], {4}
static void uart_puts(const char* s){ UARTWrite((char*)s); }
     538:	01040200 	mrseq	r0, R12_usr
     53c:	04015703 	streq	r5, [r1], #-1795	@ 0xfffff8fd
  char buf[11]; buf[0]='0'; buf[1]='x';
     540:	03500502 	cmpeq	r0, #8388608	@ 0x800000
                uart_puthex(len);
     544:	37056628 	strcc	r6, [r5, -r8, lsr #12]
  char buf[11]; buf[0]='0'; buf[1]='x';
     548:	2d50052f 	cfldr64cs	mvdx0, [r0, #-188]	@ 0xffffff44
     54c:	0501042e 	streq	r0, [r1, #-1070]	@ 0xfffffbd2
     550:	04020060 	streq	r0, [r2], #-96	@ 0xffffffa0
  for (int i=0;i<8;i++) buf[2+i]=h[(x>>(28-4*i))&0xF];
     554:	58030601 	stmdapl	r3, {r0, r9, sl}
     558:	000c0501 	andeq	r0, ip, r1, lsl #10
     55c:	01010402 	tsteq	r1, r2, lsl #8
     560:	18050204 	stmdane	r5, {r2, r9}
     564:	05012903 	streq	r2, [r1, #-2307]	@ 0xfffff6fd
     568:	37050130 	smladxcc	r5, r0, r1, r0
     56c:	042e0106 	strteq	r0, [lr], #-262	@ 0xfffffefa
  buf[10]=0; UARTWrite(buf);
     570:	000c0501 	andeq	r0, ip, r1, lsl #10
     574:	03010402 	movweq	r0, #5122	@ 0x1402
     578:	05050157 	streq	r0, [r5, #-343]	@ 0xfffffea9
     57c:	4a1b0306 	bmi	6c119c <FIQ_STACK_POINTER+0x6bd19c>
static void uart_puts(const char* s){ UARTWrite((char*)s); }
     580:	14050204 	strne	r0, [r5], #-516	@ 0xfffffdfc
     584:	05010d03 	streq	r0, [r1, #-3331]	@ 0xfffff2fd
        for (int i=0;i<4;i++){
     588:	50050139 	andpl	r0, r5, r9, lsr r1
     58c:	042e0106 	strteq	r0, [lr], #-262	@ 0xfffffefa
    if (src & INT_TXB) uart_puts("eth: TX complete\n");
     590:	06050501 	streq	r0, [r5], -r1, lsl #10
     594:	04017403 	streq	r7, [r1], #-1027	@ 0xfffffbfd
    if (src & INT_TXE) uart_puts("eth: TX error\n");
     598:	03140502 	tsteq	r4, #8388608	@ 0x800000
     59c:	3905010c 	stmdbcc	r5, {r2, r3, r8}
}
     5a0:	06500501 	ldrbeq	r0, [r0], -r1, lsl #10
     5a4:	01042e01 	tsteq	r4, r1, lsl #28
static void uart_puts(const char* s){ UARTWrite((char*)s); }
     5a8:	03060505 	movweq	r0, #25861	@ 0x6505
}
     5ac:	14050175 	strne	r0, [r5], #-373	@ 0xfffffe8b
     5b0:	05016203 	streq	r6, [r1, #-515]	@ 0xfffffdfd
static void uart_puts(const char* s){ UARTWrite((char*)s); }
     5b4:	60051305 	andvs	r1, r5, r5, lsl #6
     5b8:	01040200 	mrseq	r0, R12_usr
     5bc:	000c0501 	andeq	r0, ip, r1, lsl #10
    if (src & INT_TXE) uart_puts("eth: TX error\n");
     5c0:	01010402 	tsteq	r1, r2, lsl #8
     5c4:	18050204 	stmdane	r5, {r2, r9}
     5c8:	05012903 	streq	r2, [r1, #-2307]	@ 0xfffff6fd
     5cc:	37050130 	smladxcc	r5, r0, r1, r0
     5d0:	042e0106 	strteq	r0, [lr], #-262	@ 0xfffffefa
     5d4:	000c0501 	andeq	r0, ip, r1, lsl #10
     5d8:	03010402 	movweq	r0, #5122	@ 0x1402
     5dc:	05050157 	streq	r0, [r5, #-343]	@ 0xfffffea9
     5e0:	4a1e0306 	bmi	781200 <FIQ_STACK_POINTER+0x77d200>
{
     5e4:	18050204 	stmdane	r5, {r2, r9}
        char x = *UART0_LSR;
     5e8:	05010b03 	streq	r0, [r1, #-2819]	@ 0xfffff4fd
        if ( x & (1 << 6) )
     5ec:	37050130 	smladxcc	r5, r0, r1, r0
     5f0:	042e0106 	strteq	r0, [lr], #-262	@ 0xfffffefa
     5f4:	06090501 	streq	r0, [r9], -r1, lsl #10
       eth_irq_handler();
     5f8:	030c0515 	movweq	r0, #50453	@ 0xc515
       *VIC_INT_CLEAR = 0xffffffff;
     5fc:	24050176 	strcs	r0, [r5], #-374	@ 0xfffffe8a
}
     600:	03050501 	movweq	r0, #21761	@ 0x5501
        if ( x & (1 << 6) )
     604:	05130177 	ldreq	r0, [r3, #-375]	@ 0xfffffe89
        *UART0_LCR        = (*UART0_LCR) | (1 << 7);
     608:	01650314 	cmneq	r5, r4, lsl r3
     60c:	05130505 	ldreq	r0, [r3, #-1285]	@ 0xfffffafb
        *UART0_FCR = *UART0_FCR | 1;
     610:	04020060 	streq	r0, [r2], #-96	@ 0xffffffa0
        *UART0_DLAB1      = 0x46;
     614:	0c050101 	stfeqs	f0, [r5], {1}
        *UART0_DLAB2      = 1;
     618:	01040200 	mrseq	r0, R12_usr
        *UART0_LCR        = (*UART0_LCR) & ~(1 << 7);
     61c:	05020401 	streq	r0, [r2, #-1025]	@ 0xfffffbff
        *UART0_FCR = *UART0_FCR | 1;
     620:	01290318 			@ <UNDEFINED> instruction: 0x01290318
        *UART0_DLAB1      = 0x46;
     624:	05013005 	streq	r3, [r1, #-5]
        *UART0_DLAB2      = 1;
     628:	2e010637 	mcrcs	6, 0, r0, cr1, cr7, {1}
        *UART0_LCR        = (*UART0_LCR) & ~(1 << 7);
     62c:	0c050104 	stfeqs	f0, [r5], {4}
        *UART0_FCR = *UART0_FCR | 1;
     630:	01040200 	mrseq	r0, R12_usr
}
     634:	05015703 	streq	r5, [r1, #-1795]	@ 0xfffff8fd
        while(s[i] != '\0')
     638:	1b030605 	blne	c1e54 <FIQ_STACK_POINTER+0xbde54>
     63c:	0502044a 	streq	r0, [r2, #-1098]	@ 0xfffffbb6
     640:	010d0314 	tsteq	sp, r4, lsl r3
     644:	05013905 	streq	r3, [r1, #-2309]	@ 0xfffff6fb
     648:	2e010650 	mcrcs	6, 0, r0, cr1, cr0, {2}
     64c:	05050104 	streq	r0, [r5, #-260]	@ 0xfffffefc
     650:	01740306 	cmneq	r4, r6, lsl #6
     654:	14050204 	strne	r0, [r5], #-516	@ 0xfffffdfc
     658:	05010c03 	streq	r0, [r1, #-3075]	@ 0xfffff3fd
     65c:	50050139 	andpl	r0, r5, r9, lsr r1
     660:	042e0106 	strteq	r0, [lr], #-262	@ 0xfffffefa
        *UART0_THR = c;
     664:	06050501 	streq	r0, [r5], -r1, lsl #10
                UARTWriteByte(s[i]);
     668:	05017503 	streq	r7, [r1, #-1283]	@ 0xfffffafd
        *UART0_THR = c;
     66c:	01620314 	cmneq	r2, r4, lsl r3
        for(i=0;i<len;i++)        {
     670:	05130505 	ldreq	r0, [r3, #-1285]	@ 0xfffffafb
     674:	04020060 	streq	r0, [r2], #-96	@ 0xffffffa0
     678:	0c050101 	stfeqs	f0, [r5], {1}
        *UART0_THR = c;
     67c:	01040200 	mrseq	r0, R12_usr
     680:	05020401 	streq	r0, [r2, #-1025]	@ 0xfffffbff
}
     684:	01290318 			@ <UNDEFINED> instruction: 0x01290318
        while(s[i] != '\0')
     688:	05013005 	streq	r3, [r1, #-5]
     68c:	2e010637 	mcrcs	6, 0, r0, cr1, cr7, {1}
     690:	0c050104 	stfeqs	f0, [r5], {4}
     694:	01040200 	mrseq	r0, R12_usr
     698:	05015703 	streq	r5, [r1, #-1795]	@ 0xfffff8fd
     69c:	1e030605 	cfmadd32ne	mvax0, mvfx0, mvfx3, mvfx5
     6a0:	0502044a 	streq	r0, [r2, #-1098]	@ 0xfffffbb6
     6a4:	010b0318 	tsteq	fp, r8, lsl r3
                i++;
     6a8:	05013005 	streq	r3, [r1, #-5]
     6ac:	2e010637 	mcrcs	6, 0, r0, cr1, cr7, {1}
     6b0:	09050104 	stmdbeq	r5, {r2, r8}
        i = 0;
     6b4:	0c051606 	stceq	6, cr1, [r5], {6}
}
     6b8:	052e0106 	streq	r0, [lr, #-262]!	@ 0xfffffefa
        *UART0_IER = *UART0_IER | 1;
     6bc:	04020025 	streq	r0, [r2], #-37	@ 0xffffffdb
     6c0:	05470602 	strbeq	r0, [r7, #-1538]	@ 0xfffff9fe
     6c4:	04020018 	streq	r0, [r2], #-24	@ 0xffffffe8
     6c8:	02000101 	andeq	r0, r0, #1073741824	@ 0x40000000
}
     6cc:	4a060104 	bmi	180ae4 <FIQ_STACK_POINTER+0x17cae4>
        *UART0_FCR = *UART0_FCR | 4;
     6d0:	03060505 	movweq	r0, #25861	@ 0x6505
     6d4:	050100c2 	streq	r0, [r1, #-194]	@ 0xffffff3e
     6d8:	0151030d 	cmpeq	r1, sp, lsl #6
     6dc:	05130505 	ldreq	r0, [r3, #-1285]	@ 0xfffffafb
}
     6e0:	9ebb060e 	cdpls	6, 11, cr0, cr11, cr14, {0}
        *UART0_FCR = *UART0_FCR | 1;
     6e4:	50050204 	andpl	r0, r5, r4, lsl #4
     6e8:	4a826903 	bmi	fe09aafc <VIC_BASE_ADDRESS+0xfe09ab5c>
     6ec:	05050104 	streq	r0, [r5, #-260]	@ 0xfffffefc
     6f0:	01170306 	tsteq	r7, r6, lsl #6
}
     6f4:	01060e05 	tsteq	r6, r5, lsl #28
        char x = *UART0_LSR;
     6f8:	50050204 	andpl	r0, r5, r4, lsl #4
        if ( x & (1 << 6) )
     6fc:	042e6903 	strteq	r6, [lr], #-2307	@ 0xfffff6fd
     700:	030e0501 	movweq	r0, #58625	@ 0xe501
}
     704:	05054a17 	streq	r4, [r5, #-2583]	@ 0xfffff5e9
     708:	02042f06 	andeq	r2, r4, #6, 30
        return *UART0_RBR;
     70c:	68031405 	stmdavs	r3, {r0, r2, sl, ip}
}
     710:	01390501 	teqeq	r9, r1, lsl #10
     714:	01040106 	tsteq	r4, r6, lsl #2
     718:	03060505 	movweq	r0, #25861	@ 0x6505
     71c:	02040119 	andeq	r0, r4, #1073741830	@ 0x40000006
     720:	67031405 	strvs	r1, [r3, -r5, lsl #8]
     724:	01390501 	teqeq	r9, r1, lsl #10
     728:	01065005 	tsteq	r6, r5
     72c:	01044a2e 	tsteq	r4, lr, lsr #20
     730:	03060505 	movweq	r0, #25861	@ 0x6505
     734:	050100c5 	streq	r0, [r1, #-197]	@ 0xffffff3b
     738:	0157030d 	cmpeq	r7, sp, lsl #6
     73c:	04130505 	ldreq	r0, [r3], #-1285	@ 0xfffffafb
     740:	03140502 	tsteq	r4, #8388608	@ 0x800000
     744:	39050163 	stmdbcc	r5, {r0, r1, r5, r6, r8}
     748:	06500501 	ldrbeq	r0, [r0], -r1, lsl #10
     74c:	01044a01 	tsteq	r4, r1, lsl #20
     750:	03060505 	movweq	r0, #25861	@ 0x6505
     754:	0204011e 	andeq	r0, r4, #-2147483641	@ 0x80000007
     758:	62031405 	andvs	r1, r3, #83886080	@ 0x5000000
     75c:	01390501 	teqeq	r9, r1, lsl #10
     760:	38050104 	stmdacc	r5, {r2, r8}
     764:	03040200 	movweq	r0, #16896	@ 0x4200
     768:	01260306 			@ <UNDEFINED> instruction: 0x01260306
     76c:	50050204 	andpl	r0, r5, r4, lsl #4
     770:	2e2e5a03 	vmulcs.f32	s10, s28, s6
     774:	05050104 	streq	r0, [r5, #-260]	@ 0xfffffefc
     778:	011f0306 	tsteq	pc, r6, lsl #6
     77c:	14050204 	strne	r0, [r5], #-516	@ 0xfffffdfc
     780:	05016103 	streq	r6, [r1, #-259]	@ 0xfffffefd
     784:	50050139 	andpl	r0, r5, r9, lsr r1
     788:	044a0106 	strbeq	r0, [sl], #-262	@ 0xfffffefa
     78c:	06050501 	streq	r0, [r5], -r1, lsl #10
     790:	04012003 	streq	r2, [r1], #-3
     794:	03140502 	tsteq	r4, #8388608	@ 0x800000
     798:	39050160 	stmdbcc	r5, {r5, r6, r8}
     79c:	06500501 	ldrbeq	r0, [r0], -r1, lsl #10
     7a0:	01042e01 	tsteq	r4, r1, lsl #28
     7a4:	03060505 	movweq	r0, #25861	@ 0x6505
     7a8:	02040121 	andeq	r0, r4, #1073741832	@ 0x40000008
     7ac:	5f031405 	svcpl	0x00031405
     7b0:	01390501 	teqeq	r9, r1, lsl #10
     7b4:	01065005 	tsteq	r6, r5
     7b8:	0501042e 	streq	r0, [r1, #-1070]	@ 0xfffffbd2
     7bc:	c6030605 	strgt	r0, [r3], -r5, lsl #12
     7c0:	0d050100 	stfeqs	f0, [r5, #-0]
     7c4:	05015e03 	streq	r5, [r1, #-3587]	@ 0xfffff1fd
     7c8:	0a051405 	beq	1457e4 <FIQ_STACK_POINTER+0x1417e4>
     7cc:	00180501 	andseq	r0, r8, r1, lsl #10
     7d0:	01010402 	tsteq	r1, r2, lsl #8
     7d4:	02002c05 	andeq	r2, r0, #1280	@ 0x500
     7d8:	05010304 	streq	r0, [r1, #-772]	@ 0xfffffcfc
     7dc:	04020038 	streq	r0, [r2], #-56	@ 0xffffffc8
     7e0:	05010603 	streq	r0, [r1, #-1539]	@ 0xfffff9fd
     7e4:	0402003d 	streq	r0, [r2], #-61	@ 0xffffffc3
     7e8:	052e0603 	streq	r0, [lr, #-1539]!	@ 0xfffff9fd
     7ec:	04020048 	streq	r0, [r2], #-72	@ 0xffffffb8
     7f0:	05010603 	streq	r0, [r1, #-1539]	@ 0xfffff9fd
     7f4:	04020027 	streq	r0, [r2], #-39	@ 0xffffffd9
     7f8:	052e0603 	streq	r0, [lr, #-1539]!	@ 0xfffff9fd
     7fc:	04020018 	streq	r0, [r2], #-24	@ 0xffffffe8
     800:	05050101 	streq	r0, [r5, #-257]	@ 0xfffffeff
     804:	061f0568 	ldreq	r0, [pc], -r8, ror #10
     808:	06050501 	streq	r0, [r5], -r1, lsl #10
     80c:	06170567 	ldreq	r0, [r7], -r7, ror #10
     810:	2e1e0501 	cfmul32cs	mvfx0, mvfx14, mvfx1
     814:	85060505 	strhi	r0, [r6, #-1285]	@ 0xfffffafb
     818:	13131313 	tstne	r3, #1275068416	@ 0x4c000000
     81c:	05010a05 	streq	r0, [r1, #-2565]	@ 0xfffff5fb
     820:	04020018 	streq	r0, [r2], #-24	@ 0xffffffe8
     824:	09050101 	stmdbeq	r5, {r0, r8}
     828:	1e051313 	mcrne	3, 0, r1, cr5, cr3, {0}
     82c:	09050106 	stmdbeq	r5, {r1, r2, r8}
     830:	2f052f06 	svccs	0x00052f06
     834:	18050106 	stmdane	r5, {r1, r2, r8}
     838:	01040200 	mrseq	r0, R12_usr
     83c:	3136052b 	teqcc	r6, fp, lsr #10
     840:	052e4a05 	streq	r4, [lr, #-2565]!	@ 0xfffff5fb
     844:	09052e1e 	stmdbeq	r5, {r1, r2, r3, r4, r9, sl, fp, sp}
     848:	01062f06 	tsteq	r6, r6, lsl #30
     84c:	02002305 	andeq	r2, r0, #335544320	@ 0x14000000
     850:	0e060304 	cdpeq	3, 0, cr0, cr6, cr4, {0}
     854:	02001805 	andeq	r1, r0, #327680	@ 0x50000
     858:	00010104 	andeq	r0, r1, r4, lsl #2
     85c:	06010402 	streq	r0, [r1], -r2, lsl #8
     860:	0605054a 	streq	r0, [r5], -sl, asr #10
     864:	04011903 	streq	r1, [r1], #-2307	@ 0xfffff6fd
     868:	03180502 	tsteq	r8, #8388608	@ 0x800000
     86c:	05017fb8 	streq	r7, [r1, #-4024]	@ 0xfffff048
     870:	37050130 	smladxcc	r5, r0, r1, r0
     874:	044a0106 	strbeq	r0, [sl], #-262	@ 0xfffffefa
     878:	06050501 	streq	r0, [r5], -r1, lsl #10
     87c:	0100c903 	tsteq	r0, r3, lsl #18
     880:	44030c05 	strmi	r0, [r3], #-3077	@ 0xfffff3fb
     884:	14050501 	strne	r0, [r5], #-1281	@ 0xfffffaff
     888:	6a030c05 	bvs	c38a4 <FIQ_STACK_POINTER+0xbf8a4>
     88c:	01240501 			@ <UNDEFINED> instruction: 0x01240501
     890:	77030505 	strvc	r0, [r3, -r5, lsl #10]
     894:	14051301 	strne	r1, [r5], #-769	@ 0xfffffcff
     898:	05016503 	streq	r6, [r1, #-1283]	@ 0xfffffafd
     89c:	60051305 	andvs	r1, r5, r5, lsl #6
     8a0:	01040200 	mrseq	r0, R12_usr
     8a4:	000c0501 	andeq	r0, ip, r1, lsl #10
     8a8:	01010402 	tsteq	r1, r2, lsl #8
     8ac:	18050204 	stmdane	r5, {r2, r9}
     8b0:	05012903 	streq	r2, [r1, #-2307]	@ 0xfffff6fd
{
     8b4:	37050130 	smladxcc	r5, r0, r1, r0
        UARTInit();
     8b8:	042e0106 	strteq	r0, [lr], #-262	@ 0xfffffefa
        *UART0_IER = *UART0_IER | 1;
     8bc:	000c0501 	andeq	r0, ip, r1, lsl #10
     8c0:	03010402 	movweq	r0, #5122	@ 0x1402
     8c4:	05050157 	streq	r0, [r5, #-343]	@ 0xfffffea9
     8c8:	4a1b0306 	bmi	6c14e8 <FIQ_STACK_POINTER+0x6bd4e8>
        eth_demo_init();
     8cc:	14050204 	strne	r0, [r5], #-516	@ 0xfffffdfc
}
     8d0:	05010d03 	streq	r0, [r1, #-3331]	@ 0xfffff2fd
     8d4:	50050139 	andpl	r0, r5, r9, lsr r1
     8d8:	37050106 	strcc	r0, [r5, -r6, lsl #2]
     8dc:	2d50054b 	cfldr64cs	mvdx0, [r0, #-300]	@ 0xfffffed4
     8e0:	0501042e 	streq	r0, [r1, #-1070]	@ 0xfffffbd2
     8e4:	74030605 	strvc	r0, [r3], #-1541	@ 0xfffff9fb
     8e8:	05020401 	streq	r0, [r2, #-1025]	@ 0xfffffbff
     8ec:	010c0314 	tsteq	ip, r4, lsl r3
     8f0:	05013905 	streq	r3, [r1, #-2309]	@ 0xfffff6fb
     8f4:	2e010650 	mcrcs	6, 0, r0, cr1, cr0, {2}
     8f8:	05050104 	streq	r0, [r5, #-260]	@ 0xfffffefc
     8fc:	01750306 	cmneq	r5, r6, lsl #6
     900:	62031405 	andvs	r1, r3, #83886080	@ 0x5000000
     904:	13050501 	movwne	r0, #21761	@ 0x5501
     908:	02006005 	andeq	r6, r0, #5
     90c:	05010104 	streq	r0, [r1, #-260]	@ 0xfffffefc
     910:	0402000c 	streq	r0, [r2], #-12
     914:	02040101 	andeq	r0, r4, #1073741824	@ 0x40000000
     918:	29031805 	stmdbcs	r3, {r0, r2, fp, ip}
     91c:	01300501 	teqeq	r0, r1, lsl #10
     920:	01063705 	tsteq	r6, r5, lsl #14
     924:	0501042e 	streq	r0, [r1, #-1070]	@ 0xfffffbd2
     928:	0402000c 	streq	r0, [r2], #-12
     92c:	01570301 	cmpeq	r7, r1, lsl #6
     930:	03060505 	movweq	r0, #25861	@ 0x6505
     934:	02044a1e 	andeq	r4, r4, #122880	@ 0x1e000
     938:	0b031805 	bleq	c6954 <FIQ_STACK_POINTER+0xc2954>
     93c:	01300501 	teqeq	r0, r1, lsl #10
     940:	01063705 	tsteq	r6, r5, lsl #14
     944:	0501042e 	streq	r0, [r1, #-1070]	@ 0xfffffbd2
     948:	10030605 	andne	r0, r3, r5, lsl #12
     94c:	05020401 	streq	r0, [r2, #-1025]	@ 0xfffffbff
     950:	6f030650 	svcvs	0x00030650
     954:	05010401 	streq	r0, [r1, #-1025]	@ 0xfffffbff
     958:	04020008 	streq	r0, [r2], #-8
     95c:	00ca0301 	sbceq	r0, sl, r1, lsl #6
     960:	001c052e 	andseq	r0, ip, lr, lsr #10
     964:	06010402 	streq	r0, [r1], -r2, lsl #8
     968:	001e052e 	andseq	r0, lr, lr, lsr #10
     96c:	06010402 	streq	r0, [r1], -r2, lsl #8
     970:	00330501 	eorseq	r0, r3, r1, lsl #10
     974:	06020402 	streq	r0, [r2], -r2, lsl #8
     978:	0035052e 	eorseq	r0, r5, lr, lsr #10
     97c:	06020402 	streq	r0, [r2], -r2, lsl #8
     980:	06050501 	streq	r0, [r5], -r1, lsl #10
     984:	0607052f 	streq	r0, [r7], -pc, lsr #10
     988:	06050501 	streq	r0, [r5], -r1, lsl #10
     98c:	0502042f 	streq	r0, [r2, #-1071]	@ 0xfffffbd1
     990:	7fb40314 	svcvc	0x00b40314
     994:	01390501 	teqeq	r9, r1, lsl #10
     998:	01050104 	tsteq	r5, r4, lsl #2
     99c:	00ce0306 	sbceq	r0, lr, r6, lsl #6
     9a0:	05020401 	streq	r0, [r2, #-1025]	@ 0xfffffbff
     9a4:	7fb20350 	svcvc	0x00b20350
     9a8:	01042e2e 	tsteq	r4, lr, lsr #28
     9ac:	03060505 	movweq	r0, #25861	@ 0x6505
     9b0:	050100cd 	streq	r0, [r1, #-205]	@ 0xffffff33
     9b4:	05130601 	ldreq	r0, [r3, #-1537]	@ 0xfffff9ff
     9b8:	05f50632 	ldrbeq	r0, [r5, #1586]!	@ 0x632
     9bc:	05141305 	ldreq	r1, [r4, #-773]	@ 0xfffffcfb
     9c0:	1805010a 	stmdane	r5, {r1, r3, r8}
     9c4:	01040200 	mrseq	r0, R12_usr
     9c8:	13090501 	movwne	r0, #38145	@ 0x9501
     9cc:	01061205 	tsteq	r6, r5, lsl #4
     9d0:	4b060905 	blmi	182dec <FIQ_STACK_POINTER+0x17edec>
     9d4:	01060c05 	tsteq	r6, r5, lsl #24
     9d8:	02002805 	andeq	r2, r0, #327680	@ 0x50000
     9dc:	48060204 	stmdami	r6, {r2, r9}
     9e0:	02001805 	andeq	r1, r0, #327680	@ 0x50000
     9e4:	05010104 	streq	r0, [r1, #-260]	@ 0xfffffefc
     9e8:	12051309 	andne	r1, r5, #603979776	@ 0x24000000
     9ec:	09050106 	stmdbeq	r5, {r1, r2, r8}
     9f0:	0c052f06 	stceq	15, cr2, [r5], {6}
     9f4:	17050106 	strne	r0, [r5, -r6, lsl #2]
     9f8:	2f0c052d 	svccs	0x000c052d
     9fc:	2f010534 	svccs	0x00010534
     a00:	78031705 	stmdavc	r3, {r0, r2, r8, r9, sl, ip}
     a04:	060d052e 	streq	r0, [sp], -lr, lsr #10
     a08:	065b0530 			@ <UNDEFINED> instruction: 0x065b0530
     a0c:	1f052e13 	svcne	0x00052e13
     a10:	2e54052e 	cdpcs	5, 5, cr0, cr4, cr14, {1}
     a14:	05491905 	strbeq	r1, [r9, #-2309]	@ 0xfffff6fb
     a18:	052f060d 	streq	r0, [pc, #-1549]!	@ 413 <eth_rx_poll+0x5b>
     a1c:	05130614 	ldreq	r0, [r3, #-1556]	@ 0xfffff9ec
     a20:	0d052d19 	stceq	13, cr2, [r5, #-100]	@ 0xffffff9c
     a24:	14052f06 	strne	r2, [r5], #-3846	@ 0xfffff0fa
     a28:	32050106 	andcc	r0, r5, #-2147483647	@ 0x80000001
     a2c:	05055206 	streq	r5, [r5, #-518]	@ 0xfffffdfa
     a30:	010a0513 	tsteq	sl, r3, lsl r5
     a34:	02002405 	andeq	r2, r0, #83886080	@ 0x5000000
     a38:	05010104 	streq	r0, [r1, #-260]	@ 0xfffffefc
     a3c:	2e110632 	mrccs	6, 0, r0, cr1, cr2, {1}
     a40:	30060905 	andcc	r0, r6, r5, lsl #18
     a44:	02003305 	andeq	r3, r0, #335544320	@ 0x14000000
     a48:	05110204 	ldreq	r0, [r1, #-516]	@ 0xfffffdfc
     a4c:	04020024 	streq	r0, [r2], #-36	@ 0xffffffdc
     a50:	12050101 	andne	r0, r5, #1073741824	@ 0x40000000
     a54:	09051306 	stmdbeq	r5, {r1, r2, r8, r9, ip}
     a58:	0c052f06 	stceq	15, cr2, [r5], {6}
     a5c:	24050106 	strcs	r0, [r5], #-262	@ 0xfffffefa
     a60:	01040200 	mrseq	r0, R12_usr
     a64:	030c0548 	movweq	r0, #50504	@ 0xc548
     a68:	0105660c 	tsteq	r5, ip, lsl #12
     a6c:	060d052f 	streq	r0, [sp], -pc, lsr #10
     a70:	052e7603 	streq	r7, [lr, #-1539]!	@ 0xfffff9fd
     a74:	05010616 	streq	r0, [r1, #-1558]	@ 0xfffff9ea
     a78:	16053010 			@ <UNDEFINED> instruction: 0x16053010
     a7c:	060d052c 	streq	r0, [sp], -ip, lsr #10
     a80:	1a05132f 	bne	145744 <FIQ_STACK_POINTER+0x141744>
     a84:	01040200 	mrseq	r0, R12_usr
     a88:	062c0501 	strteq	r0, [ip], -r1, lsl #10
     a8c:	00230511 	eoreq	r0, r3, r1, lsl r5
     a90:	2f010402 	svccs	0x00010402
     a94:	2f060d05 	svccs	0x00060d05
     a98:	01061005 	tsteq	r6, r5
     a9c:	02001a05 	andeq	r1, r0, #20480	@ 0x5000
     aa0:	4a060104 	bmi	180eb8 <FIQ_STACK_POINTER+0x17ceb8>
     aa4:	02003605 	andeq	r3, r0, #5242880	@ 0x500000
     aa8:	01060104 	tsteq	r6, r4, lsl #2
     aac:	02001a05 	andeq	r1, r0, #20480	@ 0x5000
     ab0:	052e0104 	streq	r0, [lr, #-260]!	@ 0xfffffefc
     ab4:	0530060d 	ldreq	r0, [r0, #-1549]!	@ 0xfffff9f3
     ab8:	0501061f 	streq	r0, [r1, #-1567]	@ 0xfffff9e1
     abc:	14052e33 	strne	r2, [r5], #-3635	@ 0xfffff1cd
     ac0:	2d19052f 	cfldr32cs	mvfx0, [r9, #-188]	@ 0xffffff44
     ac4:	2f060d05 	svccs	0x00060d05
     ac8:	01061405 	tsteq	r6, r5, lsl #8
     acc:	01000402 	tsteq	r0, r2, lsl #8
     ad0:	00021c01 	andeq	r1, r2, r1, lsl #24
     ad4:	eb000300 	bl	16dc <main+0xe28>
     ad8:	02000000 	andeq	r0, r0, #0
     adc:	0d0efb01 	vstreq	d15, [lr, #-4]
     ae0:	01010100 	mrseq	r0, (UNDEF: 17)
     ae4:	00000001 	andeq	r0, r0, r1
     ae8:	01000001 	tsteq	r0, r1
     aec:	2f637273 	svccs	0x00637273
     af0:	652f7374 	strvs	r7, [pc, #-884]!	@ 784 <memcpy+0x6c>
     af4:	616d6874 	smcvs	54916	@ 0xd684
     af8:	617a5f63 	cmnvs	sl, r3, ror #30
     afc:	742f0070 	strtvc	r0, [pc], #-112	@ b04 <main+0x250>
     b00:	736c6f6f 	cmnvc	ip, #444	@ 0x1bc
     b04:	6c69582f 	stclvs	8, cr5, [r9], #-188	@ 0xffffff44
     b08:	2f786e69 	svccs	0x00786e69
     b0c:	69746956 	ldmdbvs	r4!, {r1, r2, r4, r6, r8, fp, sp, lr}^
     b10:	30322f73 	eorscc	r2, r2, r3, ror pc
     b14:	322e3432 	eorcc	r3, lr, #838860800	@ 0x32000000
     b18:	756e672f 	strbvc	r6, [lr, #-1839]!	@ 0xfffff8d1
     b1c:	7261612f 	rsbvc	r6, r1, #-1073741813	@ 0xc000000b
     b20:	32336863 	eorscc	r6, r3, #6488064	@ 0x630000
     b24:	6e696c2f 	cdpvs	12, 6, cr6, cr9, cr15, {1}
     b28:	6363672f 	cmnvs	r3, #12320768	@ 0xbc0000
     b2c:	6d72612d 	ldfvse	f6, [r2, #-180]!	@ 0xffffff4c
     b30:	6e6f6e2d 	cdpvs	14, 6, cr6, cr15, cr13, {1}
     b34:	61652d65 	cmnvs	r5, r5, ror #26
     b38:	782f6962 	stmdavc	pc!, {r1, r5, r6, r8, fp, sp, lr}	@ <UNPREDICTABLE>
     b3c:	365f3638 			@ <UNDEFINED> instruction: 0x365f3638
     b40:	656f2d34 	strbvs	r2, [pc, #-3380]!	@ fffffe14 <VIC_BASE_ADDRESS+0xfffffe74>
     b44:	2d6b6473 	cfstrdcs	mvd6, [fp, #-460]!	@ 0xfffffe34
     b48:	756e696c 	strbvc	r6, [lr, #-2412]!	@ 0xfffff694
     b4c:	73752f78 	cmnvc	r5, #120, 30	@ 0x1e0
     b50:	696c2f72 	stmdbvs	ip!, {r1, r4, r5, r6, r8, r9, sl, fp, sp}^
     b54:	72612f62 	rsbvc	r2, r1, #392	@ 0x188
     b58:	69782d6d 	ldmdbvs	r8!, {r0, r2, r3, r5, r6, r8, sl, fp, sp}^
     b5c:	786e696c 	stmdavc	lr!, {r2, r3, r5, r6, r8, fp, sp, lr}^
     b60:	6261652d 	rsbvs	r6, r1, #188743680	@ 0xb400000
     b64:	63672f69 	cmnvs	r7, #420	@ 0x1a4
     b68:	72612f63 	rsbvc	r2, r1, #396	@ 0x18c
     b6c:	69782d6d 	ldmdbvs	r8!, {r0, r2, r3, r5, r6, r8, sl, fp, sp}^
     b70:	786e696c 	stmdavc	lr!, {r2, r3, r5, r6, r8, fp, sp, lr}^
     b74:	6261652d 	rsbvs	r6, r1, #188743680	@ 0xb400000
     b78:	33312f69 	teqcc	r1, #420	@ 0x1a4
     b7c:	302e332e 	eorcc	r3, lr, lr, lsr #6
     b80:	636e692f 	cmnvs	lr, #770048	@ 0xbc000
     b84:	6564756c 	strbvs	r7, [r4, #-1388]!	@ 0xfffffa94
     b88:	74650000 	strbtvc	r0, [r5], #-0
     b8c:	63616d68 	cmnvs	r1, #104, 26	@ 0x1a00
     b90:	6d65645f 	cfstrdvs	mvd6, [r5, #-380]!	@ 0xfffffe84
     b94:	00632e6f 	rsbeq	r2, r3, pc, ror #28
     b98:	65000001 	strvs	r0, [r0, #-1]
     b9c:	616d6874 	smcvs	54916	@ 0xd684
     ba0:	617a5f63 	cmnvs	sl, r3, ror #30
     ba4:	00682e70 	rsbeq	r2, r8, r0, ror lr
     ba8:	73000001 	movwvc	r0, #1
     bac:	6e696474 	mcrvs	4, 3, r6, cr9, cr4, {3}
     bb0:	63672d74 	cmnvs	r7, #116, 26	@ 0x1d00
     bb4:	00682e63 	rsbeq	r2, r8, r3, ror #28
     bb8:	75000002 	strvc	r0, [r0, #-2]
     bbc:	2e747261 	cdpcs	2, 7, cr7, cr4, cr1, {3}
     bc0:	00010068 	andeq	r0, r1, r8, rrx
     bc4:	01050000 	mrseq	r0, (UNDEF: 5)
     bc8:	1c020500 	cfstr32ne	mvfx0, [r2], {-0}
     bcc:	03000004 	movweq	r0, #4
     bd0:	05050116 	streq	r0, [r5, #-278]	@ 0xfffffeea
     bd4:	06190513 			@ <UNDEFINED> instruction: 0x06190513
     bd8:	2d010501 	cfstr32cs	mvfx0, [r1, #-4]
     bdc:	052f1905 	streq	r1, [pc, #-2309]!	@ 2df <eth_init+0x1b7>
     be0:	19052d01 	stmdbne	r5, {r0, r8, sl, fp, sp}
     be4:	0328052f 			@ <UNDEFINED> instruction: 0x0328052f
     be8:	19052e6e 	stmdbne	r5, {r1, r2, r3, r5, r6, r9, sl, fp, sp}
     bec:	052e1203 	streq	r1, [lr, #-515]!	@ 0xfffffdfd
     bf0:	052f0605 	streq	r0, [pc, #-1541]!	@ 5f3 <irq_handler+0xf>
     bf4:	016d030d 	cmneq	sp, sp, lsl #6
     bf8:	06012805 	streq	r2, [r1], -r5, lsl #16
     bfc:	0605052e 	streq	r0, [r5], -lr, lsr #10
     c00:	4b011403 	blmi	45c14 <FIQ_STACK_POINTER+0x41c14>
     c04:	6b030d05 	blvs	c4020 <FIQ_STACK_POINTER+0xc0020>
     c08:	01280501 			@ <UNDEFINED> instruction: 0x01280501
     c0c:	01054a06 	tsteq	r5, r6, lsl #20
     c10:	06011603 	streq	r1, [r1], -r3, lsl #12
     c14:	130505a2 	movwne	r0, #21922	@ 0x55a2
     c18:	06010513 			@ <UNDEFINED> instruction: 0x06010513
     c1c:	4c090510 	cfstr32mi	mvfx0, [r9], {16}
     c20:	02000805 	andeq	r0, r0, #327680	@ 0x50000
     c24:	05660104 	strbeq	r0, [r6, #-260]!	@ 0xfffffefc
     c28:	09054f01 	stmdbeq	r5, {r0, r8, r9, sl, fp, lr}
     c2c:	0d054606 	stceq	6, cr4, [r5, #-24]	@ 0xffffffe8
     c30:	05016303 	streq	r6, [r1, #-771]	@ 0xfffffcfd
     c34:	4a060128 	bmi	1810dc <FIQ_STACK_POINTER+0x17d0dc>
     c38:	03060905 	movweq	r0, #26885	@ 0x6905
     c3c:	0d05011e 	stfeqs	f0, [r5, #-120]	@ 0xffffff88
     c40:	052e6903 	streq	r6, [lr, #-2307]!	@ 0xfffff6fd
     c44:	05131305 	ldreq	r1, [r3, #-773]	@ 0xfffffcfb
     c48:	0c050113 	stfeqs	f0, [r5], {19}
     c4c:	05050106 	streq	r0, [r5, #-262]	@ 0xfffffefa
     c50:	0a058306 	beq	161870 <FIQ_STACK_POINTER+0x15d870>
     c54:	00140501 	andseq	r0, r4, r1, lsl #10
     c58:	01020402 	tsteq	r2, r2, lsl #8
     c5c:	02001d05 	andeq	r1, r0, #320	@ 0x140
     c60:	05010304 	streq	r0, [r1, #-772]	@ 0xfffffcfc
     c64:	01780314 	cmneq	r8, r4, lsl r3
     c68:	05130505 	ldreq	r0, [r3, #-1285]	@ 0xfffffafb
     c6c:	04020028 	streq	r0, [r2], #-40	@ 0xffffffd8
     c70:	05190603 	ldreq	r0, [r9, #-1539]	@ 0xfffff9fd
     c74:	2e790307 	cdpcs	3, 7, cr0, cr9, cr7, {0}
     c78:	2f060505 	svccs	0x00060505
     c7c:	01062105 	tsteq	r6, r5, lsl #2
     c80:	02001405 	andeq	r1, r0, #83886080	@ 0x5000000
     c84:	05340204 	ldreq	r0, [r4, #-516]!	@ 0xfffffdfc
     c88:	04020021 	streq	r0, [r2], #-33	@ 0xffffffdf
     c8c:	2e7a0302 	cdpcs	3, 7, cr0, cr10, cr2, {0}
     c90:	01040200 	mrseq	r0, R12_usr
     c94:	0402002e 	streq	r0, [r2], #-46	@ 0xffffffd2
     c98:	14052e01 	strne	r2, [r5], #-3585	@ 0xfffff1ff
     c9c:	02040200 	andeq	r0, r4, #0, 4
     ca0:	00260518 	eoreq	r0, r6, r8, lsl r5
     ca4:	2e030402 	cdpcs	4, 0, cr0, cr3, cr2, {0}
     ca8:	02001905 	andeq	r1, r0, #81920	@ 0x14000
     cac:	2e060304 	cdpcs	3, 0, cr0, cr6, cr4, {0}
     cb0:	02001405 	andeq	r1, r0, #83886080	@ 0x5000000
     cb4:	05010204 	streq	r0, [r1, #-516]	@ 0xfffffdfc
     cb8:	0d052f05 	stceq	15, cr2, [r5, #-20]	@ 0xffffffec
     cbc:	28050106 	stmdacs	r5, {r1, r2, r8}
     cc0:	2e2e7503 	cfsh64cs	mvdx7, mvdx14, #3
     cc4:	0b030d05 	bleq	c40e0 <FIQ_STACK_POINTER+0xc00e0>
     cc8:	06050501 	streq	r0, [r5], -r1, lsl #10
     ccc:	030d052f 	movweq	r0, #54575	@ 0xd52f
     cd0:	28050174 	stmdacs	r5, {r2, r4, r5, r6, r8}
     cd4:	052e0601 	streq	r0, [lr, #-1537]!	@ 0xfffff9ff
     cd8:	1f030609 	svcne	0x00030609
     cdc:	030d0501 	movweq	r0, #54529	@ 0xd501
     ce0:	28050161 	stmdacs	r5, {r0, r5, r6, r8}
     ce4:	054a0601 	strbeq	r0, [sl, #-1537]	@ 0xfffff9ff
     ce8:	01210301 			@ <UNDEFINED> instruction: 0x01210301
     cec:	01000a02 	tsteq	r0, r2, lsl #20
     cf0:	00027201 	andeq	r7, r2, r1, lsl #4
     cf4:	ea000300 	b	18fc <stack_top+0x24>
     cf8:	02000000 	andeq	r0, r0, #0
     cfc:	0d0efb01 	vstreq	d15, [lr, #-4]
     d00:	01010100 	mrseq	r0, (UNDEF: 17)
     d04:	00000001 	andeq	r0, r0, r1
     d08:	01000001 	tsteq	r0, r1
     d0c:	2f637273 	svccs	0x00637273
     d10:	652f7374 	strvs	r7, [pc, #-884]!	@ 9a4 <main+0xf0>
     d14:	616d6874 	smcvs	54916	@ 0xd684
     d18:	617a5f63 	cmnvs	sl, r3, ror #30
     d1c:	742f0070 	strtvc	r0, [pc], #-112	@ d24 <main+0x470>
     d20:	736c6f6f 	cmnvc	ip, #444	@ 0x1bc
     d24:	6c69582f 	stclvs	8, cr5, [r9], #-188	@ 0xffffff44
     d28:	2f786e69 	svccs	0x00786e69
     d2c:	69746956 	ldmdbvs	r4!, {r1, r2, r4, r6, r8, fp, sp, lr}^
     d30:	30322f73 	eorscc	r2, r2, r3, ror pc
     d34:	322e3432 	eorcc	r3, lr, #838860800	@ 0x32000000
     d38:	756e672f 	strbvc	r6, [lr, #-1839]!	@ 0xfffff8d1
     d3c:	7261612f 	rsbvc	r6, r1, #-1073741813	@ 0xc000000b
     d40:	32336863 	eorscc	r6, r3, #6488064	@ 0x630000
     d44:	6e696c2f 	cdpvs	12, 6, cr6, cr9, cr15, {1}
     d48:	6363672f 	cmnvs	r3, #12320768	@ 0xbc0000
     d4c:	6d72612d 	ldfvse	f6, [r2, #-180]!	@ 0xffffff4c
     d50:	6e6f6e2d 	cdpvs	14, 6, cr6, cr15, cr13, {1}
     d54:	61652d65 	cmnvs	r5, r5, ror #26
     d58:	782f6962 	stmdavc	pc!, {r1, r5, r6, r8, fp, sp, lr}	@ <UNPREDICTABLE>
     d5c:	365f3638 			@ <UNDEFINED> instruction: 0x365f3638
     d60:	656f2d34 	strbvs	r2, [pc, #-3380]!	@ 34 <_Dabt>
     d64:	2d6b6473 	cfstrdcs	mvd6, [fp, #-460]!	@ 0xfffffe34
     d68:	756e696c 	strbvc	r6, [lr, #-2412]!	@ 0xfffff694
     d6c:	73752f78 	cmnvc	r5, #120, 30	@ 0x1e0
     d70:	696c2f72 	stmdbvs	ip!, {r1, r4, r5, r6, r8, r9, sl, fp, sp}^
     d74:	72612f62 	rsbvc	r2, r1, #392	@ 0x188
     d78:	69782d6d 	ldmdbvs	r8!, {r0, r2, r3, r5, r6, r8, sl, fp, sp}^
     d7c:	786e696c 	stmdavc	lr!, {r2, r3, r5, r6, r8, fp, sp, lr}^
     d80:	6261652d 	rsbvs	r6, r1, #188743680	@ 0xb400000
     d84:	63672f69 	cmnvs	r7, #420	@ 0x1a4
     d88:	72612f63 	rsbvc	r2, r1, #396	@ 0x18c
     d8c:	69782d6d 	ldmdbvs	r8!, {r0, r2, r3, r5, r6, r8, sl, fp, sp}^
     d90:	786e696c 	stmdavc	lr!, {r2, r3, r5, r6, r8, fp, sp, lr}^
     d94:	6261652d 	rsbvs	r6, r1, #188743680	@ 0xb400000
     d98:	33312f69 	teqcc	r1, #420	@ 0x1a4
     d9c:	302e332e 	eorcc	r3, lr, lr, lsr #6
     da0:	636e692f 	cmnvs	lr, #770048	@ 0xbc000
     da4:	6564756c 	strbvs	r7, [r4, #-1388]!	@ 0xfffffa94
     da8:	74650000 	strbtvc	r0, [r5], #-0
     dac:	63616d68 	cmnvs	r1, #104, 26	@ 0x1a00
     db0:	7172695f 	cmnvc	r2, pc, asr r9
     db4:	0100632e 	tsteq	r0, lr, lsr #6
     db8:	74650000 	strbtvc	r0, [r5], #-0
     dbc:	63616d68 	cmnvs	r1, #104, 26	@ 0x1a00
     dc0:	70617a5f 	rsbvc	r7, r1, pc, asr sl
     dc4:	0100682e 	tsteq	r0, lr, lsr #16
     dc8:	74730000 	ldrbtvc	r0, [r3], #-0
     dcc:	746e6964 	strbtvc	r6, [lr], #-2404	@ 0xfffff69c
     dd0:	6363672d 	cmnvs	r3, #11796480	@ 0xb40000
     dd4:	0200682e 	andeq	r6, r0, #3014656	@ 0x2e0000
     dd8:	61750000 	cmnvs	r5, r0
     ddc:	682e7472 	stmdavs	lr!, {r1, r4, r5, r6, sl, ip, sp, lr}
     de0:	00000100 	andeq	r0, r0, r0, lsl #2
     de4:	00010500 	andeq	r0, r1, r0, lsl #10
     de8:	04f00205 	ldrbteq	r0, [r0], #517	@ 0x205
     dec:	13030000 	movwne	r0, #12288	@ 0x3000
     df0:	13050501 	movwne	r0, #21761	@ 0x5501
     df4:	18050204 	stmdane	r5, {r2, r9}
     df8:	05011a03 	streq	r1, [r1, #-2563]	@ 0xfffff5fd
     dfc:	37050130 	smladxcc	r5, r0, r1, r0
     e00:	01040106 	tsteq	r4, r6, lsl #2
     e04:	65030105 	strvs	r0, [r3, #-261]	@ 0xfffffefb
     e08:	0502042e 	streq	r0, [r2, #-1070]	@ 0xfffffbd2
     e0c:	2e1b0337 	mrccs	3, 0, r0, cr11, cr7, {1}
     e10:	0501042e 	streq	r0, [r1, #-1070]	@ 0xfffffbd2
     e14:	67030605 	strvs	r0, [r3, -r5, lsl #12]
     e18:	06010501 	streq	r0, [r1], -r1, lsl #10
     e1c:	30080510 	andcc	r0, r8, r0, lsl r5
     e20:	4d060505 	cfstr32mi	mvfx0, [r6, #-20]	@ 0xffffffec
     e24:	14050204 	strne	r0, [r5], #-516	@ 0xfffffdfc
     e28:	05011503 	streq	r1, [r1, #-1283]	@ 0xfffffafd
     e2c:	01040139 	tsteq	r4, r9, lsr r1
     e30:	03060805 	movweq	r0, #26629	@ 0x6805
     e34:	0204016d 	andeq	r0, r4, #1073741851	@ 0x4000001b
     e38:	13035005 	movwne	r5, #12293	@ 0x3005
     e3c:	01042e2e 	tsteq	r4, lr, lsr #28
     e40:	03060505 	movweq	r0, #25861	@ 0x6505
     e44:	0805016d 	stmdaeq	r5, {r0, r2, r3, r5, r6, r8}
     e48:	27050106 	strcs	r0, [r5, -r6, lsl #2]
     e4c:	052e6f03 	streq	r6, [lr, #-3843]!	@ 0xfffff0fd
     e50:	1403060d 	strne	r0, [r3], #-1549	@ 0xfffff9f3
     e54:	06110582 	ldreq	r0, [r1], -r2, lsl #11
     e58:	00100501 	andseq	r0, r0, r1, lsl #10
     e5c:	66010402 	strvs	r0, [r1], -r2, lsl #8
     e60:	4b061105 	blmi	18527c <FIQ_STACK_POINTER+0x18127c>
     e64:	6b030d05 	blvs	c4280 <FIQ_STACK_POINTER+0xc0280>
     e68:	01270501 			@ <UNDEFINED> instruction: 0x01270501
     e6c:	11054a06 	tstne	r5, r6, lsl #20
     e70:	01160306 	tsteq	r6, r6, lsl #6
     e74:	03061705 	movweq	r1, #26373	@ 0x6705
     e78:	1105016d 	tstne	r5, sp, ror #2
     e7c:	052e1303 	streq	r1, [lr, #-771]!	@ 0xfffffcfd
     e80:	6b03060d 	blvs	c26bc <FIQ_STACK_POINTER+0xbe6bc>
     e84:	1303052e 	movwne	r0, #13614	@ 0x352e
     e88:	01110513 	tsteq	r1, r3, lsl r5
     e8c:	05011d05 	streq	r1, [r1, #-3333]	@ 0xfffff2fb
     e90:	08051303 	stmdaeq	r5, {r0, r1, r8, r9, ip}
     e94:	00110501 	andseq	r0, r1, r1, lsl #10
     e98:	01010402 	tsteq	r1, r2, lsl #8
     e9c:	11061705 	tstne	r6, r5, lsl #14
     ea0:	02001905 	andeq	r1, r0, #81920	@ 0x14000
     ea4:	67060304 	strvs	r0, [r6, -r4, lsl #6]
     ea8:	02002605 	andeq	r2, r0, #5242880	@ 0x500000
     eac:	01060304 	tsteq	r6, r4, lsl #6
     eb0:	02001105 	andeq	r1, r0, #1073741825	@ 0x40000001
     eb4:	052e0104 	streq	r0, [lr, #-260]!	@ 0xfffffefc
     eb8:	04020031 	streq	r0, [r2], #-49	@ 0xffffffcf
     ebc:	21052e03 	tstcs	r5, r3, lsl #28
     ec0:	03040200 	movweq	r0, #16896	@ 0x4200
     ec4:	0011052e 	andseq	r0, r1, lr, lsr #10
     ec8:	2e010402 	cdpcs	4, 0, cr0, cr1, cr2, {0}
     ecc:	02002105 	andeq	r2, r0, #1073741825	@ 0x40000001
     ed0:	052e0304 	streq	r0, [lr, #-772]!	@ 0xfffffcfc
     ed4:	04020015 	streq	r0, [r2], #-21	@ 0xffffffeb
     ed8:	052e0603 	streq	r0, [lr, #-1539]!	@ 0xfffff9fd
     edc:	04020011 	streq	r0, [r2], #-17	@ 0xffffffef
     ee0:	03050101 	movweq	r0, #20737	@ 0x5101
     ee4:	060a052f 	streq	r0, [sl], -pc, lsr #10
     ee8:	2e0e0501 	cfsh32cs	mvfx0, mvfx14, #1
     eec:	052e0a05 	streq	r0, [lr, #-2565]!	@ 0xfffff5fb
     ef0:	062e060e 	strteq	r0, [lr], -lr, lsl #12
     ef4:	0611052e 	ldreq	r0, [r1], -lr, lsr #10
     ef8:	05011203 	streq	r1, [r1, #-515]	@ 0xfffffdfd
     efc:	0169030d 	cmneq	r9, sp, lsl #6
     f00:	06012705 	streq	r2, [r1], -r5, lsl #14
     f04:	001b054a 	andseq	r0, fp, sl, asr #10
     f08:	06020402 	streq	r0, [r2], -r2, lsl #8
     f0c:	05011303 	streq	r1, [r1, #-771]	@ 0xfffffcfd
     f10:	04020017 	streq	r0, [r2], #-23	@ 0xffffffe9
     f14:	05050101 	streq	r0, [r5, #-257]	@ 0xfffffeff
     f18:	06080552 			@ <UNDEFINED> instruction: 0x06080552
     f1c:	06050501 	streq	r0, [r5], -r1, lsl #10
     f20:	0608054b 	streq	r0, [r8], -fp, asr #10
     f24:	4b010501 	blmi	42330 <FIQ_STACK_POINTER+0x3e330>
     f28:	02001805 	andeq	r1, r0, #327680	@ 0x50000
     f2c:	49060104 	stmdbmi	r6, {r2, r8}
     f30:	64030d05 	strvs	r0, [r3], #-3333	@ 0xfffff2fb
     f34:	01270501 			@ <UNDEFINED> instruction: 0x01270501
     f38:	03060105 	movweq	r0, #24837	@ 0x6105
     f3c:	27052e1d 	smladcs	r5, sp, lr, r2
     f40:	2e4a6303 	cdpcs	3, 4, cr6, cr10, cr3, {0}
     f44:	02001805 	andeq	r1, r0, #327680	@ 0x50000
     f48:	03060104 	movweq	r0, #24836	@ 0x6104
     f4c:	0d05011b 	stfeqs	f0, [r5, #-108]	@ 0xffffff94
     f50:	05016503 	streq	r6, [r1, #-1283]	@ 0xfffffafd
     f54:	4a060127 	bmi	1813f8 <FIQ_STACK_POINTER+0x17d3f8>
     f58:	03060505 	movweq	r0, #25861	@ 0x6505
     f5c:	0805011c 	stmdaeq	r5, {r2, r3, r4, r8}
     f60:	12020106 	andne	r0, r2, #-2147483647	@ 0x80000001
     f64:	f0010100 			@ <UNDEFINED> instruction: 0xf0010100
     f68:	03000001 	movweq	r0, #1
     f6c:	00002f00 	andeq	r2, r0, r0, lsl #30
     f70:	fb010200 	blx	4177a <FIQ_STACK_POINTER+0x3d77a>
     f74:	01000d0e 	tsteq	r0, lr, lsl #26
     f78:	00010101 	andeq	r0, r1, r1, lsl #2
     f7c:	00010000 	andeq	r0, r1, r0
     f80:	72730100 	rsbsvc	r0, r3, #0, 2
     f84:	73742f63 	cmnvc	r4, #396	@ 0x18c
     f88:	6874652f 	ldmdavs	r4!, {r0, r1, r2, r3, r5, r8, sl, sp, lr}^
     f8c:	5f63616d 	svcpl	0x0063616d
     f90:	0070617a 	rsbseq	r6, r0, sl, ror r1
     f94:	72617500 	rsbvc	r7, r1, #0, 10
     f98:	00632e74 	rsbeq	r2, r3, r4, ror lr
     f9c:	00000001 	andeq	r0, r0, r1
     fa0:	05000105 	streq	r0, [r0, #-261]	@ 0xfffffefb
     fa4:	0005e402 	andeq	lr, r5, r2, lsl #8
     fa8:	011b0300 	tsteq	fp, r0, lsl #6
     fac:	05140805 	ldreq	r0, [r4, #-2053]	@ 0xfffff7fb
     fb0:	04020010 	streq	r0, [r2], #-16
     fb4:	05050101 	streq	r0, [r5, #-257]	@ 0xfffffeff
     fb8:	0100d303 	tsteq	r0, r3, lsl #6
     fbc:	14130905 	ldrne	r0, [r3], #-2309	@ 0xfffff6fb
     fc0:	03060105 	movweq	r0, #24837	@ 0x6105
     fc4:	05017fa8 	streq	r7, [r1, #-4008]	@ 0xfffff058
     fc8:	00d6030e 	sbcseq	r0, r6, lr, lsl #6
     fcc:	300c052e 	andcc	r0, ip, lr, lsr #10
     fd0:	06080566 	streq	r0, [r8], -r6, ror #10
     fd4:	017fad03 	cmneq	pc, r3, lsl #26
     fd8:	17053114 	smladne	r5, r4, r1, r3
     fdc:	01050106 	tsteq	r5, r6, lsl #2
     fe0:	0010052f 	andseq	r0, r0, pc, lsr #10
     fe4:	06010402 	streq	r0, [r1], -r2, lsl #8
     fe8:	052e7703 	streq	r7, [lr, #-1795]!	@ 0xfffff8fd
     fec:	00d30305 	sbcseq	r0, r3, r5, lsl #6
     ff0:	13090501 	movwne	r0, #38145	@ 0x9501
     ff4:	05010614 	streq	r0, [r1, #-1556]	@ 0xfffff9ec
     ff8:	04020010 	streq	r0, [r2], #-16
     ffc:	aa030601 	bge	c2808 <FIQ_STACK_POINTER+0xbe808>
    1000:	0505017f 	streq	r0, [r5, #-383]	@ 0xfffffe81
    1004:	0100d303 	tsteq	r0, r3, lsl #6
    1008:	14130905 	ldrne	r0, [r3], #-2309	@ 0xfffff6fb
    100c:	42030105 	andmi	r0, r3, #1073741825	@ 0x40000001
    1010:	1409052e 	strne	r0, [r9], #-1326	@ 0xfffffad2
    1014:	061b0513 			@ <UNDEFINED> instruction: 0x061b0513
    1018:	03140511 	tsteq	r4, #71303168	@ 0x4400000
    101c:	1b054a35 	blne	1538f8 <FIQ_STACK_POINTER+0x14f8f8>
    1020:	2f2e4c03 	svccs	0x002e4c03
    1024:	052f2a05 	streq	r2, [pc, #-2565]!	@ 627 <UARTInit+0x1f>
    1028:	2e320314 	mrccs	3, 1, r0, cr2, cr4, {0}
    102c:	4c031b05 			@ <UNDEFINED> instruction: 0x4c031b05
    1030:	0609052e 	streq	r0, [r9], -lr, lsr #10
    1034:	061b052f 	ldreq	r0, [fp], -pc, lsr #10
    1038:	06090501 	streq	r0, [r9], -r1, lsl #10
    103c:	061b052f 	ldreq	r0, [fp], -pc, lsr #10
    1040:	06090501 	streq	r0, [r9], -r1, lsl #10
    1044:	03060531 	movweq	r0, #25905	@ 0x6531
    1048:	09050129 	stmdbeq	r5, {r0, r3, r5, r8}
    104c:	01570313 	cmpeq	r7, r3, lsl r3
    1050:	2d030605 	stccs	6, cr0, [r3, #-20]	@ 0xffffffec
    1054:	13090501 	movwne	r0, #38145	@ 0x9501
    1058:	01061405 	tsteq	r6, r5, lsl #8
    105c:	53030105 	movwpl	r0, #12549	@ 0x3105
    1060:	0532062e 	ldreq	r0, [r2, #-1582]!	@ 0xfffff9d2
    1064:	14131309 	ldrne	r1, [r3], #-777	@ 0xfffffcf7
    1068:	0e030505 	cfsh32eq	mvfx0, mvfx3, #5
    106c:	14090501 	strne	r0, [r9], #-1281	@ 0xfffffaff
    1070:	14051413 	strne	r1, [r5], #-1043	@ 0xfffffbed
    1074:	83110501 	tsthi	r1, #4194304	@ 0x400000
    1078:	05111405 	ldreq	r1, [r1, #-1029]	@ 0xfffffbfb
    107c:	05010610 	streq	r0, [r1, #-1552]	@ 0xfffff9f0
    1080:	4a4a4a14 	bmi	12938d8 <FIQ_STACK_POINTER+0x128f8d8>
    1084:	2e2e7703 	cdpcs	7, 2, cr7, cr14, cr3, {0}
    1088:	03061105 	movweq	r1, #24837	@ 0x6105
    108c:	06050179 			@ <UNDEFINED> instruction: 0x06050179
    1090:	14090533 	strne	r0, [r9], #-1331	@ 0xfffffacd
    1094:	01061405 	tsteq	r6, r5, lsl #8
    1098:	0018052e 	andseq	r0, r8, lr, lsr #10
    109c:	06030402 	streq	r0, [r3], -r2, lsl #8
    10a0:	05017803 	streq	r7, [r1, #-2051]	@ 0xfffff7fd
    10a4:	04020012 	streq	r0, [r2], #-18	@ 0xffffffee
    10a8:	01050101 	tsteq	r5, r1, lsl #2
    10ac:	1309056d 	movwne	r0, #38253	@ 0x956d
    10b0:	01061405 	tsteq	r6, r5, lsl #8
    10b4:	064b0105 	strbeq	r0, [fp], -r5, lsl #2
    10b8:	13090532 	movwne	r0, #38194	@ 0x9532
    10bc:	14051413 	strne	r1, [r5], #-1043	@ 0xfffffbed
    10c0:	83110501 	tsthi	r1, #4194304	@ 0x400000
    10c4:	06111405 	ldreq	r1, [r1], -r5, lsl #8
    10c8:	4b12054a 	blmi	4825f8 <FIQ_STACK_POINTER+0x47e5f8>
    10cc:	470b052e 	strmi	r0, [fp, -lr, lsr #10]
    10d0:	33060905 	movwcc	r0, #26885	@ 0x6905
    10d4:	13060105 	movwne	r0, #24837	@ 0x6105
    10d8:	31062305 	tstcc	r6, r5, lsl #6
    10dc:	05130905 	ldreq	r0, [r3, #-2309]	@ 0xfffff6fb
    10e0:	05010614 	streq	r0, [r1, #-1556]	@ 0xfffff9ec
    10e4:	1a058301 	bne	161cf0 <FIQ_STACK_POINTER+0x15dcf0>
    10e8:	09053106 	stmdbeq	r5, {r1, r2, r8, ip, sp}
    10ec:	06140513 			@ <UNDEFINED> instruction: 0x06140513
    10f0:	83010501 	movwhi	r0, #5377	@ 0x1501
    10f4:	31061a05 	tstcc	r6, r5, lsl #20
    10f8:	05130905 	ldreq	r0, [r3, #-2309]	@ 0xfffff6fb
    10fc:	05010614 	streq	r0, [r1, #-1556]	@ 0xfffff9ec
    1100:	1e058301 	cdpne	3, 0, cr8, cr5, cr1, {0}
    1104:	09053106 	stmdbeq	r5, {r1, r2, r8, ip, sp}
    1108:	0e051413 	cfmvdlreq	mvd5, r1
    110c:	0c051006 	stceq	0, cr1, [r5], {6}
    1110:	4e010530 	cfmv64hrmi	mvdx1, r0
    1114:	4d061905 	vstrmi.16	s2, [r6, #-10]	@ <UNPREDICTABLE>
    1118:	05130905 	ldreq	r0, [r3, #-2309]	@ 0xfffff6fb
    111c:	05010610 	streq	r0, [r1, #-1552]	@ 0xfffff9f0
    1120:	04022f01 	streq	r2, [r2], #-3841	@ 0xfffff0ff
    1124:	05010100 	streq	r0, [r1, #-256]	@ 0xffffff00
    1128:	02050001 	andeq	r0, r5, #1
    112c:	000008b4 			@ <UNDEFINED> instruction: 0x000008b4
    1130:	05012903 	streq	r2, [r1, #-2307]	@ 0xfffff6fd
    1134:	01051409 	tsteq	r5, r9, lsl #8
    1138:	09051006 	stmdbeq	r5, {r1, r2, ip}
    113c:	052f0630 	streq	r0, [pc, #-1584]!	@ b14 <main+0x260>
    1140:	01350306 	teqeq	r5, r6, lsl #6
    1144:	05130905 	ldreq	r0, [r3, #-2309]	@ 0xfffff6fb
    1148:	05010614 	streq	r0, [r1, #-1556]	@ 0xfffff9ec
    114c:	4c030609 	stcmi	6, cr0, [r3], {9}
    1150:	01053082 	smlabbeq	r5, r2, r0, r3
    1154:	04021306 	streq	r1, [r2], #-774	@ 0xfffffcfa
    1158:	Address 0x1158 is out of bounds.


Disassembly of section .debug_info:

00000000 <.debug_info>:
       0:	00000022 	andeq	r0, r0, r2, lsr #32
       4:	00000002 	andeq	r0, r0, r2
       8:	01040000 	mrseq	r0, (UNDEF: 4)
       c:	00000000 	andeq	r0, r0, r0
      10:	00000024 	andeq	r0, r0, r4, lsr #32
      14:	000000b0 	strheq	r0, [r0], -r0	@ <UNPREDICTABLE>
      18:	00000000 	andeq	r0, r0, r0
      1c:	00000019 	andeq	r0, r0, r9, lsl r0
      20:	00000035 	andeq	r0, r0, r5, lsr r0
_Reset   : b there
      24:	11048001 	tstne	r4, r1
_Undef   : b _Undef
      28:	00050000 	andeq	r0, r5, r0
_Swi     : b _Swi
      2c:	00140401 	andseq	r0, r4, r1, lsl #8
_Pabt    : b _Pabt
      30:	3b1f0000 	blcc	7c0038 <FIQ_STACK_POINTER+0x7bc038>
_Dabt    : b _Dabt
      34:	1d000002 	stcne	0, cr0, [r0, #-8]
reserved : b reserved
      38:	000001ab 	andeq	r0, r0, fp, lsr #3
irq      : b sc_call
      3c:	00000019 	andeq	r0, r0, r9, lsl r0
fiq      : b sc_call
      40:	000000b0 	strheq	r0, [r0], -r0	@ <UNPREDICTABLE>
sub r14, r14, #4
      44:	0000036c 	andeq	r0, r0, ip, ror #6
stmfd sp!, {r0-r12, r14}
      48:	00000067 	andeq	r0, r0, r7, rrx
bl irq_handler
      4c:	61070807 	tstvs	r7, r7, lsl #16
ldmfd sp!, {r0-r12, pc}^
      50:	07000000 	streq	r0, [r0, -r0]
mrs r2, cpsr
      54:	006b0704 	rsbeq	r0, fp, r4, lsl #14
bic r2, r2, #31
      58:	01070000 	mrseq	r0, (UNDEF: 7)
orr r2, r2, #18
      5c:	00015b08 	andeq	r5, r1, r8, lsl #22
msr cpsr_c, r2
      60:	06010700 	streq	r0, [r1], -r0, lsl #14
ldr sp, =IRQ_STACK_POINTER
      64:	0000015d 	andeq	r0, r0, sp, asr r1
mrs r2, cpsr
      68:	79050207 	stmdbvc	r5, {r0, r1, r2, r9}
bic r2, r2, #31
      6c:	07000001 	streq	r0, [r0, -r1]
orr r2, r2, #17
      70:	00a10504 	adceq	r0, r1, r4, lsl #10
msr cpsr_c, r2
      74:	08070000 	stmdaeq	r7, {}	@ <UNPREDICTABLE>
ldr sp, =FIQ_STACK_POINTER
      78:	00009c05 	andeq	r9, r0, r5, lsl #24
mrs r2, cpsr
      7c:	021b0a00 	andseq	r0, fp, #0, 20
bic r1, r1, #31
      80:	2e030000 	cdpcs	0, 0, cr0, cr3, cr0, {0}
orr r1, r1, #16
      84:	00003418 	andeq	r3, r0, r8, lsl r4
bic r1, r1, #0xC0
      88:	00571800 	subseq	r1, r7, r0, lsl #16
msr cpsr_c, r1
      8c:	c90a0000 	stmdbgt	sl, {}	@ <UNPREDICTABLE>
ldr r0, =VIC_BASE_ADDRESS // VIC base address.
      90:	03000000 	movweq	r0, #0
add r0, r0, #4            // Move to INT_MASK
      94:	00741931 	rsbseq	r1, r4, r1, lsr r9
mov r1, #0                // Prepare mask value
      98:	02070000 	andeq	r0, r7, #0
str r1, [r0]              // Unmask all interrupt sources.
      9c:	0000ea07 	andeq	lr, r0, r7, lsl #20
ldr r1, [r0]              // No change to R1 value.
      a0:	01960a00 	orrseq	r0, r6, r0, lsl #20
ldr sp, =USER_STACK_POINTER
      a4:	34030000 	strcc	r0, [r3], #-0
bl main
      a8:	00008c19 	andeq	r8, r0, r9, lsl ip
here: b here
      ac:	007b2000 	rsbseq	r2, fp, r0
static inline uint32_t eth_readl(uintptr_t a){ return *(volatile uint32_t*)a; }
      b0:	04070000 	streq	r0, [r7], #-0
      b4:	00006607 	andeq	r6, r0, r7, lsl #12
    while (eth_readl(ETH_MIICOMMAND) & (MIICOMMAND_RSTAT | MIICOMMAND_WCTRLDATA)) { /* spin */ }
      b8:	05042100 	streq	r2, [r4, #-256]	@ 0xffffff00
      bc:	00746e69 	rsbseq	r6, r4, r9, ror #28
    eth_writel(((uint32_t)phy << MIIADDR_PHY_SHIFT) | ((uint32_t)reg << MIIADDR_REG_SHIFT), ETH_MIIADDRESS);
      c0:	00002d18 	andeq	r2, r0, r8, lsl sp
      c4:	00570a00 	subseq	r0, r7, r0, lsl #20
static inline void eth_writel(uint32_t v, uintptr_t a){ *(volatile uint32_t*)a = v; }
      c8:	56030000 	strpl	r0, [r3], -r0
      cc:	00002d1a 	andeq	r2, r0, sl, lsl sp
      d0:	02082200 	andeq	r2, r8, #0, 4
      d4:	00cf096d 	sbceq	r0, pc, sp, ror #18
static inline uint32_t eth_readl(uintptr_t a){ return *(volatile uint32_t*)a; }
      d8:	82230000 	eorhi	r0, r3, #0
    while (eth_readl(ETH_MIICOMMAND) & (MIICOMMAND_RSTAT | MIICOMMAND_WCTRLDATA)) { /* spin */ }
      dc:	02000000 	andeq	r0, r0, #0
      e0:	0087176e 	addeq	r1, r7, lr, ror #14
      e4:	24000000 	strcs	r0, [r0], #-0
      e8:	00727470 	rsbseq	r7, r2, r0, ror r4
      ec:	87176f02 	ldrhi	r6, [r7, -r2, lsl #30]
      f0:	04000000 	streq	r0, [r0], #-0
      f4:	02120a00 	andseq	r0, r2, #0, 20
    eth_writel(((uint32_t)phy << MIIADDR_PHY_SHIFT) | ((uint32_t)reg << MIIADDR_REG_SHIFT), ETH_MIIADDRESS);
      f8:	70020000 	andvc	r0, r2, r0
static inline void eth_writel(uint32_t v, uintptr_t a){ *(volatile uint32_t*)a = v; }
      fc:	0000ab03 	andeq	sl, r0, r3, lsl #22
static inline uint32_t eth_readl(uintptr_t a){ return *(volatile uint32_t*)a; }
     100:	00500a00 	subseq	r0, r0, r0, lsl #20
static inline void eth_writel(uint32_t v, uintptr_t a){ *(volatile uint32_t*)a = v; }
     104:	d6040000 	strle	r0, [r4], -r0
     108:	00002d17 	andeq	r2, r0, r7, lsl sp
static inline uint32_t eth_readl(uintptr_t a){ return *(volatile uint32_t*)a; }
     10c:	04080700 	streq	r0, [r8], #-1792	@ 0xfffff900
    while (eth_readl(ETH_MIICOMMAND) & (MIICOMMAND_RSTAT | MIICOMMAND_WCTRLDATA)) { /* spin */ }
     110:	0000011d 	andeq	r0, r0, sp, lsl r1
     114:	ee190425 	cfmuld	mvd0, mvd9, mvd5
     118:	07000000 	streq	r0, [r0, -r0]
}
     11c:	01640801 	cmneq	r4, r1, lsl #16
     120:	aa260000 	bge	980128 <FIQ_STACK_POINTER+0x97c128>
     124:	05000000 	streq	r0, [r0, #-0]
static inline void eth_writel(uint32_t v, uintptr_t a){ *(volatile uint32_t*)a = v; }
     128:	00ee091f 	rsceq	r0, lr, pc, lsl r9
     12c:	011c0000 	tsteq	ip, r0
     130:	f0110000 			@ <UNDEFINED> instruction: 0xf0110000
int eth_init(const uint8_t mac[6]){
     134:	11000000 	mrsne	r0, (UNDEF: 0)
     138:	00000121 	andeq	r0, r0, r1, lsr #2
     13c:	0000db11 	andeq	sp, r0, r1, lsl fp
static inline uint32_t eth_readl(uintptr_t a){ return *(volatile uint32_t*)a; }
     140:	26120000 	ldrcs	r0, [r2], -r0
    while (eth_readl(ETH_MIICOMMAND) & (MIICOMMAND_RSTAT | MIICOMMAND_WCTRLDATA)) { /* spin */ }
     144:	19000001 	stmdbne	r0, {r0}
     148:	0000011c 	andeq	r0, r0, ip, lsl r1
static inline void eth_writel(uint32_t v, uintptr_t a){ *(volatile uint32_t*)a = v; }
     14c:	00de1327 	sbcseq	r1, lr, r7, lsr #6
     150:	938f0000 	orrls	r0, pc, #0
static inline uint32_t eth_readl(uintptr_t a){ return *(volatile uint32_t*)a; }
     154:	b8000000 	stmdalt	r0, {}	@ <UNPREDICTABLE>
static inline void eth_writel(uint32_t v, uintptr_t a){ *(volatile uint32_t*)a = v; }
     158:	64000003 	strvs	r0, [r0], #-3
     15c:	01000000 	mrseq	r0, (UNDEF: 0)
static inline uint32_t eth_readl(uintptr_t a){ return *(volatile uint32_t*)a; }
     160:	0001d39c 	muleq	r1, ip, r3
     164:	02001a00 	andeq	r1, r0, #0, 20
     168:	178f0000 	strne	r0, [pc, r0]
     16c:	000000ee 	andeq	r0, r0, lr, ror #1
    phy_write(PHY_BMCR, (bmcr | BMCR_AN_ENABLE | BMCR_RESTART_AN) & ~BMCR_RESET);
     170:	00000014 	andeq	r0, r0, r4, lsl r0
     174:	0000000c 	andeq	r0, r0, ip
     178:	0002971a 	andeq	r9, r2, sl, lsl r7
     17c:	d32a8f00 			@ <UNDEFINED> instruction: 0xd32a8f00
     180:	47000001 	strmi	r0, [r0, -r1]
    while (eth_readl(ETH_MIICOMMAND) & (MIICOMMAND_RSTAT | MIICOMMAND_WCTRLDATA)) { /* spin */ }
     184:	43000000 	movwmi	r0, #0
     188:	0b000000 	bleq	190 <eth_init+0x68>
static inline void eth_writel(uint32_t v, uintptr_t a){ *(volatile uint32_t*)a = v; }
     18c:	0000020f 	andeq	r0, r0, pc, lsl #4
     190:	9000690c 	andls	r6, r0, ip, lsl #18
     194:	00002d13 	andeq	r2, r0, r3, lsl sp
     198:	00006100 	andeq	r6, r0, r0, lsl #2
static inline uint32_t eth_readl(uintptr_t a){ return *(volatile uint32_t*)a; }
     19c:	00005f00 	andeq	r5, r0, r0, lsl #30
static inline void eth_writel(uint32_t v, uintptr_t a){ *(volatile uint32_t*)a = v; }
     1a0:	021f0b00 	andseq	r0, pc, #0, 22
static inline uint32_t eth_readl(uintptr_t a){ return *(volatile uint32_t*)a; }
     1a4:	730c0000 	movwvc	r0, #49152	@ 0xc000
     1a8:	12910074 	addsne	r0, r1, #116	@ 0x74
     1ac:	0000007b 	andeq	r0, r0, fp, ror r0
     1b0:	0000006c 	andeq	r0, r0, ip, rrx
static inline void eth_writel(uint32_t v, uintptr_t a){ *(volatile uint32_t*)a = v; }
     1b4:	0000006a 	andeq	r0, r0, sl, rrx
static inline uint32_t eth_readl(uintptr_t a){ return *(volatile uint32_t*)a; }
     1b8:	0003e028 	andeq	lr, r3, r8, lsr #32
static inline void eth_writel(uint32_t v, uintptr_t a){ *(volatile uint32_t*)a = v; }
     1bc:	00003c00 	andeq	r3, r0, r0, lsl #24
static inline uint32_t eth_readl(uintptr_t a){ return *(volatile uint32_t*)a; }
     1c0:	656c0c00 	strbvs	r0, [ip, #-3072]!	@ 0xfffff400
     1c4:	1693006e 	ldrne	r0, [r3], lr, rrx
     1c8:	0000002d 	andeq	r0, r0, sp, lsr #32
static inline void eth_writel(uint32_t v, uintptr_t a){ *(volatile uint32_t*)a = v; }
     1cc:	00000078 	andeq	r0, r0, r8, ror r0
     1d0:	00000074 	andeq	r0, r0, r4, ror r0
static inline uint32_t eth_readl(uintptr_t a){ return *(volatile uint32_t*)a; }
     1d4:	00040429 	andeq	r0, r4, r9, lsr #8
     1d8:	0000fc00 	andeq	pc, r0, r0, lsl #24
     1dc:	50011b00 	andpl	r1, r1, r0, lsl #22
     1e0:	a503a309 	strge	sl, [r3, #-777]	@ 0xfffffcf7
     1e4:	2da82600 	stccs	6, cr2, [r8]
     1e8:	011b00a8 	tsteq	fp, r8, lsr #1
     1ec:	00750652 	rsbseq	r0, r5, r2, asr r6
static inline void eth_writel(uint32_t v, uintptr_t a){ *(volatile uint32_t*)a = v; }
     1f0:	25452445 	strbcs	r2, [r5, #-1093]	@ 0xfffffbbb
     1f4:	00000000 	andeq	r0, r0, r0
static inline uint32_t eth_readl(uintptr_t a){ return *(volatile uint32_t*)a; }
     1f8:	002d1200 	eoreq	r1, sp, r0, lsl #4
     1fc:	2c130000 	ldccs	0, cr0, [r3], {-0}
     200:	7f000002 	svcvc	0x00000002
     204:	00000093 	muleq	r0, r3, r0
        if ((b & BMSR_AN_COMPLETE) && (b & BMSR_LINK_STATUS))
     208:	00000364 	andeq	r0, r0, r4, ror #6
     20c:	00000054 	andeq	r0, r0, r4, asr r0
     210:	02469c01 	subeq	r9, r6, #256	@ 0x100
    for (unsigned t=0;t<timeout_ms;t++){
     214:	62140000 	andsvs	r0, r4, #0
     218:	7f006675 	svcvc	0x00006675
    uint32_t lo = (mac[3]) | (mac[2]<<8) | (mac[1]<<16) | (mac[0]<<24);
     21c:	00011c20 	andeq	r1, r1, r0, lsr #24
     220:	00009700 	andeq	r9, r0, r0, lsl #14
     224:	00008d00 	andeq	r8, r0, r0, lsl #26
     228:	656c1400 	strbvs	r1, [ip, #-1024]!	@ 0xfffffc00
     22c:	2e7f006e 	cdpcs	0, 7, cr0, cr15, cr14, {3}
     230:	0000002d 	andeq	r0, r0, sp, lsr #32
    uint32_t hi = (mac[5]) | (mac[4]<<8);
     234:	000000d2 	ldrdeq	r0, [r0], -r2
     238:	000000ce 	andeq	r0, r0, lr, asr #1
     23c:	0001f40b 	andeq	pc, r1, fp, lsl #8
     240:	00690c00 	rsbeq	r0, r9, r0, lsl #24
     244:	002d1382 	eoreq	r1, sp, r2, lsl #7
     248:	00f00000 	rscseq	r0, r0, r0
     24c:	00ea0000 	rsceq	r0, sl, r0
     250:	ff0b0000 			@ <UNDEFINED> instruction: 0xff0b0000
     254:	0c000001 	stceq	0, cr0, [r0], {1}
static inline void eth_writel(uint32_t v, uintptr_t a){ *(volatile uint32_t*)a = v; }
     258:	83007473 	movwhi	r7, #1139	@ 0x473
     25c:	00007b12 	andeq	r7, r0, r2, lsl fp
     260:	00010b00 	andeq	r0, r1, r0, lsl #22
     264:	00010900 	andeq	r0, r1, r0, lsl #18
     268:	00000000 	andeq	r0, r0, r0
     26c:	00015213 	andeq	r5, r1, r3, lsl r2
     270:	00936700 	addseq	r6, r3, r0, lsl #14
     274:	01280000 			@ <UNDEFINED> instruction: 0x01280000
     278:	023c0000 	eorseq	r0, ip, #0
     27c:	9c010000 	stcls	0, cr0, [r1], {-0}
     280:	00000c5e 	andeq	r0, r0, lr, asr ip
    for (unsigned i=0;i<ETH_BD_COUNT;i++){ BD(i)->stat = 0; BD(i)->ptr = 0; }
     284:	63616d14 	cmnvs	r1, #20, 26	@ 0x500
     288:	5e1c6700 	cdppl	7, 1, cr6, cr12, cr0, {0}
     28c:	1700000c 	strne	r0, [r0, -ip]
     290:	13000001 	movwne	r0, #1
     294:	0c000001 	stceq	0, cr0, [r0], {1}
     298:	0e77006d 	cdpeq	0, 7, cr0, cr7, cr13, {3}
     29c:	0000007b 	andeq	r0, r0, fp, ror r0
     2a0:	00000132 	andeq	r0, r0, r2, lsr r1
     2a4:	0000012e 	andeq	r0, r0, lr, lsr #2
     2a8:	000e5502 	andeq	r5, lr, r2, lsl #10
     2ac:	00012800 	andeq	r2, r1, r0, lsl #16
    BD(ETH_TX_BD_NUM-1)->stat = BD_WRAP;           // TX wrap
     2b0:	52000200 	andpl	r0, r0, #0, 4
     2b4:	69000000 	stmdbvs	r0, {}	@ <UNPREDICTABLE>
     2b8:	000002b1 			@ <UNDEFINED> instruction: 0x000002b1
    BD(ETH_BD_COUNT-1)->stat |= BD_WRAP;           // RX wrap
     2bc:	000e6c01 	andeq	r6, lr, r1, lsl #24
     2c0:	00014300 	andeq	r4, r1, r0, lsl #6
     2c4:	00014100 	andeq	r4, r1, r0, lsl #2
     2c8:	0e620100 	poweqs	f0, f2, f0
     2cc:	014f0000 	mrseq	r0, SPSR
        BD(RX_START+i)->ptr  = (uint32_t)buf;
     2d0:	014d0000 	mrseq	r0, (UNDEF: 77)
        BD(RX_START+i)->stat = (BD(RX_START+i)->stat & BD_WRAP) | BD_IRQ | BD_E_R; // EMPTY=1
     2d4:	02000000 	andeq	r0, r0, #0
    for (unsigned i=0;i<RX_COUNT;i++){
     2d8:	00000df6 	strdeq	r0, [r0], -r6
        BD(RX_START+i)->stat = (BD(RX_START+i)->stat & BD_WRAP) | BD_IRQ | BD_E_R; // EMPTY=1
     2dc:	0000013c 	andeq	r0, r0, ip, lsr r1
     2e0:	005c0002 	subseq	r0, ip, r2
     2e4:	f26c0000 	vhadd.s32	d16, d12, d0
    for (unsigned i=0;i<RX_COUNT;i++){
     2e8:	05000002 	streq	r0, [r0, #-2]
     2ec:	00000e55 	andeq	r0, r0, r5, asr lr
static inline uint32_t eth_readl(uintptr_t a){ return *(volatile uint32_t*)a; }
     2f0:	0000013c 	andeq	r0, r0, ip, lsr r1
     2f4:	005c0004 	subseq	r0, ip, r4
     2f8:	05130000 	ldreq	r0, [r3, #-0]
    while (eth_readl(ETH_MIICOMMAND) & (MIICOMMAND_RSTAT | MIICOMMAND_WCTRLDATA)) { /* spin */ }
     2fc:	000e6c01 	andeq	r6, lr, r1, lsl #24
     300:	00015900 	andeq	r5, r1, r0, lsl #18
static inline void eth_writel(uint32_t v, uintptr_t a){ *(volatile uint32_t*)a = v; }
     304:	00015700 	andeq	r5, r1, r0, lsl #14
     308:	0e620100 	poweqs	f0, f2, f0
static inline uint32_t eth_readl(uintptr_t a){ return *(volatile uint32_t*)a; }
     30c:	01660000 	cmneq	r6, r0
static inline void eth_writel(uint32_t v, uintptr_t a){ *(volatile uint32_t*)a = v; }
     310:	01640000 	cmneq	r4, r0
     314:	00000000 	andeq	r0, r0, r0
static inline uint32_t eth_readl(uintptr_t a){ return *(volatile uint32_t*)a; }
     318:	000d1606 	andeq	r1, sp, r6, lsl #12
     31c:	00014000 	andeq	r4, r1, r0
     320:	40000200 	andmi	r0, r0, r0, lsl #4
     324:	dc000001 	stcle	0, cr0, [r0], {1}
static inline void eth_writel(uint32_t v, uintptr_t a){ *(volatile uint32_t*)a = v; }
     328:	6f000000 	svcvs	0x00000000
    if (phy_full_duplex()) m |= MODER_FULLD; else m &= ~MODER_FULLD;
     32c:	00087c0b 	andeq	r7, r8, fp, lsl #24
     330:	0d270100 	stfeqs	f0, [r7, #-0]
     334:	01710000 	cmneq	r1, r0
    m |= MODER_RXEN | MODER_TXEN | MODER_PAD | MODER_CRCEN;
     338:	016f0000 	cmneq	pc, r0
}
     33c:	32080000 	andcc	r0, r8, #0
     340:	7e00000d 	cdpvc	0, 0, cr0, cr0, cr13, {0}
     344:	7c000001 	stcvc	0, cr0, [r0], {1}
     348:	06000001 	streq	r0, [r0], -r1
     34c:	00000d7e 	andeq	r0, r0, lr, ror sp
     350:	00000140 	andeq	r0, r0, r0, asr #2
     354:	01400004 	cmpeq	r0, r4
     358:	00300000 	eorseq	r0, r0, r0
     35c:	102d0000 	eorne	r0, sp, r0
     360:	0000046e 	andeq	r0, r0, lr, ror #8
        uint32_t st = BD(i)->stat;
     364:	000d8f01 	andeq	r8, sp, r1, lsl #30
     368:	00018e00 	andeq	r8, r1, r0, lsl #28
        if ((st & BD_E_R)==0){ // READY==0 → free
     36c:	00018c00 	andeq	r8, r1, r0, lsl #24
     370:	0d9c0300 	ldceq	3, cr0, [ip]
        uint32_t st = BD(i)->stat;
     374:	01400000 	mrseq	r0, (UNDEF: 64)
        if ((st & BD_E_R)==0){ // READY==0 → free
     378:	00060000 	andeq	r0, r6, r0
        uint32_t st = BD(i)->stat;
     37c:	00000140 	andeq	r0, r0, r0, asr #2
        if ((st & BD_E_R)==0){ // READY==0 → free
     380:	00000030 	andeq	r0, r0, r0, lsr r0
    return -1; // no free TX descriptor
     384:	b6012b28 	strlt	r2, [r1], -r8, lsr #22
}
     388:	9900000d 	stmdbls	r0, {r0, r2, r3}
        uint32_t st = BD(i)->stat;
     38c:	97000001 	strls	r0, [r0, -r1]
            BD(i)->stat = (st & BD_WRAP) | BD_IRQ | BD_TX_PAD | BD_TX_CRC | BD_E_R | (len & BD_LEN_MASK);
     390:	01000001 	tsteq	r0, r1
     394:	00000daa 	andeq	r0, r0, sl, lsr #27
     398:	000001a4 	andeq	r0, r0, r4, lsr #3
     39c:	000001a2 	andeq	r0, r0, r2, lsr #3
     3a0:	000e3106 	andeq	r3, lr, r6, lsl #2
            BD(i)->ptr  = (uint32_t)buf;  // physical address expected
     3a4:	00014000 	andeq	r4, r1, r0
            return 0;
     3a8:	40000800 	andmi	r0, r0, r0, lsl #16
            BD(i)->stat = (st & BD_WRAP) | BD_IRQ | BD_TX_PAD | BD_TX_CRC | BD_E_R | (len & BD_LEN_MASK);
     3ac:	0c000001 	stceq	0, cr0, [r0], {1}
            return 0;
     3b0:	20000000 	andcs	r0, r0, r0
     3b4:	0003b705 	andeq	fp, r3, r5, lsl #14
int eth_rx_poll(void* out_buf, unsigned* out_len){
     3b8:	0e390300 	cdpeq	3, 3, cr0, cr9, cr0, {0}
     3bc:	01400000 	mrseq	r0, (UNDEF: 64)
        uint32_t st = BD(i)->stat;
     3c0:	000c0000 	andeq	r0, ip, r0
        if ((st & BD_E_R)==0){ // EMPTY==0 → filled by MAC
     3c4:	00000140 	andeq	r0, r0, r0, asr #2
     3c8:	00000004 	andeq	r0, r0, r4
    for (unsigned i=ETH_TX_BD_NUM;i<ETH_BD_COUNT;i++){
     3cc:	4a010c06 	bmi	433ec <FIQ_STACK_POINTER+0x3f3ec>
     3d0:	af00000e 	svcge	0x0000000e
     3d4:	ad000001 	stcge	0, cr0, [r0, #-4]
    return 0;
     3d8:	00000001 	andeq	r0, r0, r1
}
     3dc:	0e550200 	cdpeq	2, 5, cr0, cr5, cr0, {0}
            unsigned len = st & BD_LEN_MASK;
     3e0:	014c0000 	mrseq	r0, (UNDEF: 76)
            if (out_len) *out_len = len;
     3e4:	00010000 	andeq	r0, r1, r0
            unsigned len = st & BD_LEN_MASK;
     3e8:	00000067 	andeq	r0, r0, r7, rrx
            dcache_inval_range((void*)BD(i)->ptr, len);
     3ec:	0003e621 	andeq	lr, r3, r1, lsr #12
            if (out_len) *out_len = len;
     3f0:	0e6c0100 	poweqe	f0, f4, f0
            if (out_buf) memcpy(out_buf, (void*)BD(i)->ptr, len);
     3f4:	01bc0000 			@ <UNDEFINED> instruction: 0x01bc0000
     3f8:	01ba0000 			@ <UNDEFINED> instruction: 0x01ba0000
     3fc:	62010000 	andvs	r0, r1, #0
     400:	c900000e 	stmdbgt	r0, {r1, r2, r3}
            BD(i)->stat = (st & BD_WRAP) | BD_IRQ | BD_E_R;
     404:	c7000001 	strgt	r0, [r0, -r1]
     408:	00000001 	andeq	r0, r0, r1
            return 1;
     40c:	000e5502 	andeq	r5, lr, r2, lsl #10
            BD(i)->stat = (st & BD_WRAP) | BD_IRQ | BD_E_R;
     410:	00015c00 	andeq	r5, r1, r0, lsl #24
            return 1;
     414:	72000200 	andvc	r0, r0, #0, 4
     418:	22000000 	andcs	r0, r0, #0
    const unsigned char mac[6] = {0x02,0x12,0x34,0x56,0x78,0x9A};
     41c:	00000415 	andeq	r0, r0, r5, lsl r4
{
     420:	000e6c01 	andeq	r6, lr, r1, lsl #24
    const unsigned char mac[6] = {0x02,0x12,0x34,0x56,0x78,0x9A};
     424:	0001d400 	andeq	sp, r1, r0, lsl #8
{
     428:	0001d200 	andeq	sp, r1, r0, lsl #4
    const unsigned char mac[6] = {0x02,0x12,0x34,0x56,0x78,0x9A};
     42c:	0e620100 	poweqs	f0, f2, f0
static void uart_puts(const char* s) { UARTWrite((char*)s); }
     430:	01e10000 	mvneq	r0, r0
    const unsigned char mac[6] = {0x02,0x12,0x34,0x56,0x78,0x9A};
     434:	01df0000 	bicseq	r0, pc, r0
static void uart_puts(const char* s) { UARTWrite((char*)s); }
     438:	02000000 	andeq	r0, r0, #0
    eth_init(mac);
     43c:	00000e31 	andeq	r0, r0, r1, lsr lr
     440:	00000160 	andeq	r0, r0, r0, ror #2
static void uart_puts(const char* s) { UARTWrite((char*)s); }
     444:	007d0002 	rsbseq	r0, sp, r2
     448:	49230000 	stmdbmi	r3!, {}	@ <UNPREDICTABLE>
}
     44c:	05000004 	streq	r0, [r0, #-4]
     450:	00000e39 	andeq	r0, r0, r9, lsr lr
     454:	00000160 	andeq	r0, r0, r0, ror #2
     458:	00880006 	addeq	r0, r8, r6
     45c:	0c060000 	stceq	0, cr0, [r6], {-0}
{
     460:	000e4a01 	andeq	r4, lr, r1, lsl #20
     464:	0001ec00 	andeq	lr, r1, r0, lsl #24
    if (eth_rx_poll(0, &len) == 1) {
     468:	0001ea00 	andeq	lr, r1, r0, lsl #20
     46c:	03000000 	movweq	r0, #0
     470:	00000e39 	andeq	r0, r0, r9, lsr lr
     474:	0000016c 	andeq	r0, r0, ip, ror #2
     478:	016c0001 	cmneq	ip, r1
}
     47c:	00040000 	andeq	r0, r4, r0
     480:	12240000 	eorne	r0, r4, #0
static void uart_puts(const char* s) { UARTWrite((char*)s); }
     484:	000e4a01 	andeq	r4, lr, r1, lsl #20
     488:	0001f900 	andeq	pc, r1, r0, lsl #18
        uart_puthex(len);
     48c:	0001f700 	andeq	pc, r1, r0, lsl #14
    buf[0] = '0'; buf[1] = 'x';
     490:	00000000 	andeq	r0, r0, r0
     494:	000d5406 	andeq	r5, sp, r6, lsl #8
     498:	00018000 	andeq	r8, r1, r0
     49c:	74000100 	strvc	r0, [r0], #-256	@ 0xffffff00
    for (int i=0; i<8; i++) buf[2+i] = hex_nibble(x >> (28 - 4*i));
     4a0:	40000001 	andmi	r0, r0, r1
    v &= 0xF;
     4a4:	2e000000 	cdpcs	0, 0, cr0, cr0, cr0, {0}
    return (v < 10) ? ('0' + v) : ('A' + (v - 10));
     4a8:	0005d205 	andeq	sp, r5, r5, lsl #4
    for (int i=0; i<8; i++) buf[2+i] = hex_nibble(x >> (28 - 4*i));
     4ac:	0d710100 	ldfeqe	f0, [r1, #-0]
    return (v < 10) ? ('0' + v) : ('A' + (v - 10));
     4b0:	02080000 	andeq	r0, r8, #0
     4b4:	02040000 	andeq	r0, r4, #0
    for (int i=0; i<8; i++) buf[2+i] = hex_nibble(x >> (28 - 4*i));
     4b8:	65010000 	strvs	r0, [r1, #-0]
     4bc:	1b00000d 	blne	4f8 <eth_irq_handler+0x8>
     4c0:	19000002 	stmdbne	r0, {r1}
    buf[10] = 0;
     4c4:	05000002 	streq	r0, [r0, #-2]
static void uart_puts(const char* s) { UARTWrite((char*)s); }
     4c8:	00000dc3 	andeq	r0, r0, r3, asr #27
    buf[10] = 0;
     4cc:	00000180 	andeq	r0, r0, r0, lsl #3
static void uart_puts(const char* s) { UARTWrite((char*)s); }
     4d0:	00930003 	addseq	r0, r3, r3
     4d4:	3a290000 	bcc	a404dc <FIQ_STACK_POINTER+0xa3c4dc>
     4d8:	000de901 	andeq	lr, sp, r1, lsl #18
}
     4dc:	00022800 	andeq	r2, r2, r0, lsl #16
     4e0:	00022400 	andeq	r2, r2, r0, lsl #8
     4e4:	0ddd0100 	ldfeqe	f0, [sp]
     4e8:	023d0000 	eorseq	r0, sp, #0
     4ec:	023b0000 	eorseq	r0, fp, #0
static inline uint32_t eth_readl(uintptr_t a){ return *(volatile uint32_t*)a; }
     4f0:	d1010000 	mrsle	r0, (UNDEF: 1)
{
     4f4:	4800000d 	stmdami	r0, {r0, r2, r3}
     4f8:	46000002 	strmi	r0, [r0], -r2
     4fc:	02000002 	andeq	r0, r0, #2
    if (!src) return;
     500:	00000e31 	andeq	r0, r0, r1, lsr lr
     504:	00000180 	andeq	r0, r0, r0, lsl #3
    if (src & INT_RXF) {
     508:	009e0005 	addseq	r0, lr, r5
static inline void eth_writel(uint32_t v, uintptr_t a){ *(volatile uint32_t*)a = v; }
     50c:	0d170000 	ldceq	0, cr0, [r7, #-0]
     510:	05000005 	streq	r0, [r0, #-5]
static void uart_puts(const char* s){ UARTWrite((char*)s); }
     514:	00000e39 	andeq	r0, r0, r9, lsr lr
     518:	00000180 	andeq	r0, r0, r0, lsl #3
     51c:	00a90009 	adceq	r0, r9, r9
     520:	0c060000 	stceq	0, cr0, [r6], {-0}
            if (eth_rx_poll(0, &len) == 1){
     524:	000e4a01 	andeq	r4, lr, r1, lsl #20
     528:	00025300 	andeq	r5, r2, r0, lsl #6
     52c:	00025100 	andeq	r5, r2, r0, lsl #2
     530:	06000000 	streq	r0, [r0], -r0
     534:	00000e55 	andeq	r0, r0, r5, asr lr
static void uart_puts(const char* s){ UARTWrite((char*)s); }
     538:	0000018c 	andeq	r0, r0, ip, lsl #3
     53c:	018c0001 	orreq	r0, ip, r1
  char buf[11]; buf[0]='0'; buf[1]='x';
     540:	00080000 	andeq	r0, r8, r0
                uart_puthex(len);
     544:	05180000 	ldreq	r0, [r8, #-0]
  char buf[11]; buf[0]='0'; buf[1]='x';
     548:	00000541 	andeq	r0, r0, r1, asr #10
     54c:	000e6c01 	andeq	r6, lr, r1, lsl #24
     550:	00026000 	andeq	r6, r2, r0
  for (int i=0;i<8;i++) buf[2+i]=h[(x>>(28-4*i))&0xF];
     554:	00025e00 	andeq	r5, r2, r0, lsl #28
     558:	0e620100 	poweqs	f0, f2, f0
     55c:	026d0000 	rsbeq	r0, sp, #0
     560:	026b0000 	rsbeq	r0, fp, #0
     564:	02000000 	andeq	r0, r0, #0
     568:	00000e55 	andeq	r0, r0, r5, asr lr
     56c:	00000194 	muleq	r0, r4, r1
  buf[10]=0; UARTWrite(buf);
     570:	00b40002 	adcseq	r0, r4, r2
     574:	70190000 	andsvc	r0, r9, r0
     578:	01000005 	tsteq	r0, r5
     57c:	00000e6c 	andeq	r0, r0, ip, ror #28
static void uart_puts(const char* s){ UARTWrite((char*)s); }
     580:	00000278 	andeq	r0, r0, r8, ror r2
     584:	00000276 	andeq	r0, r0, r6, ror r2
        for (int i=0;i<4;i++){
     588:	000e6201 	andeq	r6, lr, r1, lsl #4
     58c:	00028500 	andeq	r8, r2, r0, lsl #10
    if (src & INT_TXB) uart_puts("eth: TX complete\n");
     590:	00028300 	andeq	r8, r2, r0, lsl #6
     594:	55020000 	strpl	r0, [r2, #-0]
    if (src & INT_TXE) uart_puts("eth: TX error\n");
     598:	9c00000e 	stcls	0, cr0, [r0], {14}
     59c:	02000001 	andeq	r0, r0, #1
}
     5a0:	0000bf00 	andeq	fp, r0, r0, lsl #30
     5a4:	059f1a00 	ldreq	r1, [pc, #2560]	@ fac <main+0x6f8>
static void uart_puts(const char* s){ UARTWrite((char*)s); }
     5a8:	6c010000 	stcvs	0, cr0, [r1], {-0}
}
     5ac:	8f00000e 	svchi	0x0000000e
     5b0:	8d000002 	stchi	0, cr0, [r0, #-8]
static void uart_puts(const char* s){ UARTWrite((char*)s); }
     5b4:	01000002 	tsteq	r0, r2
     5b8:	00000e62 	andeq	r0, r0, r2, ror #28
     5bc:	0000029c 	muleq	r0, ip, r2
    if (src & INT_TXE) uart_puts("eth: TX error\n");
     5c0:	0000029a 	muleq	r0, sl, r2
     5c4:	0e310500 	cfabs32eq	mvfx0, mvfx1
     5c8:	01a40000 			@ <UNDEFINED> instruction: 0x01a40000
     5cc:	00020000 	andeq	r0, r2, r0
     5d0:	000000cf 	andeq	r0, r0, pc, asr #1
     5d4:	3905051b 	stmdbcc	r5, {r0, r1, r3, r4, r8, sl}
     5d8:	a400000e 	strge	r0, [r0], #-14
     5dc:	06000001 	streq	r0, [r0], -r1
     5e0:	0000da00 	andeq	sp, r0, r0, lsl #20
{
     5e4:	010c0600 	tsteq	ip, r0, lsl #12
        char x = *UART0_LSR;
     5e8:	00000e4a 	andeq	r0, r0, sl, asr #28
        if ( x & (1 << 6) )
     5ec:	000002a7 	andeq	r0, r0, r7, lsr #5
     5f0:	000002a5 	andeq	r0, r0, r5, lsr #5
     5f4:	00000000 	andeq	r0, r0, r0
       eth_irq_handler();
     5f8:	000d3d15 	andeq	r3, sp, r5, lsl sp
       *VIC_INT_CLEAR = 0xffffffff;
     5fc:	0001b400 	andeq	fp, r1, r0, lsl #8
}
     600:	00006800 	andeq	r6, r0, r0, lsl #16
        if ( x & (1 << 6) )
     604:	0d3e2a00 	vldmdbeq	lr!, {s4-s3}
        *UART0_LCR        = (*UART0_LCR) | (1 << 7);
     608:	47150000 	ldrmi	r0, [r5, -r0]
     60c:	b400000d 	strlt	r0, [r0], #-13
        *UART0_FCR = *UART0_FCR | 1;
     610:	60000001 	andvs	r0, r0, r1
        *UART0_DLAB1      = 0x46;
     614:	08000000 	stmdaeq	r0, {}	@ <UNPREDICTABLE>
        *UART0_DLAB2      = 1;
     618:	00000d48 	andeq	r0, r0, r8, asr #26
        *UART0_LCR        = (*UART0_LCR) & ~(1 << 7);
     61c:	000002b4 			@ <UNDEFINED> instruction: 0x000002b4
        *UART0_FCR = *UART0_FCR | 1;
     620:	000002b2 			@ <UNDEFINED> instruction: 0x000002b2
        *UART0_DLAB1      = 0x46;
     624:	000d7e2b 	andeq	r7, sp, fp, lsr #28
        *UART0_DLAB2      = 1;
     628:	0001b400 	andeq	fp, r1, r0, lsl #8
        *UART0_LCR        = (*UART0_LCR) & ~(1 << 7);
     62c:	00003000 	andeq	r3, r0, r0
        *UART0_FCR = *UART0_FCR | 1;
     630:	0f310100 	svceq	0x00310100
}
     634:	00000721 	andeq	r0, r0, r1, lsr #14
        while(s[i] != '\0')
     638:	000d8f16 	andeq	r8, sp, r6, lsl pc
     63c:	0d9c2c00 	ldceq	12, cr2, [ip]
     640:	01b40000 			@ <UNDEFINED> instruction: 0x01b40000
     644:	00300000 	eorseq	r0, r0, r0
     648:	28010000 	stmdacs	r1, {}	@ <UNPREDICTABLE>
     64c:	0db6162b 	ldceq	6, cr1, [r6, #172]!	@ 0xac
     650:	aa160000 	bge	580658 <FIQ_STACK_POINTER+0x57c658>
     654:	0200000d 	andeq	r0, r0, #13
     658:	00000e55 	andeq	r0, r0, r5, asr lr
     65c:	000001cc 	andeq	r0, r0, ip, asr #3
     660:	00e50001 	rsceq	r0, r5, r1
        *UART0_THR = c;
     664:	60210000 	eorvs	r0, r1, r0
                UARTWriteByte(s[i]);
     668:	01000006 	tsteq	r0, r6
        *UART0_THR = c;
     66c:	00000e6c 	andeq	r0, r0, ip, ror #28
        for(i=0;i<len;i++)        {
     670:	000002c4 	andeq	r0, r0, r4, asr #5
     674:	000002c2 	andeq	r0, r0, r2, asr #5
     678:	000e6201 	andeq	r6, lr, r1, lsl #4
        *UART0_THR = c;
     67c:	0002d100 	andeq	sp, r2, r0, lsl #2
     680:	0002cf00 	andeq	ip, r2, r0, lsl #30
}
     684:	312d0000 			@ <UNDEFINED> instruction: 0x312d0000
        while(s[i] != '\0')
     688:	f000000e 			@ <UNDEFINED> instruction: 0xf000000e
     68c:	01000000 	mrseq	r0, (UNDEF: 0)
     690:	06900520 	ldreq	r0, [r0], r0, lsr #10
     694:	39050000 	stmdbcc	r5, {}	@ <UNPREDICTABLE>
     698:	c000000e 	andgt	r0, r0, lr
     69c:	03000001 	movweq	r0, #1
     6a0:	0000fb00 	andeq	pc, r0, r0, lsl #22
     6a4:	010c0600 	tsteq	ip, r0, lsl #12
                i++;
     6a8:	00000e4a 	andeq	r0, r0, sl, asr #28
     6ac:	000002de 	ldrdeq	r0, [r0], -lr
     6b0:	000002dc 	ldrdeq	r0, [r0], -ip
        i = 0;
     6b4:	55020000 	strpl	r0, [r2, #-0]
}
     6b8:	d000000e 	andle	r0, r0, lr
        *UART0_IER = *UART0_IER | 1;
     6bc:	02000001 	andeq	r0, r0, #1
     6c0:	00010600 	andeq	r0, r1, r0, lsl #12
     6c4:	06bf2200 	ldrteq	r2, [pc], r0, lsl #4
     6c8:	6c010000 	stcvs	0, cr0, [r1], {-0}
}
     6cc:	eb00000e 	bl	70c <UARTGetChar>
        *UART0_FCR = *UART0_FCR | 4;
     6d0:	e9000002 	stmdb	r0, {r1}
     6d4:	01000002 	tsteq	r0, r2
     6d8:	00000e62 	andeq	r0, r0, r2, ror #28
     6dc:	000002f8 	strdeq	r0, [r0], -r8
}
     6e0:	000002f6 	strdeq	r0, [r0], -r6
        *UART0_FCR = *UART0_FCR | 1;
     6e4:	0e310600 	cfmsuba32eq	mvax0, mvax0, mvfx1, mvfx0
     6e8:	01d40000 	bicseq	r0, r4, r0
     6ec:	00020000 	andeq	r0, r2, r0
     6f0:	000001d4 	ldrdeq	r0, [r0], -r4
}
     6f4:	0000000c 	andeq	r0, r0, ip
        char x = *UART0_LSR;
     6f8:	06fc0523 	ldrbteq	r0, [ip], r3, lsr #10
        if ( x & (1 << 6) )
     6fc:	39030000 	stmdbcc	r3, {}	@ <UNPREDICTABLE>
     700:	d400000e 	strle	r0, [r0], #-14
}
     704:	06000001 	streq	r0, [r0], -r1
     708:	0001d400 	andeq	sp, r1, r0, lsl #8
        return *UART0_RBR;
     70c:	00000400 	andeq	r0, r0, r0, lsl #8
}
     710:	010c0600 	tsteq	ip, r0, lsl #12
     714:	00000e4a 	andeq	r0, r0, sl, asr #28
     718:	00000303 	andeq	r0, r0, r3, lsl #6
     71c:	00000301 	andeq	r0, r0, r1, lsl #6
     720:	39030000 	stmdbcc	r3, {}	@ <UNPREDICTABLE>
     724:	e000000e 	and	r0, r0, lr
     728:	01000001 	tsteq	r0, r1
     72c:	0001e000 	andeq	lr, r1, r0
     730:	00000400 	andeq	r0, r0, r0, lsl #8
     734:	01122400 	tsteq	r2, r0, lsl #8
     738:	00000e4a 	andeq	r0, r0, sl, asr #28
     73c:	00000310 	andeq	r0, r0, r0, lsl r3
     740:	0000030e 	andeq	r0, r0, lr, lsl #6
     744:	03000000 	movweq	r0, #0
     748:	00000d7e 	andeq	r0, r0, lr, ror sp
     74c:	000001e4 	andeq	r0, r0, r4, ror #3
     750:	01e40002 	mvneq	r0, r2
     754:	00240000 	eoreq	r0, r4, r0
     758:	11320000 	teqne	r2, r0
     75c:	000d8f01 	andeq	r8, sp, r1, lsl #30
     760:	00031d00 	andeq	r1, r3, r0, lsl #26
     764:	00031b00 	andeq	r1, r3, r0, lsl #22
     768:	0d9c0300 	ldceq	3, cr0, [ip]
     76c:	01e40000 	mvneq	r0, r0
     770:	00040000 	andeq	r0, r4, r0
     774:	000001e4 	andeq	r0, r0, r4, ror #3
     778:	00000024 	andeq	r0, r0, r4, lsr #32
     77c:	b6012b28 	strlt	r2, [r1], -r8, lsr #22
     780:	2800000d 	stmdacs	r0, {r0, r2, r3}
     784:	26000003 	strcs	r0, [r0], -r3
     788:	01000003 	tsteq	r0, r3
     78c:	00000daa 	andeq	r0, r0, sl, lsr #27
     790:	00000328 	andeq	r0, r0, r8, lsr #6
     794:	00000326 	andeq	r0, r0, r6, lsr #6
     798:	000e3106 	andeq	r3, lr, r6, lsl #2
     79c:	0001e400 	andeq	lr, r1, r0, lsl #8
     7a0:	e4000600 	str	r0, [r0], #-1536	@ 0xfffffa00
     7a4:	0c000001 	stceq	0, cr0, [r0], {1}
     7a8:	20000000 	andcs	r0, r0, r0
     7ac:	0007af05 	andeq	sl, r7, r5, lsl #30
     7b0:	0e390300 	cdpeq	3, 3, cr0, cr9, cr0, {0}
     7b4:	01e40000 	mvneq	r0, r0
     7b8:	000a0000 	andeq	r0, sl, r0
     7bc:	000001e4 	andeq	r0, r0, r4, ror #3
     7c0:	00000004 	andeq	r0, r0, r4
     7c4:	4a010c06 	bmi	437e4 <FIQ_STACK_POINTER+0x3f7e4>
     7c8:	3300000e 	movwcc	r0, #14
     7cc:	31000003 	tstcc	r0, r3
     7d0:	00000003 	andeq	r0, r0, r3
     7d4:	0e550600 	cdpeq	6, 5, cr0, cr5, cr0, {0}
     7d8:	01f00000 	mvnseq	r0, r0
     7dc:	00010000 	andeq	r0, r1, r0
     7e0:	000001f0 	strdeq	r0, [r0], -r0	@ <UNPREDICTABLE>
     7e4:	00000004 	andeq	r0, r0, r4
     7e8:	07e30521 	strbeq	r0, [r3, r1, lsr #10]!
     7ec:	6c010000 	stcvs	0, cr0, [r1], {-0}
     7f0:	4000000e 	andmi	r0, r0, lr
     7f4:	3e000003 	cdpcc	0, 0, cr0, cr0, cr3, {0}
     7f8:	01000003 	tsteq	r0, r3
     7fc:	00000e62 	andeq	r0, r0, r2, ror #28
     800:	0000034d 	andeq	r0, r0, sp, asr #6
     804:	0000034b 	andeq	r0, r0, fp, asr #6
     808:	0e550600 	cdpeq	6, 5, cr0, cr5, cr0, {0}
     80c:	01f40000 	mvnseq	r0, r0
     810:	00020000 	andeq	r0, r2, r0
     814:	000001f4 	strdeq	r0, [r0], -r4
     818:	00000004 	andeq	r0, r0, r4
     81c:	08170522 	ldmdaeq	r7, {r1, r5, r8, sl}
     820:	6c010000 	stcvs	0, cr0, [r1], {-0}
     824:	5a00000e 	bpl	864 <memcpy+0x14c>
     828:	58000003 	stmdapl	r0, {r0, r1}
     82c:	01000003 	tsteq	r0, r3
     830:	00000e62 	andeq	r0, r0, r2, ror #28
     834:	00000367 	andeq	r0, r0, r7, ror #6
     838:	00000365 	andeq	r0, r0, r5, ror #6
     83c:	0e310600 	cfmsuba32eq	mvax0, mvax0, mvfx1, mvfx0
     840:	01f80000 	mvnseq	r0, r0
     844:	00020000 	andeq	r0, r2, r0
     848:	000001f8 	strdeq	r0, [r0], -r8
     84c:	0000000c 	andeq	r0, r0, ip
     850:	08540523 	ldmdaeq	r4, {r0, r1, r5, r8, sl}^
     854:	39030000 	stmdbcc	r3, {}	@ <UNPREDICTABLE>
     858:	f800000e 			@ <UNDEFINED> instruction: 0xf800000e
     85c:	06000001 	streq	r0, [r0], -r1
     860:	0001f800 	andeq	pc, r1, r0, lsl #16
     864:	00000400 	andeq	r0, r0, r0, lsl #8
     868:	010c0600 	tsteq	ip, r0, lsl #12
     86c:	00000e4a 	andeq	r0, r0, sl, asr #28
     870:	00000372 	andeq	r0, r0, r2, ror r3
     874:	00000370 	andeq	r0, r0, r0, ror r3
     878:	39030000 	stmdbcc	r3, {}	@ <UNPREDICTABLE>
     87c:	0400000e 	streq	r0, [r0], #-14
     880:	01000002 	tsteq	r0, r2
     884:	00020400 	andeq	r0, r2, r0, lsl #8
     888:	00000400 	andeq	r0, r0, r0, lsl #8
     88c:	01122400 	tsteq	r2, r0, lsl #8
     890:	00000e4a 	andeq	r0, r0, sl, asr #28
     894:	0000037f 	andeq	r0, r0, pc, ror r3
     898:	0000037d 	andeq	r0, r0, sp, ror r3
     89c:	00000000 	andeq	r0, r0, r0
     8a0:	cc020000 	stcgt	0, cr0, [r2], {-0}
     8a4:	1c00000c 	stcne	0, cr0, [r0], {12}
     8a8:	02000002 	andeq	r0, r0, #2
     8ac:	00011100 	andeq	r1, r1, r0, lsl #2
     8b0:	09197200 	ldmdbeq	r9, {r9, ip, sp, lr}
{
     8b4:	d9010000 	stmdble	r1, {}	@ <UNPREDICTABLE>
        UARTInit();
     8b8:	8e00000c 	cdphi	0, 0, cr0, cr0, cr12, {0}
        *UART0_IER = *UART0_IER | 1;
     8bc:	8a000003 	bhi	8d0 <main+0x1c>
     8c0:	0b000003 	bleq	8d4 <main+0x20>
     8c4:	00000111 	andeq	r0, r0, r1, lsl r1
     8c8:	000ce508 	andeq	lr, ip, r8, lsl #10
        eth_demo_init();
     8cc:	0003aa00 	andeq	sl, r3, r0, lsl #20
}
     8d0:	0003a600 	andeq	sl, r3, r0, lsl #12
     8d4:	0cef0800 	stcleq	8, cr0, [pc]	@ 8dc <main+0x28>
     8d8:	03bd0000 			@ <UNDEFINED> instruction: 0x03bd0000
     8dc:	03bb0000 			@ <UNDEFINED> instruction: 0x03bb0000
     8e0:	55020000 	strpl	r0, [r2, #-0]
     8e4:	7000000e 	andvc	r0, r0, lr
     8e8:	01000002 	tsteq	r0, r2
     8ec:	00012100 	andeq	r2, r1, r0, lsl #2
     8f0:	08eb4600 	stmiaeq	fp!, {r9, sl, lr}^
     8f4:	6c010000 	stcvs	0, cr0, [r1], {-0}
     8f8:	c700000e 	strgt	r0, [r0, -lr]
     8fc:	c5000003 	strgt	r0, [r0, #-3]
     900:	01000003 	tsteq	r0, r3
     904:	00000e62 	andeq	r0, r0, r2, ror #28
     908:	000003d4 	ldrdeq	r0, [r0], -r4
     90c:	000003d2 	ldrdeq	r0, [r0], -r2
     910:	0e550500 	cdpeq	5, 5, cr0, cr5, cr0, {0}
     914:	02700000 	rsbseq	r0, r0, #0
     918:	00050000 	andeq	r0, r5, r0
     91c:	00000131 	andeq	r0, r0, r1, lsr r1
     920:	6c010547 	cfstr32vs	mvfx0, [r1], {71}	@ 0x47
     924:	de00000e 	cdple	0, 0, cr0, cr0, cr14, {0}
     928:	dc000003 	stcle	0, cr0, [r0], {3}
     92c:	01000003 	tsteq	r0, r3
     930:	00000e62 	andeq	r0, r0, r2, ror #28
     934:	000003eb 	andeq	r0, r0, fp, ror #7
     938:	000003e9 	andeq	r0, r0, r9, ror #7
     93c:	02000000 	andeq	r0, r0, #0
     940:	00000cc4 	andeq	r0, r0, r4, asr #25
     944:	0000027c 	andeq	r0, r0, ip, ror r2
     948:	013c0002 	teqeq	ip, r2
     94c:	16730000 	ldrbtne	r0, [r3], -r0
     950:	0200000a 	andeq	r0, r0, #10
     954:	00000e55 	andeq	r0, r0, r5, asr lr
     958:	0000027c 	andeq	r0, r0, ip, ror r2
     95c:	01510004 	cmpeq	r1, r4
     960:	5c4b0000 	marpl	acc0, r0, fp
     964:	01000009 	tsteq	r0, r9
     968:	00000e6c 	andeq	r0, r0, ip, ror #28
     96c:	000003f5 	strdeq	r0, [r0], -r5
     970:	000003f3 	strdeq	r0, [r0], -r3
     974:	000e6201 	andeq	r6, lr, r1, lsl #4
     978:	00040200 	andeq	r0, r4, r0, lsl #4
     97c:	00040000 	andeq	r0, r4, r0
     980:	55020000 	strpl	r0, [r2, #-0]
     984:	8400000e 	strhi	r0, [r0], #-14
     988:	02000002 	andeq	r0, r0, #2
     98c:	00016100 	andeq	r6, r1, r0, lsl #2
     990:	098b4c00 	stmibeq	fp, {sl, fp, lr}
     994:	6c010000 	stcvs	0, cr0, [r1], {-0}
     998:	0d00000e 	stceq	0, cr0, [r0, #-56]	@ 0xffffffc8
     99c:	0b000004 	bleq	9b4 <main+0x100>
     9a0:	01000004 	tsteq	r0, r4
     9a4:	00000e62 	andeq	r0, r0, r2, ror #28
     9a8:	0000041a 	andeq	r0, r0, sl, lsl r4
     9ac:	00000418 	andeq	r0, r0, r8, lsl r4
     9b0:	0e550200 	cdpeq	2, 5, cr0, cr5, cr0, {0}
     9b4:	02980000 	addseq	r0, r8, #0
     9b8:	00020000 	andeq	r0, r2, r0
     9bc:	00000171 	andeq	r0, r0, r1, ror r1
     9c0:	0009ba4f 	andeq	fp, r9, pc, asr #20
     9c4:	0e6c0100 	poweqe	f0, f4, f0
     9c8:	04250000 	strteq	r0, [r5], #-0
     9cc:	04230000 	strteq	r0, [r3], #-0
     9d0:	62010000 	andvs	r0, r1, #0
     9d4:	3200000e 	andcc	r0, r0, #14
     9d8:	30000004 	andcc	r0, r0, r4
     9dc:	00000004 	andeq	r0, r0, r4
     9e0:	000e5502 	andeq	r5, lr, r2, lsl #10
     9e4:	00029400 	andeq	r9, r2, r0, lsl #8
     9e8:	81000200 	mrshi	r0, R8_usr
     9ec:	4e000001 	cdpmi	0, 0, cr0, cr0, cr1, {0}
     9f0:	000009e9 	andeq	r0, r0, r9, ror #19
     9f4:	000e6c01 	andeq	r6, lr, r1, lsl #24
     9f8:	00043d00 	andeq	r3, r4, r0, lsl #26
     9fc:	00043b00 	andeq	r3, r4, r0, lsl #22
     a00:	0e620100 	poweqs	f0, f2, f0
     a04:	044a0000 	strbeq	r0, [sl], #-0
     a08:	04480000 	strbeq	r0, [r8], #-0
     a0c:	05000000 	streq	r0, [r0, #-0]
     a10:	00000e55 	andeq	r0, r0, r5, asr lr
     a14:	0000028c 	andeq	r0, r0, ip, lsl #5
     a18:	018c0002 	orreq	r0, ip, r2
     a1c:	054d0000 	strbeq	r0, [sp, #-0]
     a20:	000e6c01 	andeq	r6, lr, r1, lsl #24
     a24:	00045900 	andeq	r5, r4, r0, lsl #18
     a28:	00045700 	andeq	r5, r4, r0, lsl #14
     a2c:	0e620100 	poweqs	f0, f2, f0
     a30:	04660000 	strbteq	r0, [r6], #-0
     a34:	04640000 	strbteq	r0, [r4], #-0
     a38:	00000000 	andeq	r0, r0, r0
     a3c:	000c6302 	andeq	r6, ip, r2, lsl #6
     a40:	00029c00 	andeq	r9, r2, r0, lsl #24
     a44:	97000200 	strls	r0, [r0, -r0, lsl #4]
     a48:	74000001 	strvc	r0, [r0], #-1
     a4c:	00000a9e 	muleq	r0, lr, sl
     a50:	0001970b 	andeq	r9, r1, fp, lsl #14
     a54:	0c701c00 	ldcleq	12, cr1, [r0], #-0
     a58:	1c020000 	stcne	0, cr0, [r2], {-0}
     a5c:	00000c7b 	andeq	r0, r0, fp, ror ip
     a60:	0c860806 	stceq	8, cr0, [r6], {6}
     a64:	04770000 	ldrbteq	r0, [r7], #-0
     a68:	046f0000 	strbteq	r0, [pc], #-0	@ a70 <main+0x1bc>
     a6c:	912e0000 			@ <UNDEFINED> instruction: 0x912e0000
     a70:	0000000c 	andeq	r0, r0, ip
     a74:	0c9c2f08 	ldceq	15, cr2, [ip], {8}
     a78:	01a20000 			@ <UNDEFINED> instruction: 0x01a20000
     a7c:	0a6a0000 	beq	1a80a84 <FIQ_STACK_POINTER+0x1a7ca84>
     a80:	a1080000 	mrsge	r0, (UNDEF: 8)
     a84:	aa00000c 	bge	abc <main+0x208>
     a88:	a8000004 	stmdage	r0, {r2}
     a8c:	00000004 	andeq	r0, r0, r4
     a90:	000cab15 	andeq	sl, ip, r5, lsl fp
     a94:	0002d000 	andeq	sp, r2, r0
     a98:	00002000 	andeq	r2, r0, r0
     a9c:	0cac0800 	stceq	8, cr0, [ip]
     aa0:	04b50000 	ldrteq	r0, [r5], #0
     aa4:	04b30000 	ldrteq	r0, [r3], #0
     aa8:	b5300000 	ldrlt	r0, [r0, #-0]!
     aac:	ad00000c 	stcge	0, cr0, [r0, #-48]	@ 0xffffffd0
     ab0:	08000001 	stmdaeq	r0, {r0}
     ab4:	00000cb6 			@ <UNDEFINED> instruction: 0x00000cb6
     ab8:	000004c4 	andeq	r0, r0, r4, asr #9
     abc:	000004be 			@ <UNDEFINED> instruction: 0x000004be
     ac0:	00000000 	andeq	r0, r0, r0
     ac4:	000e3906 	andeq	r3, lr, r6, lsl #18
     ac8:	0002f000 	andeq	pc, r2, r0
     acc:	f0000200 			@ <UNDEFINED> instruction: 0xf0000200
     ad0:	08000002 	stmdaeq	r0, {r1}
     ad4:	77000000 	strvc	r0, [r0, -r0]
     ad8:	000ac512 	andeq	ip, sl, r2, lsl r5
     adc:	0e4a0100 	dvfeqe	f0, f2, f0
     ae0:	04e00000 	strbteq	r0, [r0], #0
     ae4:	04de0000 	ldrbeq	r0, [lr], #0
     ae8:	06000000 	streq	r0, [r0], -r0
     aec:	00000cfa 	strdeq	r0, [r0], -sl
     af0:	000002f8 	strdeq	r0, [r0], -r8
     af4:	02f80002 	rscseq	r0, r8, #2
     af8:	00300000 	eorseq	r0, r0, r0
     afc:	09780000 	ldmdbeq	r8!, {}^	@ <UNPREDICTABLE>
     b00:	00000c31 	andeq	r0, r0, r1, lsr ip
     b04:	000d0b08 	andeq	r0, sp, r8, lsl #22
     b08:	0004ed00 	andeq	lr, r4, r0, lsl #26
     b0c:	0004eb00 	andeq	lr, r4, r0, lsl #22
     b10:	0d7e0300 	ldcleq	3, cr0, [lr, #-0]
     b14:	02f80000 	rscseq	r0, r8, #0
     b18:	00040000 	andeq	r0, r4, r0
     b1c:	000002f8 	strdeq	r0, [r0], -r8
     b20:	00000030 	andeq	r0, r0, r0, lsr r0
     b24:	8f010e3e 	svchi	0x00010e3e
     b28:	fd00000d 	stc2	0, cr0, [r0, #-52]	@ 0xffffffcc
     b2c:	fb000004 	blx	b46 <main+0x292>
     b30:	03000004 	movweq	r0, #4
     b34:	00000d9c 	muleq	r0, ip, sp
     b38:	000002f8 	strdeq	r0, [r0], -r8
     b3c:	02f80006 	rscseq	r0, r8, #6
     b40:	00300000 	eorseq	r0, r0, r0
     b44:	2b280000 	blcs	a00b4c <FIQ_STACK_POINTER+0x9fcb4c>
     b48:	000db601 	andeq	fp, sp, r1, lsl #12
     b4c:	00050800 	andeq	r0, r5, r0, lsl #16
     b50:	00050600 	andeq	r0, r5, r0, lsl #12
     b54:	0daa0100 	stfeqs	f0, [sl]
     b58:	05130000 	ldreq	r0, [r3, #-0]
     b5c:	05110000 	ldreq	r0, [r1, #-0]
     b60:	31060000 	mrscc	r0, (UNDEF: 6)
     b64:	f800000e 			@ <UNDEFINED> instruction: 0xf800000e
     b68:	08000002 	stmdaeq	r0, {r1}
     b6c:	0002f800 	andeq	pc, r2, r0, lsl #16
     b70:	00000c00 	andeq	r0, r0, r0, lsl #24
     b74:	79052000 	stmdbvc	r5, {sp}
     b78:	0300000b 	movweq	r0, #11
     b7c:	00000e39 	andeq	r0, r0, r9, lsr lr
     b80:	000002f8 	strdeq	r0, [r0], -r8
     b84:	02f8000c 	rscseq	r0, r8, #12
     b88:	00040000 	andeq	r0, r4, r0
     b8c:	0c060000 	stceq	0, cr0, [r6], {-0}
     b90:	000e4a01 	andeq	r4, lr, r1, lsl #20
     b94:	00051e00 	andeq	r1, r5, r0, lsl #28
     b98:	00051c00 	andeq	r1, r5, r0, lsl #24
     b9c:	02000000 	andeq	r0, r0, #0
     ba0:	00000e55 	andeq	r0, r0, r5, asr lr
     ba4:	00000304 	andeq	r0, r0, r4, lsl #6
     ba8:	01b80001 			@ <UNDEFINED> instruction: 0x01b80001
     bac:	a8210000 	stmdage	r1!, {}	@ <UNPREDICTABLE>
     bb0:	0100000b 	tsteq	r0, fp
     bb4:	00000e6c 	andeq	r0, r0, ip, ror #28
     bb8:	0000052b 	andeq	r0, r0, fp, lsr #10
     bbc:	00000529 	andeq	r0, r0, r9, lsr #10
     bc0:	000e6201 	andeq	r6, lr, r1, lsl #4
     bc4:	00053800 	andeq	r3, r5, r0, lsl #16
     bc8:	00053600 	andeq	r3, r5, r0, lsl #12
     bcc:	55020000 	strpl	r0, [r2, #-0]
     bd0:	1400000e 	strne	r0, [r0], #-14
     bd4:	02000003 	andeq	r0, r0, #3
     bd8:	0001c300 	andeq	ip, r1, r0, lsl #6
     bdc:	0bd72200 	bleq	ff5c93e4 <VIC_BASE_ADDRESS+0xff5c9444>
     be0:	6c010000 	stcvs	0, cr0, [r1], {-0}
     be4:	4500000e 	strmi	r0, [r0, #-14]
     be8:	43000005 	movwmi	r0, #5
     bec:	01000005 	tsteq	r0, r5
     bf0:	00000e62 	andeq	r0, r0, r2, ror #28
     bf4:	00000552 	andeq	r0, r0, r2, asr r5
     bf8:	00000550 	andeq	r0, r0, r0, asr r5
     bfc:	0e310200 	cdpeq	2, 3, cr0, cr1, cr0, {0}
     c00:	03180000 	tsteq	r8, #0
     c04:	00020000 	andeq	r0, r2, r0
     c08:	000001ce 	andeq	r0, r0, lr, asr #3
     c0c:	000c0b23 	andeq	r0, ip, r3, lsr #22
     c10:	0e390500 	cfabs32eq	mvfx0, mvfx9
     c14:	03180000 	tsteq	r8, #0
     c18:	00060000 	andeq	r0, r6, r0
     c1c:	000001d9 	ldrdeq	r0, [r0], -r9
     c20:	4a010c06 	bmi	43c40 <FIQ_STACK_POINTER+0x3fc40>
     c24:	5d00000e 	stcpl	0, cr0, [r0, #-56]	@ 0xffffffc8
     c28:	5b000005 	blpl	c44 <main+0x390>
     c2c:	00000005 	andeq	r0, r0, r5
     c30:	0e390300 	cdpeq	3, 3, cr0, cr9, cr0, {0}
     c34:	03240000 			@ <UNDEFINED> instruction: 0x03240000
     c38:	00010000 	andeq	r0, r1, r0
     c3c:	00000324 	andeq	r0, r0, r4, lsr #6
     c40:	00000004 	andeq	r0, r0, r4
     c44:	4a011224 	bmi	454dc <FIQ_STACK_POINTER+0x414dc>
     c48:	6a00000e 	bvs	c88 <main+0x3d4>
     c4c:	68000005 	stmdavs	r0, {r0, r2}
     c50:	00000005 	andeq	r0, r0, r5
     c54:	05000000 	streq	r0, [r0, #-0]
     c58:	00000e55 	andeq	r0, r0, r5, asr lr
     c5c:	0000033c 	andeq	r0, r0, ip, lsr r3
     c60:	01e40001 	mvneq	r0, r1
     c64:	057a0000 	ldrbeq	r0, [sl, #-0]!
     c68:	000e6c01 	andeq	r6, lr, r1, lsl #24
     c6c:	00057700 	andeq	r7, r5, r0, lsl #14
     c70:	00057500 	andeq	r7, r5, r0, lsl #10
     c74:	0e620100 	poweqs	f0, f2, f0
     c78:	05840000 	streq	r0, [r4]
     c7c:	05820000 	streq	r0, [r2]
     c80:	00000000 	andeq	r0, r0, r0
     c84:	00006312 	andeq	r6, r0, r2, lsl r3
     c88:	00430f00 	subeq	r0, r3, r0, lsl #30
     c8c:	52010000 	andpl	r0, r1, #0
     c90:	0cc4010d 	stfeqe	f0, [r4], {13}
     c94:	290d0000 	stmdbcs	sp, {}	@ <UNPREDICTABLE>
     c98:	5a000001 	bpl	ca4 <main+0x3f0>
     c9c:	00009a14 	andeq	r9, r0, r4, lsl sl
     ca0:	02230d00 	eoreq	r0, r3, #0, 26
     ca4:	145b0000 	ldrbne	r0, [fp], #-0
     ca8:	0000009a 	muleq	r0, sl, r0
     cac:	0001040d 	andeq	r0, r1, sp, lsl #8
     cb0:	2d0e5c00 	stccs	12, cr5, [lr, #-0]
     cb4:	0d000000 	stceq	0, cr0, [r0, #-0]
     cb8:	000000d2 	ldrdeq	r0, [r0], -r2
     cbc:	009a145d 	addseq	r1, sl, sp, asr r4
     cc0:	ab310000 	blge	c40cc8 <FIQ_STACK_POINTER+0xc3ccc8>
     cc4:	0900000c 	stmdbeq	r0, {r2, r3}
     cc8:	13540069 	cmpne	r4, #105	@ 0x69
     ccc:	0000002d 	andeq	r0, r0, sp, lsr #32
     cd0:	69091000 	stmdbvs	r9, {ip}
     cd4:	2d135e00 	ldccs	14, cr5, [r3, #-0]
     cd8:	10000000 	andne	r0, r0, r0
     cdc:	66756209 	ldrbtvs	r6, [r5], -r9, lsl #4
     ce0:	9f135f00 	svcls	0x00135f00
     ce4:	00000000 	andeq	r0, r0, r0
     ce8:	09170000 	ldmdbeq	r7, {}	@ <UNPREDICTABLE>
     cec:	4a000001 	bmi	cf8 <main+0x444>
     cf0:	9f0f010d 	svcls	0x000f010d
     cf4:	01000001 	tsteq	r0, r1
     cf8:	fa010d43 	blx	4420c <FIQ_STACK_POINTER+0x4020c>
     cfc:	0400000c 	streq	r0, [r0], #-12
     d00:	0063616d 	rsbeq	r6, r3, sp, ror #2
     d04:	5e274301 	cdppl	3, 2, cr4, cr7, cr1, {0}
     d08:	0900000c 	stmdbeq	r0, {r2, r3}
     d0c:	44006f6c 	strmi	r6, [r0], #-3948	@ 0xfffff094
     d10:	00007b0e 	andeq	r7, r0, lr, lsl #22
     d14:	69680900 	stmdbvs	r8!, {r8, fp}^
     d18:	7b0e4500 	blvc	392120 <FIQ_STACK_POINTER+0x38e120>
     d1c:	00000000 	andeq	r0, r0, r0
     d20:	0001690e 	andeq	r6, r1, lr, lsl #18
     d24:	0c3c0100 	ldfeqs	f0, [ip], #-0
     d28:	00000093 	muleq	r0, r3, r0
     d2c:	000d1601 	andeq	r1, sp, r1, lsl #12
     d30:	74730900 	ldrbtvc	r0, [r3], #-2304	@ 0xfffff700
     d34:	93093e00 	movwls	r3, #40448	@ 0x9e00
     d38:	00000000 	andeq	r0, r0, r0
     d3c:	00008e0e 	andeq	r8, r0, lr, lsl #28
     d40:	0c2b0100 	stfeqs	f0, [fp], #-0
     d44:	00000093 	muleq	r0, r3, r0
     d48:	000d5401 	andeq	r5, sp, r1, lsl #8
     d4c:	01471d00 	cmpeq	r7, r0, lsl #26
     d50:	232b0000 			@ <UNDEFINED> instruction: 0x232b0000
     d54:	0000002d 	andeq	r0, r0, sp, lsr #32
     d58:	0000c40d 	andeq	ip, r0, sp, lsl #8
     d5c:	93092d00 	movwls	r2, #40192	@ 0x9d00
     d60:	10000000 	andne	r0, r0, r0
     d64:	30007409 	andcc	r7, r0, r9, lsl #8
     d68:	00002d13 	andeq	r2, r0, r3, lsl sp
     d6c:	62091000 	andvs	r1, r9, #0
     d70:	930d3200 	movwls	r3, #53760	@ 0xd200
     d74:	00000000 	andeq	r0, r0, r0
     d78:	080e0000 	stmdaeq	lr, {}	@ <UNPREDICTABLE>
     d7c:	01000002 	tsteq	r0, r2
     d80:	00930c29 	addseq	r0, r3, r9, lsr #24
     d84:	7e010000 	cdpvc	0, 0, cr0, cr1, cr0, {0}
     d88:	0400000d 	streq	r0, [r0], #-13
     d8c:	00676572 	rsbeq	r6, r7, r2, ror r5
     d90:	2d1f2901 	vldrcs.16	s4, [pc, #-2]	@ d96 <main+0x4e2>	@ <UNPREDICTABLE>
     d94:	04000000 	streq	r0, [r0], #-0
     d98:	006c6176 	rsbeq	r6, ip, r6, ror r1
     d9c:	2d2d2901 			@ <UNDEFINED> instruction: 0x2d2d2901
     da0:	00000000 	andeq	r0, r0, r0
     da4:	0001320e 	andeq	r3, r1, lr, lsl #4
     da8:	0c280100 	stfeqs	f0, [r8], #-0
     dac:	00000093 	muleq	r0, r3, r0
     db0:	000d9c01 	andeq	r9, sp, r1, lsl #24
     db4:	65720400 	ldrbvs	r0, [r2, #-1024]!	@ 0xfffffc00
     db8:	28010067 	stmdacs	r1, {r0, r1, r2, r5, r6}
     dbc:	00002d1e 	andeq	r2, r0, lr, lsl sp
     dc0:	d41e0000 	ldrle	r0, [lr], #-0
     dc4:	1f000001 	svcne	0x00000001
     dc8:	00000093 	muleq	r0, r3, r0
     dcc:	00000dc3 	andeq	r0, r0, r3, asr #27
     dd0:	79687004 	stmdbvc	r8!, {r2, ip, sp, lr}^
     dd4:	1b1f0100 	blne	7c11dc <FIQ_STACK_POINTER+0x7bd1dc>
     dd8:	00000057 	andeq	r0, r0, r7, asr r0
     ddc:	67657204 	strbvs	r7, [r5, -r4, lsl #4]!
     de0:	281f0100 	ldmdacs	pc, {r8}	@ <UNPREDICTABLE>
     de4:	00000057 	andeq	r0, r0, r7, asr r0
     de8:	01f11e00 	mvnseq	r1, r0, lsl #28
     dec:	93160000 	tstls	r6, #0
     df0:	f6000000 			@ <UNDEFINED> instruction: 0xf6000000
     df4:	0400000d 	streq	r0, [r0], #-13
     df8:	00796870 	rsbseq	r6, r9, r0, ror r8
     dfc:	571c1601 	ldrpl	r1, [ip, -r1, lsl #12]
     e00:	04000000 	streq	r0, [r0], #-0
     e04:	00676572 	rsbeq	r6, r7, r2, ror r5
     e08:	57291601 	strpl	r1, [r9, -r1, lsl #12]!
     e0c:	04000000 	streq	r0, [r0], #-0
     e10:	006c6176 	rsbeq	r6, ip, r6, ror r1
     e14:	68371601 	ldmdavs	r7!, {r0, r9, sl, ip}
     e18:	00000000 	andeq	r0, r0, r0
     e1c:	00007817 	andeq	r7, r0, r7, lsl r8
     e20:	010d1200 	mrseq	r1, SP_fiq
     e24:	00013b0e 	andeq	r3, r1, lr, lsl #22
     e28:	180a0100 	stmdane	sl, {r8}
     e2c:	0000007b 	andeq	r0, r0, fp, ror r0
     e30:	000e3103 	andeq	r3, lr, r3, lsl #2
     e34:	00871d00 	addeq	r1, r7, r0, lsl #26
     e38:	2d0a0000 	stccs	0, cr0, [sl, #-0]
     e3c:	0000007b 	andeq	r0, r0, fp, ror r0
     e40:	0000fd0d 	andeq	pc, r0, sp, lsl #26
     e44:	7b0e0b00 	blvc	383a4c <FIQ_STACK_POINTER+0x37fa4c>
     e48:	09000000 	stmdbeq	r0, {}	@ <UNPREDICTABLE>
     e4c:	00766964 	rsbseq	r6, r6, r4, ror #18
     e50:	007b0e0c 	rsbseq	r0, fp, ip, lsl #28
     e54:	17000000 	strne	r0, [r0, -r0]
     e58:	000001e2 	andeq	r0, r0, r2, ror #3
     e5c:	0e031405 	cdpeq	4, 0, cr1, cr3, cr5, {0}
     e60:	000001ca 	andeq	r0, r0, sl, asr #3
     e64:	7b182f02 	blvc	60ca74 <FIQ_STACK_POINTER+0x608a74>
     e68:	03000000 	movweq	r0, #0
     e6c:	00000e55 	andeq	r0, r0, r5, asr lr
     e70:	02006104 	andeq	r6, r0, #4, 2
     e74:	009f2c2f 	addseq	r2, pc, pc, lsr #24
     e78:	0f000000 	svceq	0x00000000
     e7c:	0000029f 	muleq	r0, pc, r2	@ <UNPREDICTABLE>
     e80:	03142e02 	tsteq	r4, #2, 28
     e84:	00000e77 	andeq	r0, r0, r7, ror lr
     e88:	02007604 	andeq	r7, r0, #4, 12	@ 0x400000
     e8c:	007b282e 	rsbseq	r2, fp, lr, lsr #16
     e90:	61040000 	mrsvs	r0, (UNDEF: 4)
     e94:	352e0200 	strcc	r0, [lr, #-512]!	@ 0xfffffe00
     e98:	0000009f 	muleq	r0, pc, r0	@ <UNPREDICTABLE>
     e9c:	00b10f00 	adcseq	r0, r1, r0, lsl #30
     ea0:	2b020000 	blcs	80ea8 <FIQ_STACK_POINTER+0x7cea8>
     ea4:	0e9b0314 	mrceq	3, 4, r0, cr11, cr4, {0}
     ea8:	70040000 	andvc	r0, r4, r0
     eac:	2d2b0200 	sfmcs	f0, 4, [fp, #-0]
     eb0:	000000ee 	andeq	r0, r0, lr, ror #1
     eb4:	6e656c04 	cdpvs	12, 6, cr6, cr5, cr4, {0}
     eb8:	392b0200 	stmdbcc	fp!, {r9}
     ebc:	0000002d 	andeq	r0, r0, sp, lsr #32
     ec0:	01830f00 	orreq	r0, r3, r0, lsl #30
     ec4:	2a020000 	bcs	80ecc <FIQ_STACK_POINTER+0x7cecc>
     ec8:	0ebf0314 	mrceq	3, 5, r0, cr15, cr4, {0}
     ecc:	70040000 	andvc	r0, r4, r0
     ed0:	2d2a0200 	sfmcs	f0, 4, [sl, #-0]
     ed4:	000000ee 	andeq	r0, r0, lr, ror #1
     ed8:	6e656c04 	cdpvs	12, 6, cr6, cr5, cr4, {0}
     edc:	392a0200 	stmdbcc	sl!, {r9}
     ee0:	0000002d 	andeq	r0, r0, sp, lsr #32
     ee4:	0dc33200 	sfmeq	f3, 2, [r3]
     ee8:	00b00000 	adcseq	r0, r0, r0
     eec:	00380000 	eorseq	r0, r8, r0
     ef0:	9c010000 	stcls	0, cr0, [r1], {-0}
     ef4:	00000fef 	andeq	r0, r0, pc, ror #31
     ef8:	000dd101 	andeq	sp, sp, r1, lsl #2
     efc:	00059000 	andeq	r9, r5, r0
     f00:	00058c00 	andeq	r8, r5, r0, lsl #24
     f04:	0ddd0100 	ldfeqe	f0, [sp]
     f08:	05a80000 	streq	r0, [r8, #0]!
     f0c:	05a40000 	streq	r0, [r4, #0]!
     f10:	e9330000 	ldmdb	r3!, {}	@ <UNPREDICTABLE>
     f14:	0100000d 	tsteq	r0, sp
     f18:	0e310652 	mrceq	6, 1, r0, cr1, cr2, {2}
     f1c:	00b00000 	adcseq	r0, r0, r0
     f20:	00020000 	andeq	r0, r2, r0
     f24:	000000b0 	strheq	r0, [r0], -r0	@ <UNPREDICTABLE>
     f28:	00000010 	andeq	r0, r0, r0, lsl r0
     f2c:	0f2c0517 	svceq	0x002c0517
     f30:	39050000 	stmdbcc	r5, {}	@ <UNPREDICTABLE>
     f34:	b400000e 	strlt	r0, [r0], #-14
     f38:	02000000 	andeq	r0, r0, #0
     f3c:	00000c00 	andeq	r0, r0, r0, lsl #24
     f40:	010c0600 	tsteq	ip, r0, lsl #12
     f44:	00000e4a 	andeq	r0, r0, sl, asr #28
     f48:	000005be 			@ <UNDEFINED> instruction: 0x000005be
     f4c:	000005bc 			@ <UNDEFINED> instruction: 0x000005bc
     f50:	55020000 	strpl	r0, [r2, #-0]
     f54:	c400000e 	strgt	r0, [r0], #-14
     f58:	00000000 	andeq	r0, r0, r0
     f5c:	00001300 	andeq	r1, r0, r0, lsl #6
     f60:	0f5b1800 	svceq	0x005b1800
     f64:	6c010000 	stcvs	0, cr0, [r1], {-0}
     f68:	c900000e 	stmdbgt	r0, {r1, r2, r3}
     f6c:	c7000005 	strgt	r0, [r0, -r5]
     f70:	01000005 	tsteq	r0, r5
     f74:	00000e62 	andeq	r0, r0, r2, ror #28
     f78:	000005d4 	ldrdeq	r0, [r0], -r4
     f7c:	000005d2 	ldrdeq	r0, [r0], -r2
     f80:	0e310200 	cdpeq	2, 3, cr0, cr1, cr0, {0}
     f84:	00d80000 	sbcseq	r0, r8, r0
     f88:	00020000 	andeq	r0, r2, r0
     f8c:	0000001a 	andeq	r0, r0, sl, lsl r0
     f90:	000f8f1b 	andeq	r8, pc, fp, lsl pc	@ <UNPREDICTABLE>
     f94:	0e390500 	cfabs32eq	mvfx0, mvfx9
     f98:	00d80000 	sbcseq	r0, r8, r0
     f9c:	00060000 	andeq	r0, r6, r0
     fa0:	00000021 	andeq	r0, r0, r1, lsr #32
     fa4:	4a010c06 	bmi	43fc4 <FIQ_STACK_POINTER+0x3ffc4>
     fa8:	dc00000e 	stcle	0, cr0, [r0], {14}
     fac:	da000005 	ble	fc8 <main+0x714>
     fb0:	00000005 	andeq	r0, r0, r5
     fb4:	0e550200 	cdpeq	2, 5, cr0, cr5, cr0, {0}
     fb8:	00d40000 	sbcseq	r0, r4, r0
     fbc:	00020000 	andeq	r0, r2, r0
     fc0:	00000028 	andeq	r0, r0, r8, lsr #32
     fc4:	000fbe1a 	andeq	fp, pc, sl, lsl lr	@ <UNPREDICTABLE>
     fc8:	0e6c0100 	poweqe	f0, f4, f0
     fcc:	05e70000 	strbeq	r0, [r7, #0]!
     fd0:	05e50000 	strbeq	r0, [r5, #0]!
     fd4:	62010000 	andvs	r0, r1, #0
     fd8:	f200000e 	vhadd.s8	d0, d0, d14
     fdc:	f0000005 			@ <UNDEFINED> instruction: 0xf0000005
     fe0:	00000005 	andeq	r0, r0, r5
     fe4:	000e5503 	andeq	r5, lr, r3, lsl #10
     fe8:	0000d000 	andeq	sp, r0, r0
     fec:	d0000200 	andle	r0, r0, r0, lsl #4
     ff0:	04000000 	streq	r0, [r0], #-0
     ff4:	19000000 	stmdbne	r0, {}	@ <UNPREDICTABLE>
     ff8:	0e6c0105 	poweqe	f0, f4, f5
     ffc:	05fb0000 	ldrbeq	r0, [fp, #0]!
    1000:	05f90000 	ldrbeq	r0, [r9, #0]!
    1004:	62010000 	andvs	r0, r1, #0
    1008:	0600000e 	streq	r0, [r0], -lr
    100c:	04000006 	streq	r0, [r0], #-6
    1010:	00000006 	andeq	r0, r0, r6
    1014:	0d9c3400 	cfldrseq	mvf3, [ip]
    1018:	00e80000 	rsceq	r0, r8, r0
    101c:	00400000 	subeq	r0, r0, r0
    1020:	9c010000 	stcls	0, cr0, [r1], {-0}
    1024:	000daa01 	andeq	sl, sp, r1, lsl #20
    1028:	00061000 	andeq	r1, r6, r0
    102c:	00060c00 	andeq	r0, r6, r0, lsl #24
    1030:	0db60100 	ldfeqs	f0, [r6]
    1034:	06280000 	strteq	r0, [r8], -r0
    1038:	06240000 	strteq	r0, [r4], -r0
    103c:	31060000 	mrscc	r0, (UNDEF: 6)
    1040:	e800000e 	stmda	r0, {r1, r2, r3}
    1044:	02000000 	andeq	r0, r0, #0
    1048:	0000e800 	andeq	lr, r0, r0, lsl #16
    104c:	00001000 	andeq	r1, r0, r0
    1050:	51052000 	mrspl	r2, (UNDEF: 5)
    1054:	05000010 	streq	r0, [r0, #-16]
    1058:	00000e39 	andeq	r0, r0, r9, lsr lr
    105c:	000000ec 	andeq	r0, r0, ip, ror #1
    1060:	002f0002 	eoreq	r0, pc, r2
    1064:	0c060000 	stceq	0, cr0, [r6], {-0}
    1068:	000e4a01 	andeq	r4, lr, r1, lsl #20
    106c:	00063e00 	andeq	r3, r6, r0, lsl #28
    1070:	00063c00 	andeq	r3, r6, r0, lsl #24
    1074:	02000000 	andeq	r0, r0, #0
    1078:	00000e55 	andeq	r0, r0, r5, asr lr
    107c:	000000fc 	strdeq	r0, [r0], -ip
    1080:	00360000 	eorseq	r0, r6, r0
    1084:	80210000 	eorhi	r0, r1, r0
    1088:	01000010 	tsteq	r0, r0, lsl r0
    108c:	00000e6c 	andeq	r0, r0, ip, ror #28
    1090:	00000649 	andeq	r0, r0, r9, asr #12
    1094:	00000647 	andeq	r0, r0, r7, asr #12
    1098:	000e6201 	andeq	r6, lr, r1, lsl #4
    109c:	00065400 	andeq	r5, r6, r0, lsl #8
    10a0:	00065200 	andeq	r5, r6, r0, lsl #4
    10a4:	55020000 	strpl	r0, [r2, #-0]
    10a8:	0800000e 	stmdaeq	r0, {r1, r2, r3}
    10ac:	02000001 	andeq	r0, r0, #1
    10b0:	00003d00 	andeq	r3, r0, r0, lsl #26
    10b4:	10af2200 	adcne	r2, pc, r0, lsl #4
    10b8:	6c010000 	stcvs	0, cr0, [r1], {-0}
    10bc:	5c00000e 	stcpl	0, cr0, [r0], {14}
    10c0:	5a000006 	bpl	10e0 <main+0x82c>
    10c4:	01000006 	tsteq	r0, r6
    10c8:	00000e62 	andeq	r0, r0, r2, ror #28
    10cc:	00000667 	andeq	r0, r0, r7, ror #12
    10d0:	00000665 	andeq	r0, r0, r5, ror #12
    10d4:	0e310200 	cdpeq	2, 3, cr0, cr1, cr0, {0}
    10d8:	010c0000 	mrseq	r0, (UNDEF: 12)
    10dc:	00020000 	andeq	r0, r2, r0
    10e0:	00000044 	andeq	r0, r0, r4, asr #32
    10e4:	0010e323 	andseq	lr, r0, r3, lsr #6
    10e8:	0e390500 	cfabs32eq	mvfx0, mvfx9
    10ec:	010c0000 	mrseq	r0, (UNDEF: 12)
    10f0:	00060000 	andeq	r0, r6, r0
    10f4:	0000004b 	andeq	r0, r0, fp, asr #32
    10f8:	4a010c06 	bmi	44118 <FIQ_STACK_POINTER+0x40118>
    10fc:	7000000e 	andvc	r0, r0, lr
    1100:	6e000006 	cdpvs	0, 0, cr0, cr0, cr6, {0}
    1104:	00000006 	andeq	r0, r0, r6
    1108:	0e390300 	cdpeq	3, 3, cr0, cr9, cr0, {0}
    110c:	01180000 	tsteq	r8, r0
    1110:	00010000 	andeq	r0, r1, r0
    1114:	00000118 	andeq	r0, r0, r8, lsl r1
    1118:	00000004 	andeq	r0, r0, r4
    111c:	4a011224 	bmi	459b4 <FIQ_STACK_POINTER+0x419b4>
    1120:	7b00000e 	blvc	1160 <main+0x8ac>
    1124:	79000006 	stmdbvc	r0, {r1, r2}
    1128:	00000006 	andeq	r0, r0, r6
    112c:	033e0000 	teqeq	lr, #0
    1130:	00050000 	andeq	r0, r5, r0
    1134:	02f80401 	rscseq	r0, r8, #16777216	@ 0x1000000
    1138:	3b120000 	blcc	481140 <FIQ_STACK_POINTER+0x47d140>
    113c:	1d000002 	stcne	0, cr0, [r0, #-8]
    1140:	000002b4 			@ <UNDEFINED> instruction: 0x000002b4
    1144:	00000019 	andeq	r0, r0, r9, lsl r0
    1148:	0000041c 	andeq	r0, r0, ip, lsl r4
    114c:	000000d4 	ldrdeq	r0, [r0], -r4
    1150:	00000ad1 	ldrdeq	r0, [r0], -r1
    1154:	5d060101 	stfpls	f0, [r6, #-4]
    1158:	01000001 	tsteq	r0, r1
    115c:	01790502 	cmneq	r9, r2, lsl #10
    1160:	04010000 	streq	r0, [r1], #-0
    1164:	0000a105 	andeq	sl, r0, r5, lsl #2
    1168:	05080100 	streq	r0, [r8, #-256]	@ 0xffffff00
    116c:	0000009c 	muleq	r0, ip, r0
    1170:	00021b13 	andeq	r1, r2, r3, lsl fp
    1174:	182e0300 	stmdane	lr!, {r8, r9}
    1178:	00000053 	andeq	r0, r0, r3, asr r0
    117c:	00004208 	andeq	r4, r0, r8, lsl #4
    1180:	08010100 	stmdaeq	r1, {r8}
    1184:	0000015b 	andeq	r0, r0, fp, asr r1
    1188:	00005308 	andeq	r5, r0, r8, lsl #6
    118c:	07020100 	streq	r0, [r2, -r0, lsl #2]
    1190:	000000ea 	andeq	r0, r0, sl, ror #1
    1194:	66070401 	strvs	r0, [r7], -r1, lsl #8
    1198:	01000000 	mrseq	r0, (UNDEF: 0)
    119c:	00610708 	rsbeq	r0, r1, r8, lsl #14
    11a0:	04140000 	ldreq	r0, [r4], #-0
    11a4:	746e6905 	strbtvc	r6, [lr], #-2309	@ 0xfffff6fb
    11a8:	07040100 	streq	r0, [r4, -r0, lsl #2]
    11ac:	0000006b 	andeq	r0, r0, fp, rrx
    11b0:	0000de0a 	andeq	sp, r0, sl, lsl #28
    11b4:	00747f00 	rsbseq	r7, r4, r0, lsl #30
    11b8:	009b0000 	addseq	r0, fp, r0
    11bc:	9b050000 	blls	1411c4 <FIQ_STACK_POINTER+0x13d1c4>
    11c0:	05000000 	streq	r0, [r0, #-0]
    11c4:	0000009d 	muleq	r0, sp, r0
    11c8:	06041500 	streq	r1, [r4], -r0, lsl #10
    11cc:	0000007b 	andeq	r0, r0, fp, ror r0
    11d0:	0002aa16 	andeq	sl, r2, r6, lsl sl
    11d4:	0e280400 	cdpeq	4, 2, cr0, cr8, cr0, {0}
    11d8:	000000b4 	strheq	r0, [r0], -r4
    11dc:	0000b405 	andeq	fp, r0, r5, lsl #8
    11e0:	b9060000 	stmdblt	r6, {}	@ <UNPREDICTABLE>
    11e4:	01000000 	mrseq	r0, (UNDEF: 0)
    11e8:	01640801 	cmneq	r4, r1, lsl #16
    11ec:	b9080000 	stmdblt	r8, {}	@ <UNPREDICTABLE>
    11f0:	0a000000 	beq	11f8 <main+0x944>
    11f4:	00000152 	andeq	r0, r0, r2, asr r1
    11f8:	0000747d 	andeq	r7, r0, sp, ror r4
    11fc:	0000d900 	andeq	sp, r0, r0, lsl #18
    1200:	00d90500 	sbcseq	r0, r9, r0, lsl #10
    1204:	06000000 	streq	r0, [r0], -r0
    1208:	0000004e 	andeq	r0, r0, lr, asr #32
    120c:	0002f90b 	andeq	pc, r2, fp, lsl #18
    1210:	04601f00 	strbteq	r1, [r0], #-3840	@ 0xfffff100
    1214:	00900000 	addseq	r0, r0, r0
    1218:	9c010000 	stcls	0, cr0, [r1], {-0}
    121c:	00000221 	andeq	r0, r0, r1, lsr #4
    1220:	6e656c0c 	cdpvs	12, 6, cr6, cr5, cr12, {0}
    1224:	7b0e2100 	blvc	38962c <FIQ_STACK_POINTER+0x38562c>
    1228:	02000000 	andeq	r0, r0, #0
    122c:	28076891 	stmdacs	r7, {r0, r4, r7, fp, sp, lr}
    1230:	84000003 	strhi	r0, [r0], #-3
    1234:	01000004 	tsteq	r0, r4
    1238:	00000484 	andeq	r0, r0, r4, lsl #9
    123c:	00000008 	andeq	r0, r0, r8
    1240:	01390923 	teqeq	r9, r3, lsr #18
    1244:	32030000 	andcc	r0, r3, #0
    1248:	92000003 	andls	r0, r0, #3
    124c:	90000006 	andls	r0, r0, r6
    1250:	04000006 	streq	r0, [r0], #-6
    1254:	0000048c 	andeq	r0, r0, ip, lsl #9
    1258:	000000a2 	andeq	r0, r0, r2, lsr #1
    125c:	05500102 	ldrbeq	r0, [r0, #-258]	@ 0xfffffefe
    1260:	00085403 	andeq	r5, r8, r3, lsl #8
    1264:	07000000 	streq	r0, [r0, -r0]
    1268:	000002d3 	ldrdeq	r0, [r0], -r3
    126c:	00000490 	muleq	r0, r0, r4
    1270:	00049000 	andeq	r9, r4, r0
    1274:	00004400 	andeq	r4, r0, r0, lsl #8
    1278:	d2092400 	andle	r2, r9, #0, 8
    127c:	03000001 	movweq	r0, #1
    1280:	000002dd 	ldrdeq	r0, [r0], -sp
    1284:	0000069f 	muleq	r0, pc, r6	@ <UNPREDICTABLE>
    1288:	0000069d 	muleq	r0, sp, r6
    128c:	0002e617 	andeq	lr, r2, r7, lsl r6
    1290:	6c910200 	lfmvs	f0, 4, [r1], {0}
    1294:	0002f118 	andeq	pc, r2, r8, lsl r1	@ <UNPREDICTABLE>
    1298:	0004a000 	andeq	sl, r4, r0
    129c:	00002400 	andeq	r2, r0, r0, lsl #8
    12a0:	0001a300 	andeq	sl, r1, r0, lsl #6
    12a4:	02f21900 	rscseq	r1, r2, #0, 18
    12a8:	06ae0000 	strteq	r0, [lr], r0
    12ac:	06a60000 	strteq	r0, [r6], r0
    12b0:	0d0d0000 	stceq	0, cr0, [sp, #-0]
    12b4:	a0000003 	andge	r0, r0, r3
    12b8:	04000004 	streq	r0, [r0], #-4
    12bc:	00000242 	andeq	r0, r0, r2, asr #4
    12c0:	1e032810 	mcrne	8, 0, r2, cr3, cr0, {0}
    12c4:	e5000003 	str	r0, [r0, #-3]
    12c8:	e1000006 	tst	r0, r6
    12cc:	00000006 	andeq	r0, r0, r6
    12d0:	03280d00 			@ <UNDEFINED> instruction: 0x03280d00
    12d4:	04d00000 	ldrbeq	r0, [r0], #0
    12d8:	52010000 	andpl	r0, r1, #0
    12dc:	12000002 	andne	r0, r0, #2
    12e0:	03320305 	teqeq	r2, #335544320	@ 0x14000000
    12e4:	06fd0000 	ldrbteq	r0, [sp], r0
    12e8:	06f90000 	ldrbteq	r0, [r9], r0
    12ec:	d4040000 	strle	r0, [r4], #-0
    12f0:	a2000004 	andge	r0, r0, #4
    12f4:	02000000 	andeq	r0, r0, #0
    12f8:	91025001 	tstls	r2, r1
    12fc:	00000064 	andeq	r0, r0, r4, rrx
    1300:	00032807 	andeq	r2, r3, r7, lsl #16
    1304:	0004d400 	andeq	sp, r4, r0, lsl #8
    1308:	04d40200 	ldrbeq	r0, [r4], #512	@ 0x200
    130c:	00080000 	andeq	r0, r8, r0
    1310:	09250000 	stmdbeq	r5!, {}	@ <UNPREDICTABLE>
    1314:	0000020b 	andeq	r0, r0, fp, lsl #4
    1318:	00033203 	andeq	r3, r3, r3, lsl #4
    131c:	00071000 	andeq	r1, r7, r0
    1320:	00070e00 	andeq	r0, r7, r0, lsl #28
    1324:	04dc0400 	ldrbeq	r0, [ip], #1024	@ 0x400
    1328:	00a20000 	adceq	r0, r2, r0
    132c:	01020000 	mrseq	r0, (UNDEF: 2)
    1330:	68030550 	stmdavs	r3, {r4, r6, r8, sl}
    1334:	00000008 	andeq	r0, r0, r8
    1338:	04740400 	ldrbteq	r0, [r4], #-1024	@ 0xfffffc00
    133c:	00820000 	addeq	r0, r2, r0
    1340:	01020000 	mrseq	r0, (UNDEF: 2)
    1344:	02300150 	eorseq	r0, r0, #80, 2
    1348:	91025101 	tstls	r2, r1, lsl #2
    134c:	0b000060 	bleq	14d4 <main+0xc20>
    1350:	000002e0 	andeq	r0, r0, r0, ror #5
    1354:	00041c16 	andeq	r1, r4, r6, lsl ip
    1358:	00004400 	andeq	r4, r0, r0, lsl #8
    135c:	c39c0100 	orrsgt	r0, ip, #0, 2
    1360:	0c000002 	stceq	0, cr0, [r0], {2}
    1364:	0063616d 	rsbeq	r6, r3, sp, ror #2
    1368:	02c31918 	sbceq	r1, r3, #24, 18	@ 0x60000
    136c:	91020000 	mrsls	r0, (UNDEF: 2)
    1370:	03281a70 			@ <UNDEFINED> instruction: 0x03281a70
    1374:	04380000 	ldrteq	r0, [r8], #-0
    1378:	3b010000 	blcc	41380 <FIQ_STACK_POINTER+0x3d380>
    137c:	01000002 	tsteq	r0, r2
    1380:	02790519 	rsbseq	r0, r9, #104857600	@ 0x6400000
    1384:	32030000 	andcc	r0, r3, #0
    1388:	1f000003 	svcne	0x00000003
    138c:	1d000007 	stcne	0, cr0, [r0, #-28]	@ 0xffffffe4
    1390:	04000007 	streq	r0, [r0], #-7
    1394:	0000043c 	andeq	r0, r0, ip, lsr r4
    1398:	000000a2 	andeq	r0, r0, r2, lsr #1
    139c:	05500102 	ldrbeq	r0, [r0, #-258]	@ 0xfffffefe
    13a0:	00082c03 	andeq	r2, r8, r3, lsl #24
    13a4:	07000000 	streq	r0, [r0, -r0]
    13a8:	00000328 	andeq	r0, r0, r8, lsr #6
    13ac:	00000444 	andeq	r0, r0, r4, asr #8
    13b0:	00044401 	andeq	r4, r4, r1, lsl #8
    13b4:	00000800 	andeq	r0, r0, r0, lsl #16
    13b8:	b2051b00 	andlt	r1, r5, #0, 22
    13bc:	03000002 	movweq	r0, #2
    13c0:	00000332 	andeq	r0, r0, r2, lsr r3
    13c4:	0000072c 	andeq	r0, r0, ip, lsr #14
    13c8:	0000072a 	andeq	r0, r0, sl, lsr #14
    13cc:	00044c04 	andeq	r4, r4, r4, lsl #24
    13d0:	0000a200 	andeq	sl, r0, r0, lsl #4
    13d4:	50010200 	andpl	r0, r1, r0, lsl #4
    13d8:	083c0305 	ldmdaeq	ip!, {r0, r2, r8, r9}
    13dc:	00000000 	andeq	r0, r0, r0
    13e0:	00044404 	andeq	r4, r4, r4, lsl #8
    13e4:	0000c500 	andeq	ip, r0, r0, lsl #10
    13e8:	50010200 	andpl	r0, r1, r0, lsl #4
    13ec:	00689102 	rsbeq	r9, r8, r2, lsl #2
    13f0:	005a0e00 	subseq	r0, sl, r0, lsl #28
    13f4:	02d30000 	sbcseq	r0, r3, #0
    13f8:	7b0f0000 	blvc	3c1400 <FIQ_STACK_POINTER+0x3bd400>
    13fc:	05000000 	streq	r0, [r0, #-0]
    1400:	02d41000 	sbcseq	r1, r4, #0
    1404:	fd0d0000 	stc2	0, cr0, [sp, #-0]
    1408:	09000002 	stmdbeq	r0, {r1}
    140c:	220d0078 	andcs	r0, sp, #120	@ 0x78
    1410:	0000007b 	andeq	r0, r0, fp, ror r0
    1414:	66756211 			@ <UNDEFINED> instruction: 0x66756211
    1418:	fd0a0e00 	stc2	14, cr0, [sl, #-0]
    141c:	1b000002 	blne	142c <main+0xb78>
    1420:	10006911 	andne	r6, r0, r1, lsl r9
    1424:	0000740e 	andeq	r7, r0, lr, lsl #8
    1428:	0e000000 	cdpeq	0, 0, cr0, cr0, cr0, {0}
    142c:	000000b9 	strheq	r0, [r0], -r9
    1430:	0000030d 	andeq	r0, r0, sp, lsl #6
    1434:	00007b0f 	andeq	r7, r0, pc, lsl #22
    1438:	1c000a00 			@ <UNDEFINED> instruction: 0x1c000a00
    143c:	000002ee 	andeq	r0, r0, lr, ror #5
    1440:	b9140801 	ldmdblt	r4, {r0, fp}
    1444:	03000000 	movweq	r0, #0
    1448:	00000328 	andeq	r0, r0, r8, lsr #6
    144c:	08007609 	stmdaeq	r0, {r0, r3, r9, sl, ip, sp, lr}
    1450:	00007b28 	andeq	r7, r0, r8, lsr #22
    1454:	07100000 	ldreq	r0, [r0, -r0]
    1458:	06000003 	streq	r0, [r0], -r3
    145c:	0000033c 	andeq	r0, r0, ip, lsr r3
    1460:	06007309 	streq	r7, [r0], -r9, lsl #6
    1464:	00033c23 	andeq	r3, r3, r3, lsr #24
    1468:	c0060000 	andgt	r0, r6, r0
    146c:	00000000 	andeq	r0, r0, r0
    1470:	00000359 	andeq	r0, r0, r9, asr r3
    1474:	04010005 	streq	r0, [r1], #-5
    1478:	00000493 	muleq	r0, r3, r4
    147c:	00023b11 	andeq	r3, r2, r1, lsl fp
    1480:	03111d00 	tsteq	r1, #0, 26
    1484:	00190000 	andseq	r0, r9, r0
    1488:	04f00000 	ldrbteq	r0, [r0], #0
    148c:	00f40000 	rscseq	r0, r4, r0
    1490:	0cf10000 	ldcleq	0, cr0, [r1]
    1494:	01010000 	mrseq	r0, (UNDEF: 1)
    1498:	00015d06 	andeq	r5, r1, r6, lsl #26
    149c:	05020100 	streq	r0, [r2, #-256]	@ 0xffffff00
    14a0:	00000179 	andeq	r0, r0, r9, ror r1
    14a4:	a1050401 	tstge	r5, r1, lsl #8
    14a8:	01000000 	mrseq	r0, (UNDEF: 0)
    14ac:	009c0508 	addseq	r0, ip, r8, lsl #10
    14b0:	01010000 	mrseq	r0, (UNDEF: 1)
    14b4:	00015b08 	andeq	r5, r1, r8, lsl #22
    14b8:	07020100 	streq	r0, [r2, -r0, lsl #2]
    14bc:	000000ea 	andeq	r0, r0, sl, ror #1
    14c0:	0001960a 	andeq	r9, r1, sl, lsl #12
    14c4:	5b193400 	blpl	64e4cc <FIQ_STACK_POINTER+0x64a4cc>
    14c8:	01000000 	mrseq	r0, (UNDEF: 0)
    14cc:	00660704 	rsbeq	r0, r6, r4, lsl #14
    14d0:	08010000 	stmdaeq	r1, {}	@ <UNPREDICTABLE>
    14d4:	00006107 	andeq	r6, r0, r7, lsl #2
    14d8:	05041200 	streq	r1, [r4, #-512]	@ 0xfffffe00
    14dc:	00746e69 	rsbseq	r6, r4, r9, ror #28
    14e0:	6b070401 	blvs	1c24ec <FIQ_STACK_POINTER+0x1be4ec>
    14e4:	0a000000 	beq	14ec <main+0xc38>
    14e8:	00000057 	andeq	r0, r0, r7, asr r0
    14ec:	00701a56 	rsbseq	r1, r0, r6, asr sl
    14f0:	aa130000 	bge	4c14f8 <FIQ_STACK_POINTER+0x4bd4f8>
    14f4:	04000002 	streq	r0, [r0], #-2
    14f8:	00940e28 	addseq	r0, r4, r8, lsr #28
    14fc:	94070000 	strls	r0, [r7], #-0
    1500:	00000000 	andeq	r0, r0, r0
    1504:	00009908 	andeq	r9, r0, r8, lsl #18
    1508:	08010100 	stmdaeq	r1, {r8}
    150c:	00000164 	andeq	r0, r0, r4, ror #2
    1510:	0000990b 	andeq	r9, r0, fp, lsl #18
    1514:	00de1400 	sbcseq	r1, lr, r0, lsl #8
    1518:	7f020000 	svcvc	0x00020000
    151c:	00006906 	andeq	r6, r0, r6, lsl #18
    1520:	0000c000 	andeq	ip, r0, r0
    1524:	00c00700 	sbceq	r0, r0, r0, lsl #14
    1528:	c2070000 	andgt	r0, r7, #0
    152c:	00000000 	andeq	r0, r0, r0
    1530:	70080415 	andvc	r0, r8, r5, lsl r4
    1534:	16000000 	strne	r0, [r0], -r0
    1538:	00000330 	andeq	r0, r0, r0, lsr r3
    153c:	f0061301 			@ <UNDEFINED> instruction: 0xf0061301
    1540:	f4000004 	vst4.8	{d0-d3}, [r0], r4
    1544:	01000000 	mrseq	r0, (UNDEF: 0)
    1548:	0002a99c 	muleq	r2, ip, r9
    154c:	72731700 	rsbsvc	r1, r3, #0, 14
    1550:	15010063 	strne	r0, [r1, #-99]	@ 0xffffff9d
    1554:	0000700e 	andeq	r7, r0, lr
    1558:	00074700 	andeq	r4, r7, r0, lsl #14
    155c:	00074300 	andeq	r4, r7, r0, lsl #6
    1560:	02771800 	rsbseq	r1, r7, #0, 16
    1564:	01ec0000 	mvneq	r0, r0
    1568:	6c0c0000 	stcvs	0, cr0, [ip], {-0}
    156c:	1c006e65 	stcne	14, cr6, [r0], {101}	@ 0x65
    1570:	00007012 	andeq	r7, r0, r2, lsl r0
    1574:	58910200 	ldmpl	r1, {r9}
    1578:	0002770d 	andeq	r7, r2, sp, lsl #14
    157c:	00690900 	rsbeq	r0, r9, r0, lsl #18
    1580:	0069121d 	rsbeq	r1, r9, sp, lsl r2
    1584:	08040000 	stmdaeq	r4, {}	@ <UNPREDICTABLE>
    1588:	38000003 	stmdacc	r0, {r0, r1}
    158c:	01000005 	tsteq	r0, r5
    1590:	0000027f 	andeq	r0, r0, pc, ror r2
    1594:	0148111f 	cmpeq	r8, pc, lsl r1
    1598:	12020000 	andne	r0, r2, #0
    159c:	57000003 	strpl	r0, [r0, -r3]
    15a0:	55000007 	strpl	r0, [r0, #-7]
    15a4:	05000007 	streq	r0, [r0, #-7]
    15a8:	00000540 	andeq	r0, r0, r0, asr #10
    15ac:	00000082 	andeq	r0, r0, r2, lsl #1
    15b0:	02500103 	subseq	r0, r0, #-1073741824	@ 0xc0000000
    15b4:	00000077 	andeq	r0, r0, r7, ror r0
    15b8:	00030804 	andeq	r0, r3, r4, lsl #16
    15bc:	00058000 	andeq	r8, r5, r0
    15c0:	02860200 	addeq	r0, r6, #0, 4
    15c4:	11210000 			@ <UNDEFINED> instruction: 0x11210000
    15c8:	0000017a 	andeq	r0, r0, sl, ror r1
    15cc:	00031202 	andeq	r1, r3, r2, lsl #4
    15d0:	00076400 	andeq	r6, r7, r0, lsl #8
    15d4:	00076200 	andeq	r6, r7, r0, lsl #4
    15d8:	05880500 	streq	r0, [r8, #1280]	@ 0x500
    15dc:	00820000 	addeq	r0, r2, r0
    15e0:	01030000 	mrseq	r0, (UNDEF: 3)
    15e4:	00760250 	rsbseq	r0, r6, r0, asr r2
    15e8:	a9040000 	stmdbge	r4, {}	@ <UNPREDICTABLE>
    15ec:	48000002 	stmdami	r0, {r1}
    15f0:	00000005 	andeq	r0, r0, r5
    15f4:	0000028f 	andeq	r0, r0, pc, lsl #5
    15f8:	01d51120 	bicseq	r1, r5, r0, lsr #2
    15fc:	b3020000 	movwlt	r0, #8192	@ 0x2000
    1600:	75000002 	strvc	r0, [r0, #-2]
    1604:	71000007 	tstvc	r0, r7
    1608:	0d000007 	stceq	0, cr0, [r0, #-28]	@ 0xffffffe4
    160c:	0000028f 	andeq	r0, r0, pc, lsl #5
    1610:	0002cc19 	andeq	ip, r2, r9, lsl ip
    1614:	5c910200 	lfmpl	f0, 4, [r1], {0}
    1618:	0002d71a 	andeq	sp, r2, sl, lsl r7
    161c:	00029700 	andeq	r9, r2, r0, lsl #14
    1620:	0001c300 	andeq	ip, r1, r0, lsl #6
    1624:	02d81b00 	sbcseq	r1, r8, #0, 22
    1628:	078c0000 	streq	r0, [ip, r0]
    162c:	07840000 	streq	r0, [r4, r0]
    1630:	05000000 	streq	r0, [r0, #-0]
    1634:	00000580 	andeq	r0, r0, r0, lsl #11
    1638:	00000082 	andeq	r0, r0, r2, lsl #1
    163c:	02500103 	subseq	r0, r0, #-1073741824	@ 0xc0000000
    1640:	00005491 	muleq	r0, r1, r4
    1644:	05300500 	ldreq	r0, [r0, #-1280]!	@ 0xfffffb00
    1648:	00a50000 	adceq	r0, r5, r0
    164c:	01030000 	mrseq	r0, (UNDEF: 3)
    1650:	03300150 	teqeq	r0, #80, 2
    1654:	91025101 	tstls	r2, r1, lsl #2
    1658:	00000050 	andeq	r0, r0, r0, asr r0
    165c:	00032204 	andeq	r2, r3, r4, lsl #4
    1660:	0004f000 	andeq	pc, r4, r0
    1664:	02690200 	rsbeq	r0, r9, #0, 4
    1668:	14150000 	ldrne	r0, [r5], #-0
    166c:	0000020e 	andeq	r0, r0, lr, lsl #4
    1670:	00033302 	andeq	r3, r3, r2, lsl #6
    1674:	0007ba00 	andeq	fp, r7, r0, lsl #20
    1678:	0007b800 	andeq	fp, r7, r0, lsl #16
    167c:	3e040000 	cdpcc	0, 0, cr0, cr4, cr0, {0}
    1680:	08000003 	stmdaeq	r0, {r0, r1}
    1684:	01000005 	tsteq	r0, r5
    1688:	00000270 	andeq	r0, r0, r0, ror r2
    168c:	023d0519 	eorseq	r0, sp, #104857600	@ 0x6400000
    1690:	51020000 	mrspl	r0, (UNDEF: 2)
    1694:	c5000003 	strgt	r0, [r0, #-3]
    1698:	c3000007 	movwgt	r0, #7
    169c:	02000007 	andeq	r0, r0, #7
    16a0:	00000347 	andeq	r0, r0, r7, asr #6
    16a4:	000007d0 	ldrdeq	r0, [r0], -r0	@ <UNPREDICTABLE>
    16a8:	000007ce 	andeq	r0, r0, lr, asr #15
    16ac:	03080400 	movweq	r0, #33792	@ 0x8400
    16b0:	05a80000 	streq	r0, [r8, #0]!
    16b4:	9f010000 	svcls	0x00010000
    16b8:	26000002 	strcs	r0, [r0], -r2
    16bc:	00027218 	andeq	r7, r2, r8, lsl r2
    16c0:	03120200 	tsteq	r2, #0, 4
    16c4:	07d80000 	ldrbeq	r0, [r8, r0]
    16c8:	07d60000 	ldrbeq	r0, [r6, r0]
    16cc:	b81c0000 	ldmdalt	ip, {}	@ <UNPREDICTABLE>
    16d0:	82000005 	andhi	r0, r0, #5
    16d4:	03000000 	movweq	r0, #0
    16d8:	03055001 	movweq	r5, #20481	@ 0x5001
    16dc:	00000890 	muleq	r0, r0, r8
    16e0:	081d0000 	ldmdaeq	sp, {}	@ <UNPREDICTABLE>
    16e4:	b8000003 	stmdalt	r0, {r0, r1}
    16e8:	02000005 	andeq	r0, r0, #5
    16ec:	000005b8 			@ <UNDEFINED> instruction: 0x000005b8
    16f0:	00000008 	andeq	r0, r0, r8
    16f4:	02182501 	andseq	r2, r8, #4194304	@ 0x400000
    16f8:	00000312 	andeq	r0, r0, r2, lsl r3
    16fc:	000007e7 	andeq	r0, r0, r7, ror #15
    1700:	000007e5 	andeq	r0, r0, r5, ror #15
    1704:	0005c005 	andeq	ip, r5, r5
    1708:	00008200 	andeq	r8, r0, r0, lsl #4
    170c:	50010300 	andpl	r0, r1, r0, lsl #6
    1710:	087c0305 	ldmdaeq	ip!, {r0, r2, r8, r9}^
    1714:	00000000 	andeq	r0, r0, r0
    1718:	02d40e00 	sbcseq	r0, r4, #0, 28
    171c:	e30b0000 	movw	r0, #45056	@ 0xb000
    1720:	06000002 	streq	r0, [r0], -r2
    1724:	0b010078 	bleq	4190c <FIQ_STACK_POINTER+0x3d90c>
    1728:	00007022 	andeq	r7, r0, r2, lsr #32
    172c:	00680c00 	rsbeq	r0, r8, r0, lsl #24
    1730:	02f3150c 	rscseq	r1, r3, #12, 10	@ 0x3000000
    1734:	03050000 	movweq	r0, #20480	@ 0x5000
    1738:	000008a0 	andeq	r0, r0, r0, lsr #17
    173c:	66756209 	ldrbtvs	r6, [r5], -r9, lsl #4
    1740:	f8080d00 			@ <UNDEFINED> instruction: 0xf8080d00
    1744:	1e000002 	cdpne	0, 0, cr0, cr0, cr2, {0}
    1748:	0e006909 	vmlaeq.f16	s12, s0, s18	@ <UNPREDICTABLE>
    174c:	0000690c 	andeq	r6, r0, ip, lsl #18
    1750:	0f000000 	svceq	0x00000000
    1754:	000000a0 	andeq	r0, r0, r0, lsr #1
    1758:	000002f3 	strdeq	r0, [r0], -r3
    175c:	00007010 	andeq	r7, r0, r0, lsl r0
    1760:	0b001000 	bleq	5768 <FIQ_STACK_POINTER+0x1768>
    1764:	000002e3 	andeq	r0, r0, r3, ror #5
    1768:	0000990f 	andeq	r9, r0, pc, lsl #18
    176c:	00030800 	andeq	r0, r3, r0, lsl #16
    1770:	00701000 	rsbseq	r1, r0, r0
    1774:	000a0000 	andeq	r0, sl, r0
    1778:	0003070e 	andeq	r0, r3, lr, lsl #14
    177c:	031d0a00 	tsteq	sp, #0, 20
    1780:	73060000 	movwvc	r0, #24576	@ 0x6000
    1784:	230a0100 	movwcs	r0, #41216	@ 0xa100
    1788:	0000031d 	andeq	r0, r0, sp, lsl r3
    178c:	00a00800 	adceq	r0, r0, r0, lsl #16
    1790:	ca1f0000 	bgt	7c1798 <FIQ_STACK_POINTER+0x7bd798>
    1794:	02000001 	andeq	r0, r0, #1
    1798:	0050182f 	subseq	r1, r0, pc, lsr #16
    179c:	3e030000 	cdpcc	0, 0, cr0, cr3, cr0, {0}
    17a0:	06000003 	streq	r0, [r0], -r3
    17a4:	2f020061 	svccs	0x00020061
    17a8:	0000772c 	andeq	r7, r0, ip, lsr #14
    17ac:	9f200000 	svcls	0x00200000
    17b0:	02000002 	andeq	r0, r0, #2
    17b4:	0603142e 	streq	r1, [r3], -lr, lsr #8
    17b8:	2e020076 	mcrcs	0, 0, r0, cr2, cr6, {3}
    17bc:	00005028 	andeq	r5, r0, r8, lsr #32
    17c0:	00610600 	rsbeq	r0, r1, r0, lsl #12
    17c4:	77352e02 	ldrvc	r2, [r5, -r2, lsl #28]!
    17c8:	00000000 	andeq	r0, r0, r0
    17cc:	0002bf00 	andeq	fp, r2, r0, lsl #30
    17d0:	01000500 	tsteq	r0, r0, lsl #10
    17d4:	00065204 	andeq	r5, r6, r4, lsl #4
    17d8:	023b0e00 	eorseq	r0, fp, #0, 28
    17dc:	791d0000 	ldmdbvc	sp, {}	@ <UNPREDICTABLE>
    17e0:	19000003 	stmdbne	r0, {r0, r1}
    17e4:	e3000000 	movw	r0, #0
    17e8:	00000002 	andeq	r0, r0, r2
    17ec:	67000000 	strvs	r0, [r0, -r0]
    17f0:	0300000f 	movweq	r0, #15
    17f4:	00610708 	rsbeq	r0, r1, r8, lsl #14
    17f8:	04030000 	streq	r0, [r3], #-0
    17fc:	00006b07 	andeq	r6, r0, r7, lsl #22
    1800:	02e00900 	rsceq	r0, r0, #0, 18
    1804:	09170000 	ldmdbeq	r7, {}	@ <UNPREDICTABLE>
    1808:	00000330 	andeq	r0, r0, r0, lsr r3
    180c:	03920f19 	orrseq	r0, r2, #25, 30	@ 0x64
    1810:	7b010000 	blvc	41818 <FIQ_STACK_POINTER+0x3d818>
    1814:	00004d06 	andeq	r4, r0, r6, lsl #26
    1818:	01030100 	mrseq	r0, (UNDEF: 19)
    181c:	00016408 	andeq	r6, r1, r8, lsl #8
    1820:	03540a00 	cmpeq	r4, #0, 20
    1824:	6c710000 	ldclvs	0, cr0, [r1], #-0
    1828:	6c000000 	stcvs	0, cr0, [r0], {-0}
    182c:	04000000 	streq	r0, [r0], #-0
    1830:	0e720078 	mrceq	0, 3, r0, cr2, cr8, {3}
    1834:	0000004d 	andeq	r0, r0, sp, asr #32
    1838:	05041000 	streq	r1, [r4, #-0]
    183c:	00746e69 	rsbseq	r6, r4, r9, ror #28
    1840:	00039e05 	andeq	r9, r3, r5, lsl #28
    1844:	47056c00 	strmi	r6, [r5, -r0, lsl #24]
    1848:	67000003 	strvs	r0, [r0, -r3]
    184c:	0003ab05 	andeq	sl, r3, r5, lsl #22
    1850:	400a6200 	andmi	r6, sl, r0, lsl #4
    1854:	56000003 	strpl	r0, [r0], -r3
    1858:	0000006c 	andeq	r0, r0, ip, rrx
    185c:	000000a6 	andeq	r0, r0, r6, lsr #1
    1860:	5600730b 	strpl	r7, [r0], -fp, lsl #6
    1864:	0000a612 	andeq	sl, r0, r2, lsl r6
    1868:	00690400 	rsbeq	r0, r9, r0, lsl #8
    186c:	006c0d58 	rsbeq	r0, ip, r8, asr sp
    1870:	11000000 	mrsne	r0, (UNDEF: 0)
    1874:	00004d04 	andeq	r4, r0, r4, lsl #26
    1878:	03661200 	cmneq	r6, #0, 4
    187c:	50010000 	andpl	r0, r1, r0
    1880:	00c30106 	sbceq	r0, r3, r6, lsl #2
    1884:	630b0000 	movwvs	r0, #45056	@ 0xb000
    1888:	4d195000 	ldcmi	0, cr5, [r9, #-0]
    188c:	00000000 	andeq	r0, r0, r0
    1890:	0002aa0c 	andeq	sl, r2, ip, lsl #20
    1894:	06384300 	ldrteq	r4, [r8], -r0, lsl #6
    1898:	00440000 	subeq	r0, r4, r0
    189c:	9c010000 	stcls	0, cr0, [r1], {-0}
    18a0:	0000015a 	andeq	r0, r0, sl, asr r1
    18a4:	01007313 	tsteq	r0, r3, lsl r3
    18a8:	00a61643 	adceq	r1, r6, r3, asr #12
    18ac:	08060000 	stmdaeq	r6, {}	@ <UNPREDICTABLE>
    18b0:	08000000 	stmdaeq	r0, {}	@ <UNPREDICTABLE>
    18b4:	6c040000 	stcvs	0, cr0, [r4], {-0}
    18b8:	45006e65 	strmi	r6, [r0, #-3685]	@ 0xfffff19b
    18bc:	00006c0d 	andeq	r6, r0, sp, lsl #24
    18c0:	00691400 	rsbeq	r1, r9, r0, lsl #8
    18c4:	6c0d4601 	stcvs	6, cr4, [sp], {1}
    18c8:	2c000000 	stccs	0, cr0, [r0], {-0}
    18cc:	26000008 	strcs	r0, [r0], -r8
    18d0:	15000008 	strne	r0, [r0, #-8]
    18d4:	00000085 	andeq	r0, r0, r5, lsl #1
    18d8:	00000638 	andeq	r0, r0, r8, lsr r6
    18dc:	00063804 	andeq	r3, r6, r4, lsl #16
    18e0:	00002c00 	andeq	r2, r0, r0, lsl #24
    18e4:	0f480100 	svceq	0x00480100
    18e8:	0000013a 	andeq	r0, r0, sl, lsr r1
    18ec:	00009306 	andeq	r9, r0, r6, lsl #6
    18f0:	00086d00 	andeq	r6, r8, r0, lsl #26
    18f4:	00086900 	andeq	r6, r8, r0, lsl #18
    18f8:	009c0100 	addseq	r0, ip, r0, lsl #2
    18fc:	08890000 	stmeq	r9, {}	@ <UNPREDICTABLE>
    1900:	087f0000 	ldmdaeq	pc!, {}^	@ <UNPREDICTABLE>
    1904:	16000000 	strne	r0, [r0], -r0
    1908:	000000ac 	andeq	r0, r0, ip, lsr #1
    190c:	0000066c 	andeq	r0, r0, ip, ror #12
    1910:	0002d700 	andeq	sp, r2, r0, lsl #14
    1914:	114b0100 	mrsne	r0, (UNDEF: 91)
    1918:	0000b906 	andeq	fp, r0, r6, lsl #18
    191c:	0008c100 	andeq	ip, r8, r0, lsl #2
    1920:	0008bf00 	andeq	fp, r8, r0, lsl #30
    1924:	0c000000 	stceq	0, cr0, [r0], {-0}
    1928:	000003c1 	andeq	r0, r0, r1, asr #7
    192c:	00060835 	andeq	r0, r6, r5, lsr r8
    1930:	00003000 	andeq	r3, r0, r0
    1934:	939c0100 	orrsls	r0, ip, #0, 2
    1938:	17000001 	strne	r0, [r0, -r1]
    193c:	00000073 	andeq	r0, r0, r3, ror r0
    1940:	00000630 	andeq	r0, r0, r0, lsr r6
    1944:	0002c804 	andeq	ip, r2, r4, lsl #16
    1948:	093f0100 	ldmdbeq	pc!, {r8}	@ <UNPREDICTABLE>
    194c:	0000790d 	andeq	r7, r0, sp, lsl #18
    1950:	00063000 	andeq	r3, r6, r0
    1954:	06300100 	ldrteq	r0, [r0], -r0, lsl #2
    1958:	00000000 	andeq	r0, r0, r0
    195c:	003e0000 	eorseq	r0, lr, r0
    1960:	00037418 	andeq	r7, r3, r8, lsl r4
    1964:	05290100 	streq	r0, [r9, #-256]!	@ 0xffffff00
    1968:	0000006c 	andeq	r0, r0, ip, rrx
    196c:	000008b4 			@ <UNDEFINED> instruction: 0x000008b4
    1970:	00000024 	andeq	r0, r0, r4, lsr #32
    1974:	01d39c01 	bicseq	r9, r3, r1, lsl #24
    1978:	7f0d0000 	svcvc	0x000d0000
    197c:	bc000000 	stclt	0, cr0, [r0], {-0}
    1980:	01000008 	tsteq	r0, r8
    1984:	000008bc 			@ <UNDEFINED> instruction: 0x000008bc
    1988:	00000010 	andeq	r0, r0, r0, lsl r0
    198c:	08bc072d 	ldmeq	ip!, {r0, r2, r3, r5, r8, r9, sl}
    1990:	015a0000 	cmpeq	sl, r0
    1994:	d0070000 	andle	r0, r7, r0
    1998:	34000008 	strcc	r0, [r0], #-8
    199c:	00000000 	andeq	r0, r0, r0
    19a0:	00033419 	andeq	r3, r3, r9, lsl r4
    19a4:	061b0100 	ldreq	r0, [fp], -r0, lsl #2
    19a8:	000005e4 	andeq	r0, r0, r4, ror #11
    19ac:	00000024 	andeq	r0, r0, r4, lsr #32
    19b0:	021c9c01 	andseq	r9, ip, #256	@ 0x100
    19b4:	541a0000 	ldrpl	r0, [sl], #-0
    19b8:	e4000000 	str	r0, [r0], #-0
    19bc:	03000005 	movweq	r0, #5
    19c0:	000002b6 			@ <UNDEFINED> instruction: 0x000002b6
    19c4:	12111e01 	andsne	r1, r1, #1, 28
    19c8:	1b000002 	blne	19d8 <stack_top+0x100>
    19cc:	000002b6 			@ <UNDEFINED> instruction: 0x000002b6
    19d0:	00006201 	andeq	r6, r0, r1, lsl #4
    19d4:	0008d000 	andeq	sp, r8, r0
    19d8:	0008ca00 	andeq	ip, r8, r0, lsl #20
    19dc:	07000000 	streq	r0, [r0, -r0]
    19e0:	000005fc 	strdeq	r0, [r0], -ip
    19e4:	0000003a 	andeq	r0, r0, sl, lsr r0
    19e8:	00ac0800 	adceq	r0, ip, r0, lsl #16
    19ec:	067c0000 	ldrbteq	r0, [ip], -r0
    19f0:	000c0000 	andeq	r0, ip, r0
    19f4:	9c010000 	stcls	0, cr0, [r1], {-0}
    19f8:	00000237 	andeq	r0, r0, r7, lsr r2
    19fc:	0000b91c 	andeq	fp, r0, ip, lsl r9
    1a00:	00500100 	subseq	r0, r0, r0, lsl #2
    1a04:	00008508 	andeq	r8, r0, r8, lsl #10
    1a08:	00068800 	andeq	r8, r6, r0, lsl #16
    1a0c:	00003400 	andeq	r3, r0, r0, lsl #8
    1a10:	659c0100 	ldrvs	r0, [ip, #256]	@ 0x100
    1a14:	06000002 	streq	r0, [r0], -r2
    1a18:	00000093 	muleq	r0, r3, r0
    1a1c:	000008f0 	strdeq	r0, [r0], -r0	@ <UNPREDICTABLE>
    1a20:	000008e8 	andeq	r0, r0, r8, ror #17
    1a24:	00009c01 	andeq	r9, r0, r1, lsl #24
    1a28:	00092200 	andeq	r2, r9, r0, lsl #4
    1a2c:	00091c00 	andeq	r1, r9, r0, lsl #24
    1a30:	7f020000 	svcvc	0x00020000
    1a34:	bc000000 	stclt	0, cr0, [r0], {-0}
    1a38:	14000006 	strne	r0, [r0], #-6
    1a3c:	01000000 	mrseq	r0, (UNDEF: 0)
    1a40:	0079029c 			@ <UNDEFINED> instruction: 0x0079029c
    1a44:	06d00000 	ldrbeq	r0, [r0], r0
    1a48:	00140000 	andseq	r0, r4, r0
    1a4c:	9c010000 	stcls	0, cr0, [r1], {-0}
    1a50:	00007302 	andeq	r7, r0, r2, lsl #6
    1a54:	0006e400 	andeq	lr, r6, r0, lsl #8
    1a58:	00001400 	andeq	r1, r0, r0, lsl #8
    1a5c:	089c0100 	ldmeq	ip, {r8}
    1a60:	00000054 	andeq	r0, r0, r4, asr r0
    1a64:	000006f8 	strdeq	r0, [r0], -r8
    1a68:	00000014 	andeq	r0, r0, r4, lsl r0
    1a6c:	02b39c01 	adcseq	r9, r3, #256	@ 0x100
    1a70:	62010000 	andvs	r0, r1, #0
    1a74:	40000000 	andmi	r0, r0, r0
    1a78:	3e000009 	cdpcc	0, 0, cr0, cr0, cr9, {0}
    1a7c:	00000009 	andeq	r0, r0, r9
    1a80:	00004002 	andeq	r4, r0, r2
    1a84:	00070c00 	andeq	r0, r7, r0, lsl #24
    1a88:	00000c00 	andeq	r0, r0, r0, lsl #24
    1a8c:	009c0100 	addseq	r0, ip, r0, lsl #2

Disassembly of section .debug_abbrev:

00000000 <.debug_abbrev>:
   0:	10001101 	andne	r1, r0, r1, lsl #2
   4:	12011106 	andne	r1, r1, #-2147483647	@ 0x80000001
   8:	1b0e0301 	blne	380c14 <FIQ_STACK_POINTER+0x37cc14>
   c:	130e250e 	movwne	r2, #58638	@ 0xe50e
  10:	00000005 	andeq	r0, r0, r5
  14:	31000501 	tstcc	r0, r1, lsl #10
  18:	b7170213 			@ <UNDEFINED> instruction: 0xb7170213
  1c:	00001742 	andeq	r1, r0, r2, asr #14
  20:	31011d02 	tstcc	r1, r2, lsl #26
_Reset   : b there
  24:	b8015213 	stmdalt	r1, {r0, r1, r4, r9, ip, lr}
_Undef   : b _Undef
  28:	17550542 	ldrbne	r0, [r5, -r2, asr #10]
_Swi     : b _Swi
  2c:	59012158 	stmdbpl	r1, {r3, r4, r6, r8, sp}
_Pabt    : b _Pabt
  30:	0521570b 	streq	r5, [r1, #-1803]!	@ 0xfffff8f5
_Dabt    : b _Dabt
  34:	00001301 	andeq	r1, r0, r1, lsl #6
reserved : b reserved
  38:	31011d03 	tstcc	r1, r3, lsl #26
irq      : b sc_call
  3c:	b8015213 	stmdalt	r1, {r0, r1, r4, r9, ip, lr}
fiq      : b sc_call
  40:	01110542 	tsteq	r1, r2, asr #10
sub r14, r14, #4
  44:	21580612 	cmpcs	r8, r2, lsl r6
stmfd sp!, {r0-r12, r14}
  48:	570b5901 	strpl	r5, [fp, -r1, lsl #18]
bl irq_handler
  4c:	0400000b 	streq	r0, [r0], #-11
ldmfd sp!, {r0-r12, pc}^
  50:	08030005 	stmdaeq	r3, {r0, r2}
mrs r2, cpsr
  54:	0b3b0b3a 	bleq	ec2d44 <FIQ_STACK_POINTER+0xebed44>
bic r2, r2, #31
  58:	13490b39 	movtne	r0, #39737	@ 0x9b39
orr r2, r2, #18
  5c:	1d050000 	stcne	0, cr0, [r5, #-0]
msr cpsr_c, r2
  60:	52133101 	andspl	r3, r3, #1073741824	@ 0x40000000
ldr sp, =IRQ_STACK_POINTER
  64:	0542b801 	strbeq	fp, [r2, #-2049]	@ 0xfffff7ff
mrs r2, cpsr
  68:	21581755 	cmpcs	r8, r5, asr r7
bic r2, r2, #31
  6c:	570b5901 	strpl	r5, [fp, -r1, lsl #18]
orr r2, r2, #17
  70:	0600000b 	streq	r0, [r0], -fp
msr cpsr_c, r2
  74:	1331011d 	teqne	r1, #1073741831	@ 0x40000007
ldr sp, =FIQ_STACK_POINTER
  78:	42b80152 	adcsmi	r0, r8, #-2147483628	@ 0x80000014
mrs r2, cpsr
  7c:	12011105 	andne	r1, r1, #1073741825	@ 0x40000001
bic r1, r1, #31
  80:	01215806 			@ <UNDEFINED> instruction: 0x01215806
orr r1, r1, #16
  84:	0b570b59 	bleq	15c2df0 <FIQ_STACK_POINTER+0x15bedf0>
bic r1, r1, #0xC0
  88:	00001301 	andeq	r1, r0, r1, lsl #6
msr cpsr_c, r1
  8c:	0b002407 	bleq	90b0 <FIQ_STACK_POINTER+0x50b0>
ldr r0, =VIC_BASE_ADDRESS // VIC base address.
  90:	030b3e0b 	movweq	r3, #48651	@ 0xbe0b
add r0, r0, #4            // Move to INT_MASK
  94:	0800000e 	stmdaeq	r0, {r1, r2, r3}
mov r1, #0                // Prepare mask value
  98:	13310034 	teqne	r1, #52	@ 0x34
str r1, [r0]              // Unmask all interrupt sources.
  9c:	42b71702 	adcsmi	r1, r7, #524288	@ 0x80000
ldr r1, [r0]              // No change to R1 value.
  a0:	09000017 	stmdbeq	r0, {r0, r1, r2, r4}
ldr sp, =USER_STACK_POINTER
  a4:	08030034 	stmdaeq	r3, {r2, r4, r5}
bl main
  a8:	3b01213a 	blcc	48598 <FIQ_STACK_POINTER+0x44598>
here: b here
  ac:	490b390b 	stmdbmi	fp, {r0, r1, r3, r8, fp, ip, sp}
static inline uint32_t eth_readl(uintptr_t a){ return *(volatile uint32_t*)a; }
  b0:	0a000013 	beq	104 <eth_mdio_read+0x1c>
  b4:	0e030016 	mcreq	0, 0, r0, cr3, cr6, {0}
    while (eth_readl(ETH_MIICOMMAND) & (MIICOMMAND_RSTAT | MIICOMMAND_WCTRLDATA)) { /* spin */ }
  b8:	0b3b0b3a 	bleq	ec2da8 <FIQ_STACK_POINTER+0xebeda8>
  bc:	13490b39 	movtne	r0, #39737	@ 0x9b39
    eth_writel(((uint32_t)phy << MIIADDR_PHY_SHIFT) | ((uint32_t)reg << MIIADDR_REG_SHIFT), ETH_MIIADDRESS);
  c0:	0b0b0000 	bleq	2c00c8 <FIQ_STACK_POINTER+0x2bc0c8>
  c4:	00175501 	andseq	r5, r7, r1, lsl #10
static inline void eth_writel(uint32_t v, uintptr_t a){ *(volatile uint32_t*)a = v; }
  c8:	00340c00 	eorseq	r0, r4, r0, lsl #24
  cc:	213a0803 	teqcs	sl, r3, lsl #16
  d0:	390b3b01 	stmdbcc	fp, {r0, r8, r9, fp, ip, sp}
  d4:	0213490b 	andseq	r4, r3, #180224	@ 0x2c000
static inline uint32_t eth_readl(uintptr_t a){ return *(volatile uint32_t*)a; }
  d8:	1742b717 	smlaldne	fp, r2, r7, r7
    while (eth_readl(ETH_MIICOMMAND) & (MIICOMMAND_RSTAT | MIICOMMAND_WCTRLDATA)) { /* spin */ }
  dc:	340d0000 	strcc	r0, [sp], #-0
  e0:	3a0e0300 	bcc	380ce8 <FIQ_STACK_POINTER+0x37cce8>
  e4:	0b3b0121 	bleq	ec0570 <FIQ_STACK_POINTER+0xebc570>
  e8:	13490b39 	movtne	r0, #39737	@ 0x9b39
  ec:	2e0e0000 	cdpcs	0, 0, cr0, cr14, cr0, {0}
  f0:	3a0e0301 	bcc	380cfc <FIQ_STACK_POINTER+0x37ccfc>
  f4:	390b3b0b 	stmdbcc	fp, {r0, r1, r3, r8, r9, fp, ip, sp}
    eth_writel(((uint32_t)phy << MIIADDR_PHY_SHIFT) | ((uint32_t)reg << MIIADDR_REG_SHIFT), ETH_MIIADDRESS);
  f8:	4919270b 	ldmdbmi	r9, {r0, r1, r3, r8, r9, sl, sp}
static inline void eth_writel(uint32_t v, uintptr_t a){ *(volatile uint32_t*)a = v; }
  fc:	010b2013 	tsteq	fp, r3, lsl r0
static inline uint32_t eth_readl(uintptr_t a){ return *(volatile uint32_t*)a; }
 100:	0f000013 	svceq	0x00000013
static inline void eth_writel(uint32_t v, uintptr_t a){ *(volatile uint32_t*)a = v; }
 104:	0e03012e 	adfeqsp	f0, f3, #0.5
 108:	0b3b0b3a 	bleq	ec2df8 <FIQ_STACK_POINTER+0xebedf8>
static inline uint32_t eth_readl(uintptr_t a){ return *(volatile uint32_t*)a; }
 10c:	19270b39 	stmdbne	r7!, {r0, r3, r4, r5, r8, r9, fp}
    while (eth_readl(ETH_MIICOMMAND) & (MIICOMMAND_RSTAT | MIICOMMAND_WCTRLDATA)) { /* spin */ }
 110:	13010b20 	movwne	r0, #6944	@ 0x1b20
 114:	0b100000 	bleq	40011c <FIQ_STACK_POINTER+0x3fc11c>
 118:	11000001 	tstne	r0, r1
}
 11c:	13490005 	movtne	r0, #36869	@ 0x9005
 120:	0f120000 	svceq	0x00120000
 124:	04210b00 	strteq	r0, [r1], #-2816	@ 0xfffff500
static inline void eth_writel(uint32_t v, uintptr_t a){ *(volatile uint32_t*)a = v; }
 128:	00001349 	andeq	r1, r0, r9, asr #6
 12c:	3f012e13 	svccc	0x00012e13
 130:	3a0e0319 	bcc	380d9c <FIQ_STACK_POINTER+0x37cd9c>
int eth_init(const uint8_t mac[6]){
 134:	0b3b0121 	bleq	ec05c0 <FIQ_STACK_POINTER+0xebc5c0>
 138:	27052139 	smladxcs	r5, r9, r1, r2
 13c:	11134919 	tstne	r3, r9, lsl r9
static inline uint32_t eth_readl(uintptr_t a){ return *(volatile uint32_t*)a; }
 140:	40061201 	andmi	r1, r6, r1, lsl #4
    while (eth_readl(ETH_MIICOMMAND) & (MIICOMMAND_RSTAT | MIICOMMAND_WCTRLDATA)) { /* spin */ }
 144:	01197a18 	tsteq	r9, r8, lsl sl
 148:	14000013 	strne	r0, [r0], #-19	@ 0xffffffed
static inline void eth_writel(uint32_t v, uintptr_t a){ *(volatile uint32_t*)a = v; }
 14c:	08030005 	stmdaeq	r3, {r0, r2}
 150:	3b01213a 	blcc	48640 <FIQ_STACK_POINTER+0x44640>
static inline uint32_t eth_readl(uintptr_t a){ return *(volatile uint32_t*)a; }
 154:	490b390b 	stmdbmi	fp, {r0, r1, r3, r8, fp, ip, sp}
static inline void eth_writel(uint32_t v, uintptr_t a){ *(volatile uint32_t*)a = v; }
 158:	b7170213 			@ <UNDEFINED> instruction: 0xb7170213
 15c:	00001742 	andeq	r1, r0, r2, asr #14
static inline uint32_t eth_readl(uintptr_t a){ return *(volatile uint32_t*)a; }
 160:	31010b15 	tstcc	r1, r5, lsl fp
 164:	12011113 	andne	r1, r1, #-1073741820	@ 0xc0000004
 168:	16000006 	strne	r0, [r0], -r6
 16c:	13310005 	teqne	r1, #5
    phy_write(PHY_BMCR, (bmcr | BMCR_AN_ENABLE | BMCR_RESTART_AN) & ~BMCR_RESET);
 170:	2e170000 	cdpcs	0, 1, cr0, cr7, cr0, {0}
 174:	3a0e0300 	bcc	380d7c <FIQ_STACK_POINTER+0x37cd7c>
 178:	0b3b0121 	bleq	ec0604 <FIQ_STACK_POINTER+0xebc604>
 17c:	19270b39 	stmdbne	r7!, {r0, r3, r4, r5, r8, r9, fp}
 180:	00000b20 	andeq	r0, r0, r0, lsr #22
    while (eth_readl(ETH_MIICOMMAND) & (MIICOMMAND_RSTAT | MIICOMMAND_WCTRLDATA)) { /* spin */ }
 184:	49002618 	stmdbmi	r0, {r3, r4, r9, sl, sp}
 188:	19000013 	stmdbne	r0, {r0, r1, r4}
static inline void eth_writel(uint32_t v, uintptr_t a){ *(volatile uint32_t*)a = v; }
 18c:	13490037 	movtne	r0, #36919	@ 0x9037
 190:	051a0000 	ldreq	r0, [sl, #-0]
 194:	3a0e0300 	bcc	380d9c <FIQ_STACK_POINTER+0x37cd9c>
 198:	0b3b0121 	bleq	ec0624 <FIQ_STACK_POINTER+0xebc624>
static inline uint32_t eth_readl(uintptr_t a){ return *(volatile uint32_t*)a; }
 19c:	13490b39 	movtne	r0, #39737	@ 0x9b39
static inline void eth_writel(uint32_t v, uintptr_t a){ *(volatile uint32_t*)a = v; }
 1a0:	42b71702 	adcsmi	r1, r7, #524288	@ 0x80000
static inline uint32_t eth_readl(uintptr_t a){ return *(volatile uint32_t*)a; }
 1a4:	1b000017 	blne	208 <eth_init+0xe0>
 1a8:	18020049 	stmdane	r2, {r0, r3, r6}
 1ac:	0000187e 	andeq	r1, r0, lr, ror r8
 1b0:	3100341c 	tstcc	r0, ip, lsl r4
static inline void eth_writel(uint32_t v, uintptr_t a){ *(volatile uint32_t*)a = v; }
 1b4:	000b1c13 	andeq	r1, fp, r3, lsl ip
static inline uint32_t eth_readl(uintptr_t a){ return *(volatile uint32_t*)a; }
 1b8:	00051d00 	andeq	r1, r5, r0, lsl #26
static inline void eth_writel(uint32_t v, uintptr_t a){ *(volatile uint32_t*)a = v; }
 1bc:	213a0e03 	teqcs	sl, r3, lsl #28
static inline uint32_t eth_readl(uintptr_t a){ return *(volatile uint32_t*)a; }
 1c0:	390b3b01 	stmdbcc	fp, {r0, r8, r9, fp, ip, sp}
 1c4:	0013490b 	andseq	r4, r3, fp, lsl #18
 1c8:	012e1e00 			@ <UNDEFINED> instruction: 0x012e1e00
static inline void eth_writel(uint32_t v, uintptr_t a){ *(volatile uint32_t*)a = v; }
 1cc:	0e03193f 			@ <UNDEFINED> instruction: 0x0e03193f
 1d0:	3b01213a 	blcc	486c0 <FIQ_STACK_POINTER+0x446c0>
static inline uint32_t eth_readl(uintptr_t a){ return *(volatile uint32_t*)a; }
 1d4:	0521390b 	streq	r3, [r1, #-2315]!	@ 0xfffff6f5
 1d8:	13491927 	movtne	r1, #39207	@ 0x9927
 1dc:	01012120 	tsteq	r1, r0, lsr #2
 1e0:	1f000013 	svcne	0x00000013
 1e4:	0e250111 	mcreq	1, 1, r0, cr5, cr1, {0}
 1e8:	0e030b13 	vmoveq.32	d3[0], r0
 1ec:	01110e1b 	tsteq	r1, fp, lsl lr
static inline void eth_writel(uint32_t v, uintptr_t a){ *(volatile uint32_t*)a = v; }
 1f0:	17100612 			@ <UNDEFINED> instruction: 0x17100612
 1f4:	35200000 	strcc	r0, [r0, #-0]!
static inline uint32_t eth_readl(uintptr_t a){ return *(volatile uint32_t*)a; }
 1f8:	00134900 	andseq	r4, r3, r0, lsl #18
 1fc:	00242100 	eoreq	r2, r4, r0, lsl #2
 200:	0b3e0b0b 	bleq	f82e34 <FIQ_STACK_POINTER+0xf7ee34>
 204:	00000803 	andeq	r0, r0, r3, lsl #16
        if ((b & BMSR_AN_COMPLETE) && (b & BMSR_LINK_STATUS))
 208:	0b011322 	bleq	44e98 <FIQ_STACK_POINTER+0x40e98>
 20c:	3b0b3a0b 	blcc	2cea40 <FIQ_STACK_POINTER+0x2caa40>
 210:	010b390b 	tsteq	fp, fp, lsl #18
    for (unsigned t=0;t<timeout_ms;t++){
 214:	23000013 	movwcs	r0, #19
 218:	0e03000d 	cdpeq	0, 0, cr0, cr3, cr13, {0}
    uint32_t lo = (mac[3]) | (mac[2]<<8) | (mac[1]<<16) | (mac[0]<<24);
 21c:	0b3b0b3a 	bleq	ec2f0c <FIQ_STACK_POINTER+0xebef0c>
 220:	13490b39 	movtne	r0, #39737	@ 0x9b39
 224:	00000b38 	andeq	r0, r0, r8, lsr fp
 228:	03000d24 	movweq	r0, #3364	@ 0xd24
 22c:	3b0b3a08 	blcc	2cea54 <FIQ_STACK_POINTER+0x2caa54>
 230:	490b390b 	stmdbmi	fp, {r0, r1, r3, r8, fp, ip, sp}
    uint32_t hi = (mac[5]) | (mac[4]<<8);
 234:	000b3813 	andeq	r3, fp, r3, lsl r8
 238:	000f2500 	andeq	r2, pc, r0, lsl #10
 23c:	00000b0b 	andeq	r0, r0, fp, lsl #22
 240:	3f012e26 	svccc	0x00012e26
 244:	3a0e0319 	bcc	380eb0 <FIQ_STACK_POINTER+0x37ceb0>
 248:	390b3b0b 	stmdbcc	fp, {r0, r1, r3, r8, r9, fp, ip, sp}
 24c:	4919270b 	ldmdbmi	r9, {r0, r1, r3, r8, r9, sl, sp}
 250:	01193c13 	tsteq	r9, r3, lsl ip
 254:	27000013 	smladcs	r0, r3, r0, r0
static inline void eth_writel(uint32_t v, uintptr_t a){ *(volatile uint32_t*)a = v; }
 258:	00000026 	andeq	r0, r0, r6, lsr #32
 25c:	11010b28 	tstne	r1, r8, lsr #22
 260:	00061201 	andeq	r1, r6, r1, lsl #4
 264:	01482900 	cmpeq	r8, r0, lsl #18
 268:	137f017d 	cmnne	pc, #1073741855	@ 0x4000001f
 26c:	342a0000 	strtcc	r0, [sl], #-0
 270:	00133100 	andseq	r3, r3, r0, lsl #2
 274:	011d2b00 	tsteq	sp, r0, lsl #22
 278:	01111331 	tsteq	r1, r1, lsr r3
 27c:	0b580612 	bleq	1601acc <FIQ_STACK_POINTER+0x15fdacc>
 280:	0b570b59 	bleq	15c2fec <FIQ_STACK_POINTER+0x15befec>
    for (unsigned i=0;i<ETH_BD_COUNT;i++){ BD(i)->stat = 0; BD(i)->ptr = 0; }
 284:	00001301 	andeq	r1, r0, r1, lsl #6
 288:	31011d2c 	tstcc	r1, ip, lsr #26
 28c:	12011113 	andne	r1, r1, #-1073741820	@ 0xc0000004
 290:	590b5806 	stmdbpl	fp, {r1, r2, fp, ip, lr}
 294:	000b570b 	andeq	r5, fp, fp, lsl #14
 298:	011d2d00 	tsteq	sp, r0, lsl #26
 29c:	17551331 	smmlarne	r5, r1, r3, r1
 2a0:	0b590b58 	bleq	1643008 <FIQ_STACK_POINTER+0x163f008>
 2a4:	13010b57 	movwne	r0, #6999	@ 0x1b57
 2a8:	342e0000 	strtcc	r0, [lr], #-0
 2ac:	1c133100 	ldfnes	f3, [r3], {-0}
    BD(ETH_TX_BD_NUM-1)->stat = BD_WRAP;           // TX wrap
 2b0:	2f000005 	svccs	0x00000005
 2b4:	1331010b 	teqne	r1, #-1073741822	@ 0xc0000002
 2b8:	13011755 	movwne	r1, #5973	@ 0x1755
    BD(ETH_BD_COUNT-1)->stat |= BD_WRAP;           // RX wrap
 2bc:	0b300000 	bleq	c002c4 <FIQ_STACK_POINTER+0xbfc2c4>
 2c0:	55133101 	ldrpl	r3, [r3, #-257]	@ 0xfffffeff
 2c4:	31000017 	tstcc	r0, r7, lsl r0
 2c8:	1301010b 	movwne	r0, #4363	@ 0x110b
 2cc:	2e320000 	cdpcs	0, 3, cr0, cr2, cr0, {0}
        BD(RX_START+i)->ptr  = (uint32_t)buf;
 2d0:	11133101 	tstne	r3, r1, lsl #2
        BD(RX_START+i)->stat = (BD(RX_START+i)->stat & BD_WRAP) | BD_IRQ | BD_E_R; // EMPTY=1
 2d4:	40061201 	andmi	r1, r6, r1, lsl #4
    for (unsigned i=0;i<RX_COUNT;i++){
 2d8:	01197a18 	tsteq	r9, r8, lsl sl
        BD(RX_START+i)->stat = (BD(RX_START+i)->stat & BD_WRAP) | BD_IRQ | BD_E_R; // EMPTY=1
 2dc:	33000013 	movwcc	r0, #19
 2e0:	13310005 	teqne	r1, #5
 2e4:	00001802 	andeq	r1, r0, r2, lsl #16
    for (unsigned i=0;i<RX_COUNT;i++){
 2e8:	31012e34 	tstcc	r1, r4, lsr lr
 2ec:	12011113 	andne	r1, r1, #-1073741820	@ 0xc0000004
static inline uint32_t eth_readl(uintptr_t a){ return *(volatile uint32_t*)a; }
 2f0:	7a184006 	bvc	610310 <FIQ_STACK_POINTER+0x60c310>
 2f4:	00000019 	andeq	r0, r0, r9, lsl r0
 2f8:	0b002401 	bleq	9304 <FIQ_STACK_POINTER+0x5304>
    while (eth_readl(ETH_MIICOMMAND) & (MIICOMMAND_RSTAT | MIICOMMAND_WCTRLDATA)) { /* spin */ }
 2fc:	030b3e0b 	movweq	r3, #48651	@ 0xbe0b
 300:	0200000e 	andeq	r0, r0, #14
static inline void eth_writel(uint32_t v, uintptr_t a){ *(volatile uint32_t*)a = v; }
 304:	18020049 	stmdane	r2, {r0, r3, r6}
 308:	0000187e 	andeq	r1, r0, lr, ror r8
static inline uint32_t eth_readl(uintptr_t a){ return *(volatile uint32_t*)a; }
 30c:	31000503 	tstcc	r0, r3, lsl #10
static inline void eth_writel(uint32_t v, uintptr_t a){ *(volatile uint32_t*)a = v; }
 310:	b7170213 			@ <UNDEFINED> instruction: 0xb7170213
 314:	00001742 	andeq	r1, r0, r2, asr #14
static inline uint32_t eth_readl(uintptr_t a){ return *(volatile uint32_t*)a; }
 318:	7d014804 	stcvc	8, cr4, [r1, #-16]
 31c:	00137f01 	andseq	r7, r3, r1, lsl #30
 320:	00050500 	andeq	r0, r5, r0, lsl #10
 324:	00001349 	andeq	r1, r0, r9, asr #6
static inline void eth_writel(uint32_t v, uintptr_t a){ *(volatile uint32_t*)a = v; }
 328:	0b000f06 	bleq	3f48 <IRQ_STACK_POINTER+0xf48>
    if (phy_full_duplex()) m |= MODER_FULLD; else m &= ~MODER_FULLD;
 32c:	13490421 	movtne	r0, #37921	@ 0x9421
 330:	1d070000 	stcne	0, cr0, [r7, #-0]
 334:	52133101 	andspl	r3, r3, #1073741824	@ 0x40000000
    m |= MODER_RXEN | MODER_TXEN | MODER_PAD | MODER_CRCEN;
 338:	0b42b801 	bleq	10ae344 <FIQ_STACK_POINTER+0x10aa344>
}
 33c:	06120111 			@ <UNDEFINED> instruction: 0x06120111
 340:	59012158 	stmdbpl	r1, {r3, r4, r6, r8, sp}
 344:	010b570b 	tsteq	fp, fp, lsl #14
 348:	08000013 	stmdaeq	r0, {r0, r1, r4}
 34c:	13490026 	movtne	r0, #36902	@ 0x9026
 350:	05090000 	streq	r0, [r9, #-0]
 354:	3a080300 	bcc	200f5c <FIQ_STACK_POINTER+0x1fcf5c>
 358:	0b3b0121 	bleq	ec07e4 <FIQ_STACK_POINTER+0xebc7e4>
 35c:	13490b39 	movtne	r0, #39737	@ 0x9b39
 360:	2e0a0000 	cdpcs	0, 0, cr0, cr10, cr0, {0}
        uint32_t st = BD(i)->stat;
 364:	03193f01 	tsteq	r9, #1, 30
 368:	02213a0e 	eoreq	r3, r1, #57344	@ 0xe000
        if ((st & BD_E_R)==0){ // READY==0 → free
 36c:	21390b3b 	teqcs	r9, fp, lsr fp
 370:	49192706 	ldmdbmi	r9, {r1, r2, r8, r9, sl, sp}
        uint32_t st = BD(i)->stat;
 374:	01193c13 	tsteq	r9, r3, lsl ip
        if ((st & BD_E_R)==0){ // READY==0 → free
 378:	0b000013 	bleq	3cc <eth_rx_poll+0x14>
        uint32_t st = BD(i)->stat;
 37c:	193f012e 	ldmdbne	pc!, {r1, r2, r3, r5, r8}	@ <UNPREDICTABLE>
        if ((st & BD_E_R)==0){ // READY==0 → free
 380:	213a0e03 	teqcs	sl, r3, lsl #28
    return -1; // no free TX descriptor
 384:	390b3b01 	stmdbcc	fp, {r0, r8, r9, fp, ip, sp}
}
 388:	19270621 	stmdbne	r7!, {r0, r5, r9, sl}
        uint32_t st = BD(i)->stat;
 38c:	06120111 			@ <UNDEFINED> instruction: 0x06120111
            BD(i)->stat = (st & BD_WRAP) | BD_IRQ | BD_TX_PAD | BD_TX_CRC | BD_E_R | (len & BD_LEN_MASK);
 390:	197a1840 	ldmdbne	sl!, {r6, fp, ip}^
 394:	00001301 	andeq	r1, r0, r1, lsl #6
 398:	0300340c 	movweq	r3, #1036	@ 0x40c
 39c:	01213a08 			@ <UNDEFINED> instruction: 0x01213a08
 3a0:	0b390b3b 	bleq	e43094 <FIQ_STACK_POINTER+0xe3f094>
            BD(i)->ptr  = (uint32_t)buf;  // physical address expected
 3a4:	18021349 	stmdane	r2, {r0, r3, r6, r8, r9, ip}
            return 0;
 3a8:	1d0d0000 	stcne	0, cr0, [sp, #-0]
            BD(i)->stat = (st & BD_WRAP) | BD_IRQ | BD_TX_PAD | BD_TX_CRC | BD_E_R | (len & BD_LEN_MASK);
 3ac:	52133101 	andspl	r3, r3, #1073741824	@ 0x40000000
            return 0;
 3b0:	0b42b801 	bleq	10ae3bc <FIQ_STACK_POINTER+0x10aa3bc>
 3b4:	21581755 	cmpcs	r8, r5, asr r7
int eth_rx_poll(void* out_buf, unsigned* out_len){
 3b8:	570b5901 	strpl	r5, [fp, -r1, lsl #18]
 3bc:	0e00000b 	cdpeq	0, 0, cr0, cr0, cr11, {0}
        uint32_t st = BD(i)->stat;
 3c0:	13490101 	movtne	r0, #37121	@ 0x9101
        if ((st & BD_E_R)==0){ // EMPTY==0 → filled by MAC
 3c4:	00001301 	andeq	r1, r0, r1, lsl #6
 3c8:	4900210f 	stmdbmi	r0, {r0, r1, r2, r3, r8, sp}
    for (unsigned i=ETH_TX_BD_NUM;i<ETH_BD_COUNT;i++){
 3cc:	000b2f13 	andeq	r2, fp, r3, lsl pc
 3d0:	012e1000 			@ <UNDEFINED> instruction: 0x012e1000
 3d4:	213a0e03 	teqcs	sl, r3, lsl #28
    return 0;
 3d8:	390b3b01 	stmdbcc	fp, {r0, r8, r9, fp, ip, sp}
}
 3dc:	19270d21 	stmdbne	r7!, {r0, r5, r8, sl, fp}
            unsigned len = st & BD_LEN_MASK;
 3e0:	01012120 	tsteq	r1, r0, lsr #2
            if (out_len) *out_len = len;
 3e4:	11000013 	tstne	r0, r3, lsl r0
            unsigned len = st & BD_LEN_MASK;
 3e8:	08030034 	stmdaeq	r3, {r2, r4, r5}
            dcache_inval_range((void*)BD(i)->ptr, len);
 3ec:	3b01213a 	blcc	488dc <FIQ_STACK_POINTER+0x448dc>
            if (out_len) *out_len = len;
 3f0:	490b390b 	stmdbmi	fp, {r0, r1, r3, r8, fp, ip, sp}
            if (out_buf) memcpy(out_buf, (void*)BD(i)->ptr, len);
 3f4:	12000013 	andne	r0, r0, #19
 3f8:	0e250111 	mcreq	1, 1, r0, cr5, cr1, {0}
 3fc:	0e030b13 	vmoveq.32	d3[0], r0
 400:	01110e1b 	tsteq	r1, fp, lsl lr
            BD(i)->stat = (st & BD_WRAP) | BD_IRQ | BD_E_R;
 404:	17100612 			@ <UNDEFINED> instruction: 0x17100612
 408:	16130000 	ldrne	r0, [r3], -r0
            return 1;
 40c:	3a0e0300 	bcc	381014 <FIQ_STACK_POINTER+0x37d014>
            BD(i)->stat = (st & BD_WRAP) | BD_IRQ | BD_E_R;
 410:	390b3b0b 	stmdbcc	fp, {r0, r1, r3, r8, r9, fp, ip, sp}
            return 1;
 414:	0013490b 	andseq	r4, r3, fp, lsl #18
 418:	00241400 	eoreq	r1, r4, r0, lsl #8
    const unsigned char mac[6] = {0x02,0x12,0x34,0x56,0x78,0x9A};
 41c:	0b3e0b0b 	bleq	f83050 <FIQ_STACK_POINTER+0xf7f050>
{
 420:	00000803 	andeq	r0, r0, r3, lsl #16
    const unsigned char mac[6] = {0x02,0x12,0x34,0x56,0x78,0x9A};
 424:	0b000f15 	bleq	4080 <FIQ_STACK_POINTER+0x80>
{
 428:	1600000b 	strne	r0, [r0], -fp
    const unsigned char mac[6] = {0x02,0x12,0x34,0x56,0x78,0x9A};
 42c:	193f012e 	ldmdbne	pc!, {r1, r2, r3, r5, r8}	@ <UNPREDICTABLE>
static void uart_puts(const char* s) { UARTWrite((char*)s); }
 430:	0b3a0e03 	bleq	e83c44 <FIQ_STACK_POINTER+0xe7fc44>
    const unsigned char mac[6] = {0x02,0x12,0x34,0x56,0x78,0x9A};
 434:	0b390b3b 	bleq	e43128 <FIQ_STACK_POINTER+0xe3f128>
static void uart_puts(const char* s) { UARTWrite((char*)s); }
 438:	193c1927 	ldmdbne	ip!, {r0, r1, r2, r5, r8, fp, ip}
    eth_init(mac);
 43c:	00001301 	andeq	r1, r0, r1, lsl #6
 440:	31003417 	tstcc	r0, r7, lsl r4
static void uart_puts(const char* s) { UARTWrite((char*)s); }
 444:	00180213 	andseq	r0, r8, r3, lsl r2
 448:	010b1800 	tsteq	fp, r0, lsl #16
}
 44c:	01111331 	tsteq	r1, r1, lsr r3
 450:	13010612 	movwne	r0, #5650	@ 0x1612
 454:	34190000 	ldrcc	r0, [r9], #-0
 458:	02133100 	andseq	r3, r3, #0, 2
 45c:	1742b717 	smlaldne	fp, r2, r7, r7
{
 460:	1d1a0000 	ldcne	0, cr0, [sl, #-0]
 464:	52133101 	andspl	r3, r3, #1073741824	@ 0x40000000
    if (eth_rx_poll(0, &len) == 1) {
 468:	0b42b801 	bleq	10ae474 <FIQ_STACK_POINTER+0x10aa474>
 46c:	0b581755 	bleq	16061c8 <FIQ_STACK_POINTER+0x16021c8>
 470:	0b570b59 	bleq	15c31dc <FIQ_STACK_POINTER+0x15bf1dc>
 474:	00001301 	andeq	r1, r0, r1, lsl #6
 478:	00010b1b 	andeq	r0, r1, fp, lsl fp
}
 47c:	012e1c00 			@ <UNDEFINED> instruction: 0x012e1c00
 480:	0b3a0e03 	bleq	e83c94 <FIQ_STACK_POINTER+0xe7fc94>
static void uart_puts(const char* s) { UARTWrite((char*)s); }
 484:	0b390b3b 	bleq	e43178 <FIQ_STACK_POINTER+0xe3f178>
 488:	13491927 	movtne	r1, #39207	@ 0x9927
        uart_puthex(len);
 48c:	13010b20 	movwne	r0, #6944	@ 0x1b20
    buf[0] = '0'; buf[1] = 'x';
 490:	01000000 	mrseq	r0, (UNDEF: 0)
 494:	0b0b0024 	bleq	2c052c <FIQ_STACK_POINTER+0x2bc52c>
 498:	0e030b3e 	vmoveq.16	d3[0], r0
 49c:	05020000 	streq	r0, [r2, #-0]
    for (int i=0; i<8; i++) buf[2+i] = hex_nibble(x >> (28 - 4*i));
 4a0:	02133100 	andseq	r3, r3, #0, 2
    v &= 0xF;
 4a4:	1742b717 	smlaldne	fp, r2, r7, r7
    return (v < 10) ? ('0' + v) : ('A' + (v - 10));
 4a8:	49030000 	stmdbmi	r3, {}	@ <UNPREDICTABLE>
    for (int i=0; i<8; i++) buf[2+i] = hex_nibble(x >> (28 - 4*i));
 4ac:	7e180200 	cdpvc	2, 1, cr0, cr8, cr0, {0}
    return (v < 10) ? ('0' + v) : ('A' + (v - 10));
 4b0:	04000018 	streq	r0, [r0], #-24	@ 0xffffffe8
 4b4:	1331011d 	teqne	r1, #1073741831	@ 0x40000007
    for (int i=0; i<8; i++) buf[2+i] = hex_nibble(x >> (28 - 4*i));
 4b8:	42b80152 	adcsmi	r0, r8, #-2147483628	@ 0x80000014
 4bc:	5817550b 	ldmdapl	r7, {r0, r1, r3, r8, sl, ip, lr}
 4c0:	0b590121 	bleq	164094c <FIQ_STACK_POINTER+0x163c94c>
    buf[10] = 0;
 4c4:	13010b57 	movwne	r0, #6999	@ 0x1b57
static void uart_puts(const char* s) { UARTWrite((char*)s); }
 4c8:	48050000 	stmdami	r5, {}	@ <UNPREDICTABLE>
    buf[10] = 0;
 4cc:	7f017d01 	svcvc	0x00017d01
static void uart_puts(const char* s) { UARTWrite((char*)s); }
 4d0:	06000013 			@ <UNDEFINED> instruction: 0x06000013
 4d4:	08030005 	stmdaeq	r3, {r0, r2}
 4d8:	0b3b0b3a 	bleq	ec31c8 <FIQ_STACK_POINTER+0xebf1c8>
}
 4dc:	13490b39 	movtne	r0, #39737	@ 0x9b39
 4e0:	05070000 	streq	r0, [r7, #-0]
 4e4:	00134900 	andseq	r4, r3, r0, lsl #18
 4e8:	000f0800 	andeq	r0, pc, r0, lsl #16
 4ec:	4904210b 	stmdbmi	r4, {r0, r1, r3, r8, sp}
static inline uint32_t eth_readl(uintptr_t a){ return *(volatile uint32_t*)a; }
 4f0:	09000013 	stmdbeq	r0, {r0, r1, r4}
{
 4f4:	08030034 	stmdaeq	r3, {r2, r4, r5}
 4f8:	3b01213a 	blcc	489e8 <FIQ_STACK_POINTER+0x449e8>
 4fc:	490b390b 	stmdbmi	fp, {r0, r1, r3, r8, fp, ip, sp}
    if (!src) return;
 500:	0a000013 	beq	554 <eth_irq_handler+0x64>
 504:	0e030016 	mcreq	0, 0, r0, cr3, cr6, {0}
    if (src & INT_RXF) {
 508:	3b03213a 	blcc	c89f8 <FIQ_STACK_POINTER+0xc49f8>
static inline void eth_writel(uint32_t v, uintptr_t a){ *(volatile uint32_t*)a = v; }
 50c:	490b390b 	stmdbmi	fp, {r0, r1, r3, r8, fp, ip, sp}
 510:	0b000013 	bleq	564 <eth_irq_handler+0x74>
static void uart_puts(const char* s){ UARTWrite((char*)s); }
 514:	13490026 	movtne	r0, #36902	@ 0x9026
 518:	340c0000 	strcc	r0, [ip], #-0
 51c:	3a080300 	bcc	201124 <FIQ_STACK_POINTER+0x1fd124>
 520:	0b3b0121 	bleq	ec09ac <FIQ_STACK_POINTER+0xebc9ac>
            if (eth_rx_poll(0, &len) == 1){
 524:	13490b39 	movtne	r0, #39737	@ 0x9b39
 528:	00001802 	andeq	r1, r0, r2, lsl #16
 52c:	55010b0d 	strpl	r0, [r1, #-2829]	@ 0xfffff4f3
 530:	0e000017 	mcreq	0, 0, r0, cr0, cr7, {0}
 534:	0e03012e 	adfeqsp	f0, f3, #0.5
static void uart_puts(const char* s){ UARTWrite((char*)s); }
 538:	3b01213a 	blcc	48a28 <FIQ_STACK_POINTER+0x44a28>
 53c:	0d21390b 			@ <UNDEFINED> instruction: 0x0d21390b
  char buf[11]; buf[0]='0'; buf[1]='x';
 540:	21201927 			@ <UNDEFINED> instruction: 0x21201927
                uart_puthex(len);
 544:	00130101 	andseq	r0, r3, r1, lsl #2
  char buf[11]; buf[0]='0'; buf[1]='x';
 548:	01010f00 	tsteq	r1, r0, lsl #30
 54c:	13011349 	movwne	r1, #4937	@ 0x1349
 550:	21100000 	tstcs	r0, r0
  for (int i=0;i<8;i++) buf[2+i]=h[(x>>(28-4*i))&0xF];
 554:	2f134900 	svccs	0x00134900
 558:	1100000b 	tstne	r0, fp
 55c:	0e250111 	mcreq	1, 1, r0, cr5, cr1, {0}
 560:	0e030b13 	vmoveq.32	d3[0], r0
 564:	01110e1b 	tsteq	r1, fp, lsl lr
 568:	17100612 			@ <UNDEFINED> instruction: 0x17100612
 56c:	24120000 	ldrcs	r0, [r2], #-0
  buf[10]=0; UARTWrite(buf);
 570:	3e0b0b00 	vmlacc.f64	d0, d11, d0
 574:	0008030b 	andeq	r0, r8, fp, lsl #6
 578:	012e1300 			@ <UNDEFINED> instruction: 0x012e1300
 57c:	0e03193f 			@ <UNDEFINED> instruction: 0x0e03193f
static void uart_puts(const char* s){ UARTWrite((char*)s); }
 580:	0b3b0b3a 	bleq	ec3270 <FIQ_STACK_POINTER+0xebf270>
 584:	19270b39 	stmdbne	r7!, {r0, r3, r4, r5, r8, r9, fp}
        for (int i=0;i<4;i++){
 588:	1301193c 	movwne	r1, #6460	@ 0x193c
 58c:	2e140000 	cdpcs	0, 1, cr0, cr4, cr0, {0}
    if (src & INT_TXB) uart_puts("eth: TX complete\n");
 590:	03193f01 	tsteq	r9, #1, 30
 594:	3b0b3a0e 	blcc	2cedd4 <FIQ_STACK_POINTER+0x2cadd4>
    if (src & INT_TXE) uart_puts("eth: TX error\n");
 598:	270b390b 	strcs	r3, [fp, -fp, lsl #18]
 59c:	3c134919 			@ <UNDEFINED> instruction: 0x3c134919
}
 5a0:	00130119 	andseq	r0, r3, r9, lsl r1
 5a4:	000f1500 	andeq	r1, pc, r0, lsl #10
static void uart_puts(const char* s){ UARTWrite((char*)s); }
 5a8:	00000b0b 	andeq	r0, r0, fp, lsl #22
}
 5ac:	3f012e16 	svccc	0x00012e16
 5b0:	3a0e0319 	bcc	38121c <FIQ_STACK_POINTER+0x37d21c>
static void uart_puts(const char* s){ UARTWrite((char*)s); }
 5b4:	390b3b0b 	stmdbcc	fp, {r0, r1, r3, r8, r9, fp, ip, sp}
 5b8:	1119270b 	tstne	r9, fp, lsl #14
 5bc:	40061201 	andmi	r1, r6, r1, lsl #4
    if (src & INT_TXE) uart_puts("eth: TX error\n");
 5c0:	01197a18 	tsteq	r9, r8, lsl sl
 5c4:	17000013 	smladne	r0, r3, r0, r0
 5c8:	08030034 	stmdaeq	r3, {r2, r4, r5}
 5cc:	0b3b0b3a 	bleq	ec32bc <FIQ_STACK_POINTER+0xebf2bc>
 5d0:	13490b39 	movtne	r0, #39737	@ 0x9b39
 5d4:	42b71702 	adcsmi	r1, r7, #524288	@ 0x80000
 5d8:	18000017 	stmdane	r0, {r0, r1, r2, r4}
 5dc:	1755010b 	ldrbne	r0, [r5, -fp, lsl #2]
 5e0:	00001301 	andeq	r1, r0, r1, lsl #6
{
 5e4:	31003419 	tstcc	r0, r9, lsl r4
        char x = *UART0_LSR;
 5e8:	00180213 	andseq	r0, r8, r3, lsl r2
        if ( x & (1 << 6) )
 5ec:	010b1a00 	tsteq	fp, r0, lsl #20
 5f0:	17551331 	smmlarne	r5, r1, r3, r1
 5f4:	00001301 	andeq	r1, r0, r1, lsl #6
       eth_irq_handler();
 5f8:	3100341b 	tstcc	r0, fp, lsl r4
       *VIC_INT_CLEAR = 0xffffffff;
 5fc:	b7170213 			@ <UNDEFINED> instruction: 0xb7170213
}
 600:	00001742 	andeq	r1, r0, r2, asr #14
        if ( x & (1 << 6) )
 604:	7d01481c 	stcvc	8, cr4, [r1, #-112]	@ 0xffffff90
        *UART0_LCR        = (*UART0_LCR) | (1 << 7);
 608:	19018201 	stmdbne	r1, {r0, r9, pc}
 60c:	0000137f 	andeq	r1, r0, pc, ror r3
        *UART0_FCR = *UART0_FCR | 1;
 610:	31011d1d 	tstcc	r1, sp, lsl sp
        *UART0_DLAB1      = 0x46;
 614:	b8015213 	stmdalt	r1, {r0, r1, r4, r9, ip, lr}
        *UART0_DLAB2      = 1;
 618:	01110b42 	tsteq	r1, r2, asr #22
        *UART0_LCR        = (*UART0_LCR) & ~(1 << 7);
 61c:	0b580612 	bleq	1601e6c <FIQ_STACK_POINTER+0x15fde6c>
        *UART0_FCR = *UART0_FCR | 1;
 620:	0b570b59 	bleq	15c338c <FIQ_STACK_POINTER+0x15bf38c>
        *UART0_DLAB1      = 0x46;
 624:	0b1e0000 	bleq	78062c <FIQ_STACK_POINTER+0x77c62c>
        *UART0_DLAB2      = 1;
 628:	1f000001 	svcne	0x00000001
        *UART0_LCR        = (*UART0_LCR) & ~(1 << 7);
 62c:	0e03012e 	adfeqsp	f0, f3, #0.5
        *UART0_FCR = *UART0_FCR | 1;
 630:	0b3b0b3a 	bleq	ec3320 <FIQ_STACK_POINTER+0xebf320>
}
 634:	19270b39 	stmdbne	r7!, {r0, r3, r4, r5, r8, r9, fp}
        while(s[i] != '\0')
 638:	0b201349 	bleq	805364 <FIQ_STACK_POINTER+0x801364>
 63c:	00001301 	andeq	r1, r0, r1, lsl #6
 640:	03012e20 	movweq	r2, #7712	@ 0x1e20
 644:	3b0b3a0e 	blcc	2cee84 <FIQ_STACK_POINTER+0x2cae84>
 648:	270b390b 	strcs	r3, [fp, -fp, lsl #18]
 64c:	000b2019 	andeq	r2, fp, r9, lsl r0
 650:	34010000 	strcc	r0, [r1], #-0
 654:	02133100 	andseq	r3, r3, #0, 2
 658:	1742b717 	smlaldne	fp, r2, r7, r7
 65c:	2e020000 	cdpcs	0, 0, cr0, cr2, cr0, {0}
 660:	11133100 	tstne	r3, r0, lsl #2
        *UART0_THR = c;
 664:	40061201 	andmi	r1, r6, r1, lsl #4
                UARTWriteByte(s[i]);
 668:	00197a18 	andseq	r7, r9, r8, lsl sl
        *UART0_THR = c;
 66c:	00240300 	eoreq	r0, r4, r0, lsl #6
        for(i=0;i<len;i++)        {
 670:	0b3e0b0b 	bleq	f832a4 <FIQ_STACK_POINTER+0xf7f2a4>
 674:	00000e03 	andeq	r0, r0, r3, lsl #28
 678:	03003404 	movweq	r3, #1028	@ 0x404
        *UART0_THR = c;
 67c:	01213a08 			@ <UNDEFINED> instruction: 0x01213a08
 680:	0b390b3b 	bleq	e43374 <FIQ_STACK_POINTER+0xe3f374>
}
 684:	00001349 	andeq	r1, r0, r9, asr #6
        while(s[i] != '\0')
 688:	3f002e05 	svccc	0x00002e05
 68c:	3a0e0319 	bcc	3812f8 <FIQ_STACK_POINTER+0x37d2f8>
 690:	0b3b0121 	bleq	ec0b1c <FIQ_STACK_POINTER+0xebcb1c>
 694:	27062139 	smladxcs	r6, r9, r1, r2
 698:	01212019 			@ <UNDEFINED> instruction: 0x01212019
 69c:	05060000 	streq	r0, [r6, #-0]
 6a0:	02133100 	andseq	r3, r3, #0, 2
 6a4:	1742b717 	smlaldne	fp, r2, r7, r7
                i++;
 6a8:	48070000 	stmdami	r7, {}	@ <UNPREDICTABLE>
 6ac:	7f017d00 	svcvc	0x00017d00
 6b0:	08000013 	stmdaeq	r0, {r0, r1, r4}
        i = 0;
 6b4:	1331012e 	teqne	r1, #-2147483637	@ 0x8000000b
}
 6b8:	06120111 			@ <UNDEFINED> instruction: 0x06120111
        *UART0_IER = *UART0_IER | 1;
 6bc:	197a1840 	ldmdbne	sl!, {r6, fp, ip}^
 6c0:	00001301 	andeq	r1, r0, r1, lsl #6
 6c4:	3f002e09 	svccc	0x00002e09
 6c8:	3a0e0319 	bcc	381334 <FIQ_STACK_POINTER+0x37d334>
}
 6cc:	0b3b0121 	bleq	ec0b58 <FIQ_STACK_POINTER+0xebcb58>
        *UART0_FCR = *UART0_FCR | 4;
 6d0:	27062139 	smladxcs	r6, r9, r1, r2
 6d4:	00193c19 	andseq	r3, r9, r9, lsl ip
 6d8:	012e0a00 			@ <UNDEFINED> instruction: 0x012e0a00
 6dc:	0e03193f 			@ <UNDEFINED> instruction: 0x0e03193f
}
 6e0:	3b01213a 	blcc	48bd0 <FIQ_STACK_POINTER+0x44bd0>
        *UART0_FCR = *UART0_FCR | 1;
 6e4:	0521390b 	streq	r3, [r1, #-2315]!	@ 0xfffff6f5
 6e8:	13491927 	movtne	r1, #39207	@ 0x9927
 6ec:	01012120 	tsteq	r1, r0, lsr #2
 6f0:	0b000013 	bleq	744 <memcpy+0x2c>
}
 6f4:	08030005 	stmdaeq	r3, {r0, r2}
        char x = *UART0_LSR;
 6f8:	3b01213a 	blcc	48be8 <FIQ_STACK_POINTER+0x44be8>
        if ( x & (1 << 6) )
 6fc:	490b390b 	stmdbmi	fp, {r0, r1, r3, r8, fp, ip, sp}
 700:	0c000013 	stceq	0, cr0, [r0], {19}
}
 704:	193f012e 	ldmdbne	pc!, {r1, r2, r3, r5, r8}	@ <UNPREDICTABLE>
 708:	213a0e03 	teqcs	sl, r3, lsl #28
        return *UART0_RBR;
 70c:	390b3b01 	stmdbcc	fp, {r0, r8, r9, fp, ip, sp}
}
 710:	19270621 	stmdbne	r7!, {r0, r5, r9, sl}
 714:	06120111 			@ <UNDEFINED> instruction: 0x06120111
 718:	197a1840 	ldmdbne	sl!, {r6, fp, ip}^
 71c:	00001301 	andeq	r1, r0, r1, lsl #6
 720:	31001d0d 	tstcc	r0, sp, lsl #26
 724:	b8015213 	stmdalt	r1, {r0, r1, r4, r9, ip, lr}
 728:	01110b42 	tsteq	r1, r2, asr #22
 72c:	21580612 	cmpcs	r8, r2, lsl r6
 730:	570b5901 	strpl	r5, [fp, -r1, lsl #18]
 734:	00000921 	andeq	r0, r0, r1, lsr #18
 738:	2501110e 	strcs	r1, [r1, #-270]	@ 0xfffffef2
 73c:	030b130e 	movweq	r1, #45838	@ 0xb30e
 740:	550e1b0e 	strpl	r1, [lr, #-2830]	@ 0xfffff4f2
 744:	10011117 	andne	r1, r1, r7, lsl r1
 748:	0f000017 	svceq	0x00000017
 74c:	193f002e 	ldmdbne	pc!, {r1, r2, r3, r5}	@ <UNPREDICTABLE>
 750:	0b3a0e03 	bleq	e83f64 <FIQ_STACK_POINTER+0xe7ff64>
 754:	0b390b3b 	bleq	e43448 <FIQ_STACK_POINTER+0xe3f448>
 758:	13491927 	movtne	r1, #39207	@ 0x9927
 75c:	00000b20 	andeq	r0, r0, r0, lsr #22
 760:	0b002410 	bleq	97a8 <FIQ_STACK_POINTER+0x57a8>
 764:	030b3e0b 	movweq	r3, #48651	@ 0xbe0b
 768:	11000008 	tstne	r0, r8
 76c:	0b0b000f 	bleq	2c07b0 <FIQ_STACK_POINTER+0x2bc7b0>
 770:	00001349 	andeq	r1, r0, r9, asr #6
 774:	3f012e12 	svccc	0x00012e12
 778:	3a0e0319 	bcc	3813e4 <FIQ_STACK_POINTER+0x37d3e4>
 77c:	390b3b0b 	stmdbcc	fp, {r0, r1, r3, r8, r9, fp, ip, sp}
 780:	2019270b 	andscs	r2, r9, fp, lsl #14
 784:	0013010b 	andseq	r0, r3, fp, lsl #2
 788:	00051300 	andeq	r1, r5, r0, lsl #6
 78c:	0b3a0803 	bleq	e827a0 <FIQ_STACK_POINTER+0xe7e7a0>
 790:	0b390b3b 	bleq	e43484 <FIQ_STACK_POINTER+0xe3f484>
 794:	17021349 	strne	r1, [r2, -r9, asr #6]
 798:	001742b7 			@ <UNDEFINED> instruction: 0x001742b7
 79c:	00341400 	eorseq	r1, r4, r0, lsl #8
 7a0:	0b3a0803 	bleq	e827b4 <FIQ_STACK_POINTER+0xe7e7b4>
 7a4:	0b390b3b 	bleq	e43498 <FIQ_STACK_POINTER+0xe3f498>
 7a8:	17021349 	strne	r1, [r2, -r9, asr #6]
 7ac:	001742b7 			@ <UNDEFINED> instruction: 0x001742b7
 7b0:	011d1500 	tsteq	sp, r0, lsl #10
 7b4:	01521331 	cmpeq	r2, r1, lsr r3
 7b8:	110b42b8 			@ <UNDEFINED> instruction: 0x110b42b8
 7bc:	58061201 	stmdapl	r6, {r0, r9, ip}
 7c0:	570b590b 	strpl	r5, [fp, -fp, lsl #18]
 7c4:	0013010b 	andseq	r0, r3, fp, lsl #2
 7c8:	011d1600 	tsteq	sp, r0, lsl #12
 7cc:	01521331 	cmpeq	r2, r1, lsr r3
 7d0:	550b42b8 	strpl	r4, [fp, #-696]	@ 0xfffffd48
 7d4:	590b5817 	stmdbpl	fp, {r0, r1, r2, r4, fp, ip, lr}
 7d8:	000b570b 	andeq	r5, fp, fp, lsl #14
 7dc:	001d1700 	andseq	r1, sp, r0, lsl #14
 7e0:	01521331 	cmpeq	r2, r1, lsr r3
 7e4:	550b42b8 	strpl	r4, [fp, #-696]	@ 0xfffffd48
 7e8:	590b5817 	stmdbpl	fp, {r0, r1, r2, r4, fp, ip, lr}
 7ec:	000b570b 	andeq	r5, fp, fp, lsl #14
 7f0:	012e1800 			@ <UNDEFINED> instruction: 0x012e1800
 7f4:	0e03193f 			@ <UNDEFINED> instruction: 0x0e03193f
 7f8:	0b3b0b3a 	bleq	ec34e8 <FIQ_STACK_POINTER+0xebf4e8>
 7fc:	19270b39 	stmdbne	r7!, {r0, r3, r4, r5, r8, r9, fp}
 800:	01111349 	tsteq	r1, r9, asr #6
 804:	18400612 	stmdane	r0, {r1, r4, r9, sl}^
 808:	1301197a 	movwne	r1, #6522	@ 0x197a
 80c:	2e190000 	cdpcs	0, 1, cr0, cr9, cr0, {0}
 810:	03193f01 	tsteq	r9, #1, 30
 814:	3b0b3a0e 	blcc	2cf054 <FIQ_STACK_POINTER+0x2cb054>
 818:	110b390b 	tstne	fp, fp, lsl #18
 81c:	40061201 	andmi	r1, r6, r1, lsl #4
 820:	01197a18 	tsteq	r9, r8, lsl sl
 824:	1a000013 	bne	878 <memcpy+0x160>
 828:	1331011d 	teqne	r1, #1073741831	@ 0x40000007
 82c:	42b80152 	adcsmi	r0, r8, #-2147483628	@ 0x80000014
 830:	5817550b 	ldmdapl	r7, {r0, r1, r3, r8, sl, ip, lr}
 834:	570b590b 	strpl	r5, [fp, -fp, lsl #18]
 838:	0013010b 	andseq	r0, r3, fp, lsl #2
 83c:	010b1b00 	tsteq	fp, r0, lsl #22
 840:	00001755 	andeq	r1, r0, r5, asr r7
 844:	3100051c 	tstcc	r0, ip, lsl r5
 848:	00180213 	andseq	r0, r8, r3, lsl r2
	...

Disassembly of section .debug_aranges:

00000000 <.debug_aranges>:
   0:	0000001c 	andeq	r0, r0, ip, lsl r0
   4:	00000002 	andeq	r0, r0, r2
   8:	00040000 	andeq	r0, r4, r0
   c:	00000000 	andeq	r0, r0, r0
  10:	00000024 	andeq	r0, r0, r4, lsr #32
  14:	0000008c 	andeq	r0, r0, ip, lsl #1
	...
  20:	0000001c 	andeq	r0, r0, ip, lsl r0
_Reset   : b there
  24:	00260002 	eoreq	r0, r6, r2
_Undef   : b _Undef
  28:	00040000 	andeq	r0, r4, r0
_Swi     : b _Swi
  2c:	00000000 	andeq	r0, r0, r0
_Pabt    : b _Pabt
  30:	000000b0 	strheq	r0, [r0], -r0	@ <UNPREDICTABLE>
_Dabt    : b _Dabt
  34:	0000036c 	andeq	r0, r0, ip, ror #6
	...
fiq      : b sc_call
  40:	0000001c 	andeq	r0, r0, ip, lsl r0
sub r14, r14, #4
  44:	112e0002 			@ <UNDEFINED> instruction: 0x112e0002
stmfd sp!, {r0-r12, r14}
  48:	00040000 	andeq	r0, r4, r0
bl irq_handler
  4c:	00000000 	andeq	r0, r0, r0
ldmfd sp!, {r0-r12, pc}^
  50:	0000041c 	andeq	r0, r0, ip, lsl r4
mrs r2, cpsr
  54:	000000d4 	ldrdeq	r0, [r0], -r4
	...
msr cpsr_c, r2
  60:	0000001c 	andeq	r0, r0, ip, lsl r0
ldr sp, =IRQ_STACK_POINTER
  64:	14700002 	ldrbtne	r0, [r0], #-2
mrs r2, cpsr
  68:	00040000 	andeq	r0, r4, r0
bic r2, r2, #31
  6c:	00000000 	andeq	r0, r0, r0
orr r2, r2, #17
  70:	000004f0 	strdeq	r0, [r0], -r0	@ <UNPREDICTABLE>
msr cpsr_c, r2
  74:	000000f4 	strdeq	r0, [r0], -r4
	...
bic r1, r1, #31
  80:	00000024 	andeq	r0, r0, r4, lsr #32
orr r1, r1, #16
  84:	17cd0002 	strbne	r0, [sp, r2]
bic r1, r1, #0xC0
  88:	00040000 	andeq	r0, r4, r0
msr cpsr_c, r1
  8c:	00000000 	andeq	r0, r0, r0
ldr r0, =VIC_BASE_ADDRESS // VIC base address.
  90:	000005e4 	andeq	r0, r0, r4, ror #11
add r0, r0, #4            // Move to INT_MASK
  94:	00000134 	andeq	r0, r0, r4, lsr r1
mov r1, #0                // Prepare mask value
  98:	000008b4 			@ <UNDEFINED> instruction: 0x000008b4
str r1, [r0]              // Unmask all interrupt sources.
  9c:	00000024 	andeq	r0, r0, r4, lsr #32
	...

Disassembly of section .debug_str:

00000000 <.debug_str>:
   0:	2f637273 	svccs	0x00637273
   4:	652f7374 	strvs	r7, [pc, #-884]!	@ fffffc98 <VIC_BASE_ADDRESS+0xfffffcf8>
   8:	616d6874 	smcvs	54916	@ 0xd684
   c:	617a5f63 	cmnvs	sl, r3, ror #30
  10:	61752f70 	cmnvs	r5, r0, ror pc
  14:	732e7472 			@ <UNDEFINED> instruction: 0x732e7472
  18:	6f682f00 	svcvs	0x00682f00
  1c:	762f656d 	strtvc	r6, [pc], -sp, ror #10
  20:	6c756465 	cfldrdvs	mvd6, [r5], #-404	@ 0xfffffe6c
_Reset   : b there
  24:	732f7361 			@ <UNDEFINED> instruction: 0x732f7361
_Undef   : b _Undef
  28:	72616c6f 	rsbvc	r6, r1, #28416	@ 0x6f00
_Swi     : b _Swi
  2c:	6d65665f 	stclvs	6, cr6, [r5, #-380]!	@ 0xfffffe84
_Pabt    : b _Pabt
  30:	58546f74 	ldmdapl	r4, {r2, r4, r5, r6, r8, r9, sl, fp, sp, lr}^
_Dabt    : b _Dabt
  34:	554e4700 	strbpl	r4, [lr, #-1792]	@ 0xfffff900
reserved : b reserved
  38:	20534120 	subscs	r4, r3, r0, lsr #2
irq      : b sc_call
  3c:	32342e32 	eorscc	r2, r4, #800	@ 0x320
fiq      : b sc_call
  40:	6500302e 	strvs	r3, [r0, #-46]	@ 0xffffffd2
sub r14, r14, #4
  44:	695f6874 	ldmdbvs	pc, {r2, r4, r5, r6, fp, sp, lr}^	@ <UNPREDICTABLE>
stmfd sp!, {r0-r12, r14}
  48:	5f74696e 	svcpl	0x0074696e
bl irq_handler
  4c:	00736462 	rsbseq	r6, r3, r2, ror #8
ldmfd sp!, {r0-r12, pc}^
  50:	657a6973 	ldrbvs	r6, [sl, #-2419]!	@ 0xfffff68d
mrs r2, cpsr
  54:	7500745f 	strvc	r7, [r0, #-1119]	@ 0xfffffba1
bic r2, r2, #31
  58:	70746e69 	rsbsvc	r6, r4, r9, ror #28
orr r2, r2, #18
  5c:	745f7274 	ldrbvc	r7, [pc], #-628	@ 64 <there+0x10>
msr cpsr_c, r2
  60:	6e6f6c00 	cdpvs	12, 6, cr6, cr15, cr0, {0}
ldr sp, =IRQ_STACK_POINTER
  64:	6f6c2067 	svcvs	0x006c2067
mrs r2, cpsr
  68:	7520676e 	strvc	r6, [r0, #-1902]!	@ 0xfffff892
bic r2, r2, #31
  6c:	6769736e 	strbvs	r7, [r9, -lr, ror #6]!
orr r2, r2, #17
  70:	2064656e 	rsbcs	r6, r4, lr, ror #10
msr cpsr_c, r2
  74:	00746e69 	rsbseq	r6, r4, r9, ror #28
ldr sp, =FIQ_STACK_POINTER
  78:	6f69646d 	svcvs	0x0069646d
mrs r2, cpsr
  7c:	696e695f 	stmdbvs	lr!, {r0, r1, r2, r3, r4, r6, r8, fp, sp, lr}^
bic r1, r1, #31
  80:	74730074 	ldrbtvc	r0, [r3], #-116	@ 0xffffff8c
orr r1, r1, #16
  84:	73007461 	movwvc	r7, #1121	@ 0x461
bic r1, r1, #0xC0
  88:	685f7379 	ldmdavs	pc, {r0, r3, r4, r5, r6, r8, r9, ip, sp, lr}^	@ <UNPREDICTABLE>
msr cpsr_c, r1
  8c:	6870007a 	ldmdavs	r0!, {r1, r3, r4, r5, r6}^
ldr r0, =VIC_BASE_ADDRESS // VIC base address.
  90:	61775f79 	cmnvs	r7, r9, ror pc
add r0, r0, #4            // Move to INT_MASK
  94:	6c5f7469 	cfldrdvs	mvd7, [pc], {105}	@ 0x69
mov r1, #0                // Prepare mask value
  98:	006b6e69 	rsbeq	r6, fp, r9, ror #28
str r1, [r0]              // Unmask all interrupt sources.
  9c:	676e6f6c 	strbvs	r6, [lr, -ip, ror #30]!
ldr r1, [r0]              // No change to R1 value.
  a0:	6e6f6c20 	cdpvs	12, 6, cr6, cr15, cr0, {1}
ldr sp, =USER_STACK_POINTER
  a4:	6e692067 	cdpvs	0, 6, cr2, cr9, cr7, {3}
bl main
  a8:	656d0074 	strbvs	r0, [sp, #-116]!	@ 0xffffff8c
here: b here
  ac:	7970636d 	ldmdbvc	r0!, {r0, r2, r3, r5, r6, r8, r9, sp, lr}^
static inline uint32_t eth_readl(uintptr_t a){ return *(volatile uint32_t*)a; }
  b0:	61636400 	cmnvs	r3, r0, lsl #8
  b4:	5f656863 	svcpl	0x00656863
    while (eth_readl(ETH_MIICOMMAND) & (MIICOMMAND_RSTAT | MIICOMMAND_WCTRLDATA)) { /* spin */ }
  b8:	61766e69 	cmnvs	r6, r9, ror #28
  bc:	61725f6c 	cmnvs	r2, ip, ror #30
    eth_writel(((uint32_t)phy << MIIADDR_PHY_SHIFT) | ((uint32_t)reg << MIIADDR_REG_SHIFT), ETH_MIIADDRESS);
  c0:	0065676e 	rsbeq	r6, r5, lr, ror #14
  c4:	72636d62 	rsbvc	r6, r3, #6272	@ 0x1880
static inline void eth_writel(uint32_t v, uintptr_t a){ *(volatile uint32_t*)a = v; }
  c8:	6e697500 	cdpvs	5, 6, cr7, cr9, cr0, {0}
  cc:	5f363174 	svcpl	0x00363174
  d0:	78720074 	ldmdavc	r2!, {r2, r4, r5, r6}^
  d4:	6675625f 			@ <UNDEFINED> instruction: 0x6675625f
static inline uint32_t eth_readl(uintptr_t a){ return *(volatile uint32_t*)a; }
  d8:	7a69735f 	bvc	1a5ce5c <FIQ_STACK_POINTER+0x1a58e5c>
    while (eth_readl(ETH_MIICOMMAND) & (MIICOMMAND_RSTAT | MIICOMMAND_WCTRLDATA)) { /* spin */ }
  dc:	74650065 	strbtvc	r0, [r5], #-101	@ 0xffffff9b
  e0:	78725f68 	ldmdavc	r2!, {r3, r5, r6, r8, r9, sl, fp, ip, lr}^
  e4:	6c6f705f 	stclvs	0, cr7, [pc], #-380	@ ffffff70 <VIC_BASE_ADDRESS+0xffffffd0>
  e8:	6873006c 	ldmdavs	r3!, {r2, r3, r5, r6}^
  ec:	2074726f 	rsbscs	r7, r4, pc, ror #4
  f0:	69736e75 	ldmdbvs	r3!, {r0, r2, r4, r5, r6, r9, sl, fp, sp, lr}^
  f4:	64656e67 	strbtvs	r6, [r5], #-3687	@ 0xfffff199
    eth_writel(((uint32_t)phy << MIIADDR_PHY_SHIFT) | ((uint32_t)reg << MIIADDR_REG_SHIFT), ETH_MIIADDRESS);
  f8:	746e6920 	strbtvc	r6, [lr], #-2336	@ 0xfffff6e0
static inline void eth_writel(uint32_t v, uintptr_t a){ *(volatile uint32_t*)a = v; }
  fc:	72617400 	rsbvc	r7, r1, #0, 8
static inline uint32_t eth_readl(uintptr_t a){ return *(volatile uint32_t*)a; }
 100:	00746567 	rsbseq	r6, r4, r7, ror #10
static inline void eth_writel(uint32_t v, uintptr_t a){ *(volatile uint32_t*)a = v; }
 104:	7366666f 	cmnvc	r6, #116391936	@ 0x6f00000
 108:	68746500 	ldmdavs	r4!, {r8, sl, sp, lr}^
static inline uint32_t eth_readl(uintptr_t a){ return *(volatile uint32_t*)a; }
 10c:	6e6f635f 	mcrvs	3, 3, r6, cr15, cr15, {2}
    while (eth_readl(ETH_MIICOMMAND) & (MIICOMMAND_RSTAT | MIICOMMAND_WCTRLDATA)) { /* spin */ }
 110:	5f676966 	svcpl	0x00676966
 114:	61666564 	cmnvs	r6, r4, ror #10
 118:	73746c75 	cmnvc	r4, #29952	@ 0x7500
}
 11c:	6e6f6c00 	cdpvs	12, 6, cr6, cr15, cr0, {0}
 120:	6f642067 	svcvs	0x00642067
 124:	656c6275 	strbvs	r6, [ip, #-629]!	@ 0xfffffd8b
static inline void eth_writel(uint32_t v, uintptr_t a){ *(volatile uint32_t*)a = v; }
 128:	5f585200 	svcpl	0x00585200
 12c:	52415453 	subpl	r5, r1, #1392508928	@ 0x53000000
 130:	68700054 	ldmdavs	r0!, {r2, r4, r6}^
int eth_init(const uint8_t mac[6]){
 134:	65725f79 	ldrbvs	r5, [r2, #-3961]!	@ 0xfffff087
 138:	6d006461 	cfstrsvs	mvf6, [r0, #-388]	@ 0xfffffe7c
 13c:	5f6f6964 	svcpl	0x006f6964
static inline uint32_t eth_readl(uintptr_t a){ return *(volatile uint32_t*)a; }
 140:	646b6c63 	strbtvs	r6, [fp], #-3171	@ 0xfffff39d
    while (eth_readl(ETH_MIICOMMAND) & (MIICOMMAND_RSTAT | MIICOMMAND_WCTRLDATA)) { /* spin */ }
 144:	74007669 	strvc	r7, [r0], #-1641	@ 0xfffff997
 148:	6f656d69 	svcvs	0x00656d69
static inline void eth_writel(uint32_t v, uintptr_t a){ *(volatile uint32_t*)a = v; }
 14c:	6d5f7475 	cfldrdvs	mvd7, [pc, #-468]	@ ffffff80 <VIC_BASE_ADDRESS+0xffffffe0>
 150:	74650073 	strbtvc	r0, [r5], #-115	@ 0xffffff8d
static inline uint32_t eth_readl(uintptr_t a){ return *(volatile uint32_t*)a; }
 154:	6e695f68 	cdpvs	15, 6, cr5, cr9, cr8, {3}
static inline void eth_writel(uint32_t v, uintptr_t a){ *(volatile uint32_t*)a = v; }
 158:	75007469 	strvc	r7, [r0, #-1129]	@ 0xfffffb97
 15c:	6769736e 	strbvs	r7, [r9, -lr, ror #6]!
static inline uint32_t eth_readl(uintptr_t a){ return *(volatile uint32_t*)a; }
 160:	2064656e 	rsbcs	r6, r4, lr, ror #10
 164:	72616863 	rsbvc	r6, r1, #6488064	@ 0x630000
 168:	79687000 	stmdbvc	r8!, {ip, sp, lr}^
 16c:	6c75665f 	ldclvs	6, cr6, [r5], #-380	@ 0xfffffe84
    phy_write(PHY_BMCR, (bmcr | BMCR_AN_ENABLE | BMCR_RESTART_AN) & ~BMCR_RESET);
 170:	75645f6c 	strbvc	r5, [r4, #-3948]!	@ 0xfffff094
 174:	78656c70 	stmdavc	r5!, {r4, r5, r6, sl, fp, sp, lr}^
 178:	6f687300 	svcvs	0x00687300
 17c:	69207472 	stmdbvs	r0!, {r1, r4, r5, r6, sl, ip, sp, lr}
 180:	6400746e 	strvs	r7, [r0], #-1134	@ 0xfffffb92
    while (eth_readl(ETH_MIICOMMAND) & (MIICOMMAND_RSTAT | MIICOMMAND_WCTRLDATA)) { /* spin */ }
 184:	68636163 	stmdavs	r3!, {r0, r1, r5, r6, r8, sp, lr}^
 188:	6c635f65 	stclvs	15, cr5, [r3], #-404	@ 0xfffffe6c
static inline void eth_writel(uint32_t v, uintptr_t a){ *(volatile uint32_t*)a = v; }
 18c:	5f6e6165 	svcpl	0x006e6165
 190:	676e6172 			@ <UNDEFINED> instruction: 0x676e6172
 194:	69750065 	ldmdbvs	r5!, {r0, r2, r5, r6}^
 198:	3233746e 	eorscc	r7, r3, #1845493760	@ 0x6e000000
static inline uint32_t eth_readl(uintptr_t a){ return *(volatile uint32_t*)a; }
 19c:	6500745f 	strvs	r7, [r0, #-1119]	@ 0xfffffba1
static inline void eth_writel(uint32_t v, uintptr_t a){ *(volatile uint32_t*)a = v; }
 1a0:	735f6874 	cmpvc	pc, #116, 16	@ 0x740000
static inline uint32_t eth_readl(uintptr_t a){ return *(volatile uint32_t*)a; }
 1a4:	6d5f7465 	cfldrdvs	mvd7, [pc, #-404]	@ 18 <_Reset-0xc>
 1a8:	73006361 	movwvc	r6, #865	@ 0x361
 1ac:	742f6372 	strtvc	r6, [pc], #-882	@ 1b4 <eth_init+0x8c>
 1b0:	74652f73 	strbtvc	r2, [r5], #-3955	@ 0xfffff08d
static inline void eth_writel(uint32_t v, uintptr_t a){ *(volatile uint32_t*)a = v; }
 1b4:	63616d68 	cmnvs	r1, #104, 26	@ 0x1a00
static inline uint32_t eth_readl(uintptr_t a){ return *(volatile uint32_t*)a; }
 1b8:	70617a5f 	rsbvc	r7, r1, pc, asr sl
static inline void eth_writel(uint32_t v, uintptr_t a){ *(volatile uint32_t*)a = v; }
 1bc:	6874652f 	ldmdavs	r4!, {r0, r1, r2, r3, r5, r8, sl, sp, lr}^
static inline uint32_t eth_readl(uintptr_t a){ return *(volatile uint32_t*)a; }
 1c0:	5f63616d 	svcpl	0x0063616d
 1c4:	2e70617a 	mrccs	1, 3, r6, cr0, cr10, {3}
 1c8:	74650063 	strbtvc	r0, [r5], #-99	@ 0xffffff9d
static inline void eth_writel(uint32_t v, uintptr_t a){ *(volatile uint32_t*)a = v; }
 1cc:	65725f68 	ldrbvs	r5, [r2, #-3944]!	@ 0xfffff098
 1d0:	006c6461 	rsbeq	r6, ip, r1, ror #8
static inline uint32_t eth_readl(uintptr_t a){ return *(volatile uint32_t*)a; }
 1d4:	5f687465 	svcpl	0x00687465
 1d8:	6f69646d 	svcvs	0x0069646d
 1dc:	6165725f 	cmnvs	r5, pc, asr r2
 1e0:	646d0064 	strbtvs	r0, [sp], #-100	@ 0xffffff9c
 1e4:	775f6f69 	ldrbvc	r6, [pc, -r9, ror #30]
 1e8:	5f746961 	svcpl	0x00746961
 1ec:	656c6469 	strbvs	r6, [ip, #-1129]!	@ 0xfffffb97
static inline void eth_writel(uint32_t v, uintptr_t a){ *(volatile uint32_t*)a = v; }
 1f0:	68746500 	ldmdavs	r4!, {r8, sl, sp, lr}^
 1f4:	69646d5f 	stmdbvs	r4!, {r0, r1, r2, r3, r4, r6, r8, sl, fp, sp, lr}^
static inline uint32_t eth_readl(uintptr_t a){ return *(volatile uint32_t*)a; }
 1f8:	72775f6f 	rsbsvc	r5, r7, #444	@ 0x1bc
 1fc:	00657469 	rsbeq	r7, r5, r9, ror #8
 200:	5f74756f 	svcpl	0x0074756f
 204:	00667562 	rsbeq	r7, r6, r2, ror #10
        if ((b & BMSR_AN_COMPLETE) && (b & BMSR_LINK_STATUS))
 208:	5f796870 	svcpl	0x00796870
 20c:	74697277 	strbtvc	r7, [r9], #-631	@ 0xfffffd89
 210:	74650065 	strbtvc	r0, [r5], #-101	@ 0xffffff9b
    for (unsigned t=0;t<timeout_ms;t++){
 214:	64625f68 	strbtvs	r5, [r2], #-3944	@ 0xfffff098
 218:	7500745f 	strvc	r7, [r0, #-1119]	@ 0xfffffba1
    uint32_t lo = (mac[3]) | (mac[2]<<8) | (mac[1]<<16) | (mac[0]<<24);
 21c:	38746e69 	ldmdacc	r4!, {r0, r3, r5, r6, r9, sl, fp, sp, lr}^
 220:	5200745f 	andpl	r7, r0, #1593835520	@ 0x5f000000
 224:	4f435f58 	svcmi	0x00435f58
 228:	00544e55 	subseq	r4, r4, r5, asr lr
 22c:	5f687465 	svcpl	0x00687465
 230:	655f7874 	ldrbvs	r7, [pc, #-2164]	@ fffff9c4 <VIC_BASE_ADDRESS+0xfffffa24>
    uint32_t hi = (mac[5]) | (mac[4]<<8);
 234:	6575716e 	ldrbvs	r7, [r5, #-366]!	@ 0xfffffe92
 238:	47006575 	smlsdxmi	r0, r5, r5, r6
 23c:	4320554e 			@ <UNDEFINED> instruction: 0x4320554e
 240:	31203731 			@ <UNDEFINED> instruction: 0x31203731
 244:	2e332e33 	mrccs	14, 1, r2, cr3, cr3, {1}
 248:	6d2d2030 	stcvs	0, cr2, [sp, #-192]!	@ 0xffffff40
 24c:	616f6c66 	cmnvs	pc, r6, ror #24
 250:	62612d74 	rsbvs	r2, r1, #116, 26	@ 0x1d00
 254:	6f733d69 	svcvs	0x00733d69
static inline void eth_writel(uint32_t v, uintptr_t a){ *(volatile uint32_t*)a = v; }
 258:	2d207466 	cfstrscs	mvf7, [r0, #-408]!	@ 0xfffffe68
 25c:	6f6c666d 	svcvs	0x006c666d
 260:	612d7461 			@ <UNDEFINED> instruction: 0x612d7461
 264:	733d6962 	teqvc	sp, #1605632	@ 0x188000
 268:	2074666f 	rsbscs	r6, r4, pc, ror #12
 26c:	72616d2d 	rsbvc	r6, r1, #2880	@ 0xb40
 270:	6d2d206d 	stcvs	0, cr2, [sp, #-436]!	@ 0xfffffe4c
 274:	68637261 	stmdavs	r3!, {r0, r5, r6, r9, ip, sp, lr}^
 278:	6d72613d 	ldfvse	f6, [r2, #-244]!	@ 0xffffff0c
 27c:	65743576 	ldrbvs	r3, [r4, #-1398]!	@ 0xfffffa8a
 280:	20672d20 	rsbcs	r2, r7, r0, lsr #26
    for (unsigned i=0;i<ETH_BD_COUNT;i++){ BD(i)->stat = 0; BD(i)->ptr = 0; }
 284:	20324f2d 	eorscs	r4, r2, sp, lsr #30
 288:	7266662d 	rsbvc	r6, r6, #47185920	@ 0x2d00000
 28c:	74736565 	ldrbtvc	r6, [r3], #-1381	@ 0xfffffa9b
 290:	69646e61 	stmdbvs	r4!, {r0, r5, r6, r9, sl, fp, sp, lr}^
 294:	6f00676e 	svcvs	0x0000676e
 298:	6c5f7475 	cfldrdvs	mvd7, [pc], {117}	@ 0x75
 29c:	65006e65 	strvs	r6, [r0, #-3685]	@ 0xfffff19b
 2a0:	775f6874 			@ <UNDEFINED> instruction: 0x775f6874
 2a4:	65746972 	ldrbvs	r6, [r4, #-2418]!	@ 0xfffff68e
 2a8:	4155006c 	cmpmi	r5, ip, rrx
 2ac:	72575452 	subsvc	r5, r7, #1375731712	@ 0x52000000
    BD(ETH_TX_BD_NUM-1)->stat = BD_WRAP;           // TX wrap
 2b0:	00657469 	rsbeq	r7, r5, r9, ror #8
 2b4:	2f637273 	svccs	0x00637273
 2b8:	652f7374 	strvs	r7, [pc, #-884]!	@ ffffff4c <VIC_BASE_ADDRESS+0xffffffac>
    BD(ETH_BD_COUNT-1)->stat |= BD_WRAP;           // RX wrap
 2bc:	616d6874 	smcvs	54916	@ 0xd684
 2c0:	617a5f63 	cmnvs	sl, r3, ror #30
 2c4:	74652f70 	strbtvc	r2, [r5], #-3952	@ 0xfffff090
 2c8:	63616d68 	cmnvs	r1, #104, 26	@ 0x1a00
 2cc:	6d65645f 	cfstrdvs	mvd6, [r5, #-380]!	@ 0xfffffe84
        BD(RX_START+i)->ptr  = (uint32_t)buf;
 2d0:	00632e6f 	rsbeq	r2, r3, pc, ror #28
        BD(RX_START+i)->stat = (BD(RX_START+i)->stat & BD_WRAP) | BD_IRQ | BD_E_R; // EMPTY=1
 2d4:	74726175 	ldrbtvc	r6, [r2], #-373	@ 0xfffffe8b
    for (unsigned i=0;i<RX_COUNT;i++){
 2d8:	7475705f 	ldrbtvc	r7, [r5], #-95	@ 0xffffffa1
        BD(RX_START+i)->stat = (BD(RX_START+i)->stat & BD_WRAP) | BD_IRQ | BD_E_R; // EMPTY=1
 2dc:	00786568 	rsbseq	r6, r8, r8, ror #10
 2e0:	5f687465 	svcpl	0x00687465
 2e4:	6f6d6564 	svcvs	0x006d6564
    for (unsigned i=0;i<RX_COUNT;i++){
 2e8:	696e695f 	stmdbvs	lr!, {r0, r1, r2, r3, r4, r6, r8, fp, sp, lr}^
 2ec:	65680074 	strbvs	r0, [r8, #-116]!	@ 0xffffff8c
static inline uint32_t eth_readl(uintptr_t a){ return *(volatile uint32_t*)a; }
 2f0:	696e5f78 	stmdbvs	lr!, {r3, r4, r5, r6, r8, r9, sl, fp, ip, lr}^
 2f4:	656c6262 	strbvs	r6, [ip, #-610]!	@ 0xfffffd9e
 2f8:	68746500 	ldmdavs	r4!, {r8, sl, sp, lr}^
    while (eth_readl(ETH_MIICOMMAND) & (MIICOMMAND_RSTAT | MIICOMMAND_WCTRLDATA)) { /* spin */ }
 2fc:	6d65645f 	cfstrdvs	mvd6, [r5, #-380]!	@ 0xfffffe84
 300:	6f705f6f 	svcvs	0x00705f6f
static inline void eth_writel(uint32_t v, uintptr_t a){ *(volatile uint32_t*)a = v; }
 304:	75006c6c 	strvc	r6, [r0, #-3180]	@ 0xfffff394
 308:	5f747261 	svcpl	0x00747261
static inline uint32_t eth_readl(uintptr_t a){ return *(volatile uint32_t*)a; }
 30c:	73747570 	cmnvc	r4, #112, 10	@ 0x1c000000
static inline void eth_writel(uint32_t v, uintptr_t a){ *(volatile uint32_t*)a = v; }
 310:	63727300 	cmnvs	r2, #0, 6
 314:	2f73742f 	svccs	0x0073742f
static inline uint32_t eth_readl(uintptr_t a){ return *(volatile uint32_t*)a; }
 318:	6d687465 	cfstrdvs	mvd7, [r8, #-404]!	@ 0xfffffe6c
 31c:	7a5f6361 	bvc	17d90a8 <FIQ_STACK_POINTER+0x17d50a8>
 320:	652f7061 	strvs	r7, [pc, #-97]!	@ 2c7 <eth_init+0x19f>
 324:	616d6874 	smcvs	54916	@ 0xd684
static inline void eth_writel(uint32_t v, uintptr_t a){ *(volatile uint32_t*)a = v; }
 328:	72695f63 	rsbvc	r5, r9, #396	@ 0x18c
    if (phy_full_duplex()) m |= MODER_FULLD; else m &= ~MODER_FULLD;
 32c:	00632e71 	rsbeq	r2, r3, r1, ror lr
 330:	5f687465 	svcpl	0x00687465
 334:	5f717269 	svcpl	0x00717269
    m |= MODER_RXEN | MODER_TXEN | MODER_PAD | MODER_CRCEN;
 338:	646e6168 	strbtvs	r6, [lr], #-360	@ 0xfffffe98
}
 33c:	0072656c 	rsbseq	r6, r2, ip, ror #10
 340:	6c727473 	cfldrdvs	mvd7, [r2], #-460	@ 0xfffffe34
 344:	55006e65 	strpl	r6, [r0, #-3685]	@ 0xfffff19b
 348:	45545241 	ldrbmi	r5, [r4, #-577]	@ 0xfffffdbf
 34c:	6c62616e 	stfvse	f6, [r2], #-440	@ 0xfffffe48
 350:	00585465 	subseq	r5, r8, r5, ror #8
 354:	54524155 	ldrbpl	r4, [r2], #-341	@ 0xfffffeab
 358:	6e617254 	mcrvs	2, 3, r7, cr1, cr4, {2}
 35c:	74696d73 	strbtvc	r6, [r9], #-3443	@ 0xfffff28d
 360:	74706d45 	ldrbtvc	r6, [r0], #-3397	@ 0xfffff2bb
        uint32_t st = BD(i)->stat;
 364:	41550079 	cmpmi	r5, r9, ror r0
 368:	72575452 	subsvc	r5, r7, #1375731712	@ 0x52000000
        if ((st & BD_E_R)==0){ // READY==0 → free
 36c:	42657469 	rsbmi	r7, r5, #1761607680	@ 0x69000000
 370:	00657479 	rsbeq	r7, r5, r9, ror r4
        uint32_t st = BD(i)->stat;
 374:	6e69616d 	powvsez	f6, f1, #5.0
        if ((st & BD_E_R)==0){ // READY==0 → free
 378:	63727300 	cmnvs	r2, #0, 6
        uint32_t st = BD(i)->stat;
 37c:	2f73742f 	svccs	0x0073742f
        if ((st & BD_E_R)==0){ // READY==0 → free
 380:	6d687465 	cfstrdvs	mvd7, [r8, #-404]!	@ 0xfffffe6c
    return -1; // no free TX descriptor
 384:	7a5f6361 	bvc	17d9110 <FIQ_STACK_POINTER+0x17d5110>
}
 388:	752f7061 	strvc	r7, [pc, #-97]!	@ 32f <eth_init+0x207>
        uint32_t st = BD(i)->stat;
 38c:	2e747261 	cdpcs	2, 7, cr7, cr4, cr1, {3}
            BD(i)->stat = (st & BD_WRAP) | BD_IRQ | BD_TX_PAD | BD_TX_CRC | BD_E_R | (len & BD_LEN_MASK);
 390:	41550063 	cmpmi	r5, r3, rrx
 394:	65475452 	strbvs	r5, [r7, #-1106]	@ 0xfffffbae
 398:	61684374 	smcvs	33844	@ 0x8434
 39c:	41550072 	cmpmi	r5, r2, ror r0
 3a0:	6e455452 	mcrvs	4, 2, r5, cr5, cr2, {2}
            BD(i)->ptr  = (uint32_t)buf;  // physical address expected
 3a4:	656c6261 	strbvs	r6, [ip, #-609]!	@ 0xfffffd9f
            return 0;
 3a8:	55005852 	strpl	r5, [r0, #-2130]	@ 0xfffff7ae
            BD(i)->stat = (st & BD_WRAP) | BD_IRQ | BD_TX_PAD | BD_TX_CRC | BD_E_R | (len & BD_LEN_MASK);
 3ac:	45545241 	ldrbmi	r5, [r4, #-577]	@ 0xfffffdbf
            return 0;
 3b0:	6c62616e 	stfvse	f6, [r2], #-440	@ 0xfffffe48
 3b4:	49585265 	ldmdbmi	r8, {r0, r2, r5, r6, r9, ip, lr}^
int eth_rx_poll(void* out_buf, unsigned* out_len){
 3b8:	7265746e 	rsbvc	r7, r5, #1845493760	@ 0x6e000000
 3bc:	74707572 	ldrbtvc	r7, [r0], #-1394	@ 0xfffffa8e
        uint32_t st = BD(i)->stat;
 3c0:	52415500 	subpl	r5, r1, #0, 10
        if ((st & BD_E_R)==0){ // EMPTY==0 → filled by MAC
 3c4:	696e4954 	stmdbvs	lr!, {r2, r4, r6, r8, fp, lr}^
 3c8:	Address 0x3c8 is out of bounds.


Disassembly of section .debug_loclists:

00000000 <.debug_loclists>:
   0:	00000680 	andeq	r0, r0, r0, lsl #13
   4:	00040005 	andeq	r0, r4, r5
	...
  14:	ac068804 	stcge	8, cr8, [r6], {4}
  18:	04500106 	ldrbeq	r0, [r0], #-262	@ 0xfffffefa
  1c:	06b006ac 	ldrteq	r0, [r0], ip, lsr #13
  20:	a503a30a 	strge	sl, [r3, #-778]	@ 0xfffffcf6
_Reset   : b there
  24:	2da82600 	stccs	6, cr2, [r8]
_Undef   : b _Undef
  28:	049f00a8 	ldreq	r0, [pc], #168	@ 30 <_Pabt>
_Swi     : b _Swi
  2c:	06d306b0 			@ <UNDEFINED> instruction: 0x06d306b0
_Pabt    : b _Pabt
  30:	d3045001 	movwle	r5, #16385	@ 0x4001
_Dabt    : b _Dabt
  34:	0a06ec06 	beq	1bb054 <FIQ_STACK_POINTER+0x1b7054>
reserved : b reserved
  38:	00a503a3 	adceq	r0, r5, r3, lsr #7
irq      : b sc_call
  3c:	a82da826 	stmdage	sp!, {r1, r2, r5, fp, sp, pc}
fiq      : b sc_call
  40:	00009f00 	andeq	r9, r0, r0, lsl #30
sub r14, r14, #4
  44:	04000000 	streq	r0, [r0], #-0
stmfd sp!, {r0-r12, r14}
  48:	06d00688 	ldrbeq	r0, [r0], r8, lsl #13
bl irq_handler
  4c:	d0045101 	andle	r5, r4, r1, lsl #2
ldmfd sp!, {r0-r12, pc}^
  50:	0a06ec06 	beq	1bb070 <FIQ_STACK_POINTER+0x1b7070>
mrs r2, cpsr
  54:	01a503a3 			@ <UNDEFINED> instruction: 0x01a503a3
bic r2, r2, #31
  58:	a82da826 	stmdage	sp!, {r1, r2, r5, fp, sp, pc}
orr r2, r2, #18
  5c:	03009f00 	movweq	r9, #3840	@ 0xf00
msr cpsr_c, r2
  60:	06880400 	streq	r0, [r8], r0, lsl #8
ldr sp, =IRQ_STACK_POINTER
  64:	32020690 	andcc	r0, r2, #144, 12	@ 0x9000000
mrs r2, cpsr
  68:	0000009f 	muleq	r0, pc, r0	@ <UNPREDICTABLE>
bic r2, r2, #31
  6c:	d8069404 	stmdale	r6, {r2, sl, ip, pc}
orr r2, r2, #17
  70:	00550106 	subseq	r0, r5, r6, lsl #2
msr cpsr_c, r2
  74:	00000000 	andeq	r0, r0, r0
ldr sp, =FIQ_STACK_POINTER
  78:	d306bc04 	movwle	fp, #27652	@ 0x6c04
mrs r2, cpsr
  7c:	04520106 	ldrbeq	r0, [r2], #-262	@ 0xfffffefa
bic r1, r1, #31
  80:	06d806d3 			@ <UNDEFINED> instruction: 0x06d806d3
orr r1, r1, #16
  84:	45007507 	strmi	r7, [r0, #-1287]	@ 0xfffffaf9
bic r1, r1, #0xC0
  88:	9f254524 	svcls	0x00254524
	...
add r0, r0, #4            // Move to INT_MASK
  94:	04000000 	streq	r0, [r0], #-0
mov r1, #0                // Prepare mask value
  98:	05d805b4 	ldrbeq	r0, [r8, #1460]	@ 0x5b4
str r1, [r0]              // Unmask all interrupt sources.
  9c:	d8045001 	stmdale	r4, {r0, ip, lr}
ldr r1, [r0]              // No change to R1 value.
  a0:	0a05dc05 	beq	1770bc <FIQ_STACK_POINTER+0x1730bc>
ldr sp, =USER_STACK_POINTER
  a4:	00a503a3 	adceq	r0, r5, r3, lsr #7
bl main
  a8:	a82da826 	stmdage	sp!, {r1, r2, r5, fp, sp, pc}
here: b here
  ac:	dc049f00 	stcle	15, cr9, [r4], {-0}
static inline uint32_t eth_readl(uintptr_t a){ return *(volatile uint32_t*)a; }
  b0:	0105fc05 	tsteq	r5, r5, lsl #24	@ <UNPREDICTABLE>
  b4:	05fc0450 	ldrbeq	r0, [ip, #1104]!	@ 0x450
    while (eth_readl(ETH_MIICOMMAND) & (MIICOMMAND_RSTAT | MIICOMMAND_WCTRLDATA)) { /* spin */ }
  b8:	72020680 	andvc	r0, r2, #128, 12	@ 0x8000000
  bc:	06800404 	streq	r0, [r0], r4, lsl #8
    eth_writel(((uint32_t)phy << MIIADDR_PHY_SHIFT) | ((uint32_t)reg << MIIADDR_REG_SHIFT), ETH_MIIADDRESS);
  c0:	a30a0688 	movwge	r0, #42632	@ 0xa688
  c4:	2600a503 	strcs	sl, [r0], -r3, lsl #10
static inline void eth_writel(uint32_t v, uintptr_t a){ *(volatile uint32_t*)a = v; }
  c8:	00a82da8 	adceq	r2, r8, r8, lsr #27
  cc:	0000009f 	muleq	r0, pc, r0	@ <UNPREDICTABLE>
  d0:	b4040000 	strlt	r0, [r4], #-0
  d4:	0105e405 	tsteq	r5, r5, lsl #8
static inline uint32_t eth_readl(uintptr_t a){ return *(volatile uint32_t*)a; }
  d8:	05e40451 	strbeq	r0, [r4, #1105]!	@ 0x451
    while (eth_readl(ETH_MIICOMMAND) & (MIICOMMAND_RSTAT | MIICOMMAND_WCTRLDATA)) { /* spin */ }
  dc:	a30a0688 	movwge	r0, #42632	@ 0xa688
  e0:	2601a503 	strcs	sl, [r1], -r3, lsl #10
  e4:	00a82da8 	adceq	r2, r8, r8, lsr #27
  e8:	0104009f 	swpeq	r0, pc, [r4]	@ <UNPREDICTABLE>
  ec:	00000001 	andeq	r0, r0, r1
  f0:	c405b404 	strgt	fp, [r5], #-1028	@ 0xfffffbfc
  f4:	9f300205 	svcls	0x00300205
    eth_writel(((uint32_t)phy << MIIADDR_PHY_SHIFT) | ((uint32_t)reg << MIIADDR_REG_SHIFT), ETH_MIIADDRESS);
  f8:	d805c404 	stmdale	r5, {r2, sl, lr, pc}
static inline void eth_writel(uint32_t v, uintptr_t a){ *(volatile uint32_t*)a = v; }
  fc:	9f310205 	svcls	0x00310205
static inline uint32_t eth_readl(uintptr_t a){ return *(volatile uint32_t*)a; }
 100:	e005dc04 	and	sp, r5, r4, lsl #24
static inline void eth_writel(uint32_t v, uintptr_t a){ *(volatile uint32_t*)a = v; }
 104:	9f300205 	svcls	0x00300205
 108:	04000000 	streq	r0, [r0], #-0
static inline uint32_t eth_readl(uintptr_t a){ return *(volatile uint32_t*)a; }
 10c:	05ec05bc 	strbeq	r0, [ip, #1468]!	@ 0x5bc
    while (eth_readl(ETH_MIICOMMAND) & (MIICOMMAND_RSTAT | MIICOMMAND_WCTRLDATA)) { /* spin */ }
 110:	00005301 	andeq	r5, r0, r1, lsl #6
 114:	04000000 	streq	r0, [r0], #-0
 118:	01039878 	tsteq	r3, r8, ror r8
}
 11c:	03980450 	orrseq	r0, r8, #80, 8	@ 0x50000000
 120:	a30a05b4 	movwge	r0, #42420	@ 0xa5b4
 124:	2600a503 	strcs	sl, [r0], -r3, lsl #10
static inline void eth_writel(uint32_t v, uintptr_t a){ *(volatile uint32_t*)a = v; }
 128:	00a82da8 	adceq	r2, r8, r8, lsr #27
 12c:	0000009f 	muleq	r0, pc, r0	@ <UNPREDICTABLE>
 130:	c8040000 	stmdagt	r4, {}	@ <UNPREDICTABLE>
int eth_init(const uint8_t mac[6]){
 134:	01058404 	tsteq	r5, r4, lsl #8
 138:	05840450 	streq	r0, [r4, #1104]	@ 0x450
 13c:	530105b4 	movwpl	r0, #5556	@ 0x15b4
static inline uint32_t eth_readl(uintptr_t a){ return *(volatile uint32_t*)a; }
 140:	04000200 	streq	r0, [r0], #-512	@ 0xfffffe00
    while (eth_readl(ETH_MIICOMMAND) & (MIICOMMAND_RSTAT | MIICOMMAND_WCTRLDATA)) { /* spin */ }
 144:	04018c78 	streq	r8, [r1], #-3192	@ 0xfffff388
 148:	9fe0000b 	svcls	0x00e0000b
static inline void eth_writel(uint32_t v, uintptr_t a){ *(volatile uint32_t*)a = v; }
 14c:	04000200 	streq	r0, [r0], #-512	@ 0xfffffe00
 150:	02018c78 	andeq	r8, r1, #120, 24	@ 0x7800
static inline uint32_t eth_readl(uintptr_t a){ return *(volatile uint32_t*)a; }
 154:	04009f30 	streq	r9, [r0], #-3888	@ 0xfffff0d0
static inline void eth_writel(uint32_t v, uintptr_t a){ *(volatile uint32_t*)a = v; }
 158:	018c0400 	orreq	r0, ip, r0, lsl #8
 15c:	0b040190 	bleq	1007a4 <FIQ_STACK_POINTER+0xfc7a4>
static inline uint32_t eth_readl(uintptr_t a){ return *(volatile uint32_t*)a; }
 160:	009fe028 	addseq	lr, pc, r8, lsr #32
 164:	8c040004 	stchi	0, cr0, [r4], {4}
 168:	02019001 	andeq	r9, r1, #1
 16c:	03009f43 	movweq	r9, #3907	@ 0xf43
    phy_write(PHY_BMCR, (bmcr | BMCR_AN_ENABLE | BMCR_RESTART_AN) & ~BMCR_RESET);
 170:	01900400 	orrseq	r0, r0, r0, lsl #8
 174:	0a0402ec 	beq	100d2c <FIQ_STACK_POINTER+0xfcd2c>
 178:	009f0bb8 			@ <UNDEFINED> instruction: 0x009f0bb8
 17c:	c0040000 	andgt	r0, r4, r0
 180:	0701d001 	streq	sp, [r1, -r1]
    while (eth_readl(ETH_MIICOMMAND) & (MIICOMMAND_RSTAT | MIICOMMAND_WCTRLDATA)) { /* spin */ }
 184:	ff0a0071 			@ <UNDEFINED> instruction: 0xff0a0071
 188:	009f1aff 			@ <UNDEFINED> instruction: 0x009f1aff
static inline void eth_writel(uint32_t v, uintptr_t a){ *(volatile uint32_t*)a = v; }
 18c:	90040004 	andls	r0, r4, r4
 190:	0201c001 	andeq	ip, r1, #1
 194:	06009f30 			@ <UNDEFINED> instruction: 0x06009f30
 198:	01900400 	orrseq	r0, r0, r0, lsl #8
static inline uint32_t eth_readl(uintptr_t a){ return *(volatile uint32_t*)a; }
 19c:	300201c0 	andcc	r0, r2, r0, asr #3
static inline void eth_writel(uint32_t v, uintptr_t a){ *(volatile uint32_t*)a = v; }
 1a0:	0006009f 	muleq	r6, pc, r0	@ <UNPREDICTABLE>
static inline uint32_t eth_readl(uintptr_t a){ return *(volatile uint32_t*)a; }
 1a4:	c0019004 	andgt	r9, r1, r4
 1a8:	9f310201 	svcls	0x00310201
 1ac:	04000c00 	streq	r0, [r0], #-3072	@ 0xfffff400
 1b0:	01940190 			@ <UNDEFINED> instruction: 0x01940190
static inline void eth_writel(uint32_t v, uintptr_t a){ *(volatile uint32_t*)a = v; }
 1b4:	e02c0b04 	eor	r0, ip, r4, lsl #22
static inline uint32_t eth_readl(uintptr_t a){ return *(volatile uint32_t*)a; }
 1b8:	0001009f 	muleq	r1, pc, r0	@ <UNPREDICTABLE>
static inline void eth_writel(uint32_t v, uintptr_t a){ *(volatile uint32_t*)a = v; }
 1bc:	ac019c04 	stcge	12, cr9, [r1], {4}
static inline uint32_t eth_readl(uintptr_t a){ return *(volatile uint32_t*)a; }
 1c0:	300b0401 	andcc	r0, fp, r1, lsl #8
 1c4:	01009fe0 	smlatteq	r0, r0, pc, r9	@ <UNPREDICTABLE>
 1c8:	019c0400 	orrseq	r0, ip, r0, lsl #8
static inline void eth_writel(uint32_t v, uintptr_t a){ *(volatile uint32_t*)a = v; }
 1cc:	310201ac 	smlatbcc	r2, ip, r1, r0
 1d0:	0002009f 	muleq	r2, pc, r0	@ <UNPREDICTABLE>
static inline uint32_t eth_readl(uintptr_t a){ return *(volatile uint32_t*)a; }
 1d4:	b001ac04 	andlt	sl, r1, r4, lsl #24
 1d8:	2c0b0401 	cfstrscs	mvf0, [fp], {1}
 1dc:	02009fe0 	andeq	r9, r0, #224, 30	@ 0x380
 1e0:	01ac0400 			@ <UNDEFINED> instruction: 0x01ac0400
 1e4:	320201b0 	andcc	r0, r2, #176, 2	@ 0x2c
 1e8:	0006009f 	muleq	r6, pc, r0	@ <UNPREDICTABLE>
 1ec:	b401b004 	strlt	fp, [r1], #-4
static inline void eth_writel(uint32_t v, uintptr_t a){ *(volatile uint32_t*)a = v; }
 1f0:	2c0b0401 	cfstrscs	mvf0, [fp], {1}
 1f4:	01009fe0 	smlatteq	r0, r0, pc, r9	@ <UNPREDICTABLE>
static inline uint32_t eth_readl(uintptr_t a){ return *(volatile uint32_t*)a; }
 1f8:	01bc0400 			@ <UNDEFINED> instruction: 0x01bc0400
 1fc:	0b0401c0 	bleq	100904 <FIQ_STACK_POINTER+0xfc904>
 200:	009fe038 	addseq	lr, pc, r8, lsr r0	@ <UNPREDICTABLE>
 204:	00000000 	andeq	r0, r0, r0
        if ((b & BMSR_AN_COMPLETE) && (b & BMSR_LINK_STATUS))
 208:	f001d004 			@ <UNDEFINED> instruction: 0xf001d004
 20c:	04510101 	ldrbeq	r0, [r1], #-257	@ 0xfffffeff
 210:	01f401f0 	ldrsheq	r0, [r4, #16]!
    for (unsigned t=0;t<timeout_ms;t++){
 214:	60b57103 	adcsvs	r7, r5, r3, lsl #2
 218:	04000000 	streq	r0, [r0], #-0
    uint32_t lo = (mac[3]) | (mac[2]<<8) | (mac[1]<<16) | (mac[0]<<24);
 21c:	029001d0 	addseq	r0, r0, #208, 2	@ 0x34
 220:	009f3002 	addseq	r3, pc, r2
 224:	00000003 	andeq	r0, r0, r3
 228:	f001d004 			@ <UNDEFINED> instruction: 0xf001d004
 22c:	04510101 	ldrbeq	r0, [r1], #-257	@ 0xfffffeff
 230:	01f401f0 	ldrsheq	r0, [r4, #16]!
    uint32_t hi = (mac[5]) | (mac[4]<<8);
 234:	60b57105 	adcsvs	r7, r5, r5, lsl #2
 238:	03009f06 	movweq	r9, #3846	@ 0xf06
 23c:	01d00400 	bicseq	r0, r0, r0, lsl #8
 240:	30020290 	mulcc	r2, r0, r2
 244:	0003009f 	muleq	r3, pc, r0	@ <UNPREDICTABLE>
 248:	9001d004 	andls	sp, r1, r4
 24c:	9f310202 	svcls	0x00310202
 250:	04000900 	streq	r0, [r0], #-2304	@ 0xfffff700
 254:	01d401d0 	ldrsbeq	r0, [r4, #16]
static inline void eth_writel(uint32_t v, uintptr_t a){ *(volatile uint32_t*)a = v; }
 258:	e02c0b04 	eor	r0, ip, r4, lsl #22
 25c:	0001009f 	muleq	r1, pc, r0	@ <UNPREDICTABLE>
 260:	e401dc04 	str	sp, [r1], #-3076	@ 0xfffff3fc
 264:	300b0401 	andcc	r0, fp, r1, lsl #8
 268:	01009fe0 	smlatteq	r0, r0, pc, r9	@ <UNPREDICTABLE>
 26c:	01dc0400 	bicseq	r0, ip, r0, lsl #8
 270:	310201e4 	smlattcc	r2, r4, r1, r0
 274:	0002009f 	muleq	r2, pc, r0	@ <UNPREDICTABLE>
 278:	ec01e404 	cfstrs	mvf14, [r1], {4}
 27c:	340b0401 	strcc	r0, [fp], #-1025	@ 0xfffffbff
 280:	02009fe0 	andeq	r9, r0, #224, 30	@ 0x380
    for (unsigned i=0;i<ETH_BD_COUNT;i++){ BD(i)->stat = 0; BD(i)->ptr = 0; }
 284:	01e40400 	mvneq	r0, r0, lsl #8
 288:	510101ec 	smlattpl	r1, ip, r1, r0
 28c:	04000200 	streq	r0, [r0], #-512	@ 0xfffffe00
 290:	01f401ec 	mvnseq	r0, ip, ror #3
 294:	e02c0b04 	eor	r0, ip, r4, lsl #22
 298:	0002009f 	muleq	r2, pc, r0	@ <UNPREDICTABLE>
 29c:	f401ec04 			@ <UNDEFINED> instruction: 0xf401ec04
 2a0:	9f340201 	svcls	0x00340201
 2a4:	04000600 	streq	r0, [r0], #-1536	@ 0xfffffa00
 2a8:	01f801f4 	ldrsheq	r0, [r8, #20]!
 2ac:	e02c0b04 	eor	r0, ip, r4, lsl #22
    BD(ETH_TX_BD_NUM-1)->stat = BD_WRAP;           // TX wrap
 2b0:	0000009f 	muleq	r0, pc, r0	@ <UNPREDICTABLE>
 2b4:	dc02d804 	stcle	8, cr13, [r2], {4}
 2b8:	00720702 	rsbseq	r0, r2, r2, lsl #14
    BD(ETH_BD_COUNT-1)->stat |= BD_WRAP;           // RX wrap
 2bc:	1affff0a 	bne	fffffeec <VIC_BASE_ADDRESS+0xffffff4c>
 2c0:	0001009f 	muleq	r1, pc, r0	@ <UNPREDICTABLE>
 2c4:	a0029c04 	andge	r9, r2, r4, lsl #24
 2c8:	300b0402 	andcc	r0, fp, r2, lsl #8
 2cc:	01009fe0 	smlatteq	r0, r0, pc, r9	@ <UNPREDICTABLE>
        BD(RX_START+i)->ptr  = (uint32_t)buf;
 2d0:	029c0400 	addseq	r0, ip, #0, 8
        BD(RX_START+i)->stat = (BD(RX_START+i)->stat & BD_WRAP) | BD_IRQ | BD_E_R; // EMPTY=1
 2d4:	0a0402a0 	beq	100d5c <FIQ_STACK_POINTER+0xfcd5c>
    for (unsigned i=0;i<RX_COUNT;i++){
 2d8:	009f0101 	addseq	r0, pc, r1, lsl #2
        BD(RX_START+i)->stat = (BD(RX_START+i)->stat & BD_WRAP) | BD_IRQ | BD_E_R; // EMPTY=1
 2dc:	90040003 	andls	r0, r4, r3
 2e0:	04029402 	streq	r9, [r2], #-1026	@ 0xfffffbfe
 2e4:	9fe02c0b 	svcls	0x00e02c0b
    for (unsigned i=0;i<RX_COUNT;i++){
 2e8:	04000200 	streq	r0, [r0], #-512	@ 0xfffffe00
 2ec:	02a402a0 	adceq	r0, r4, #160, 4
static inline uint32_t eth_readl(uintptr_t a){ return *(volatile uint32_t*)a; }
 2f0:	e02c0b04 	eor	r0, ip, r4, lsl #22
 2f4:	0002009f 	muleq	r2, pc, r0	@ <UNPREDICTABLE>
 2f8:	a402a004 	strge	sl, [r2], #-4
    while (eth_readl(ETH_MIICOMMAND) & (MIICOMMAND_RSTAT | MIICOMMAND_WCTRLDATA)) { /* spin */ }
 2fc:	9f320202 	svcls	0x00320202
 300:	04000600 	streq	r0, [r0], #-1536	@ 0xfffffa00
static inline void eth_writel(uint32_t v, uintptr_t a){ *(volatile uint32_t*)a = v; }
 304:	02a802a4 	adceq	r0, r8, #164, 4	@ 0x4000000a
 308:	e02c0b04 	eor	r0, ip, r4, lsl #22
static inline uint32_t eth_readl(uintptr_t a){ return *(volatile uint32_t*)a; }
 30c:	0001009f 	muleq	r1, pc, r0	@ <UNPREDICTABLE>
static inline void eth_writel(uint32_t v, uintptr_t a){ *(volatile uint32_t*)a = v; }
 310:	b402b004 	strlt	fp, [r2], #-4
 314:	380b0402 	stmdacc	fp, {r1, sl}
static inline uint32_t eth_readl(uintptr_t a){ return *(volatile uint32_t*)a; }
 318:	02009fe0 	andeq	r9, r0, #224, 30	@ 0x380
 31c:	02b40400 	adcseq	r0, r4, #0, 8
 320:	310202d8 	ldrdcc	r0, [r2, -r8]
 324:	0004009f 	muleq	r4, pc, r0	@ <UNPREDICTABLE>
static inline void eth_writel(uint32_t v, uintptr_t a){ *(volatile uint32_t*)a = v; }
 328:	d802b404 	stmdale	r2, {r2, sl, ip, sp, pc}
    if (phy_full_duplex()) m |= MODER_FULLD; else m &= ~MODER_FULLD;
 32c:	9f310202 	svcls	0x00310202
 330:	04000a00 	streq	r0, [r0], #-2560	@ 0xfffff600
 334:	02b802b4 	adcseq	r0, r8, #180, 4	@ 0x4000000b
    m |= MODER_RXEN | MODER_TXEN | MODER_PAD | MODER_CRCEN;
 338:	e02c0b04 	eor	r0, ip, r4, lsl #22
}
 33c:	0001009f 	muleq	r1, pc, r0	@ <UNPREDICTABLE>
 340:	c402c004 	strgt	ip, [r2], #-4
 344:	300b0402 	andcc	r0, fp, r2, lsl #8
 348:	01009fe0 	smlatteq	r0, r0, pc, r9	@ <UNPREDICTABLE>
 34c:	02c00400 	sbceq	r0, r0, #0, 8
 350:	0a0402c4 	beq	100e68 <FIQ_STACK_POINTER+0xfce68>
 354:	009f0101 	addseq	r0, pc, r1, lsl #2
 358:	c4040002 	strgt	r0, [r4], #-2
 35c:	0402c802 	streq	ip, [r2], #-2050	@ 0xfffff7fe
 360:	9fe02c0b 	svcls	0x00e02c0b
        uint32_t st = BD(i)->stat;
 364:	04000200 	streq	r0, [r0], #-512	@ 0xfffffe00
 368:	02c802c4 	sbceq	r0, r8, #196, 4	@ 0x4000000c
        if ((st & BD_E_R)==0){ // READY==0 → free
 36c:	009f3202 	addseq	r3, pc, r2, lsl #4
 370:	c8040006 	stmdagt	r4, {r1, r2}
        uint32_t st = BD(i)->stat;
 374:	0402cc02 	streq	ip, [r2], #-3074	@ 0xfffff3fe
        if ((st & BD_E_R)==0){ // READY==0 → free
 378:	9fe02c0b 	svcls	0x00e02c0b
        uint32_t st = BD(i)->stat;
 37c:	04000100 	streq	r0, [r0], #-256	@ 0xffffff00
        if ((st & BD_E_R)==0){ // READY==0 → free
 380:	02d802d4 	sbcseq	r0, r8, #212, 4	@ 0x4000000d
    return -1; // no free TX descriptor
 384:	e0380b04 	eors	r0, r8, r4, lsl #22
}
 388:	0002009f 	muleq	r2, pc, r0	@ <UNPREDICTABLE>
        uint32_t st = BD(i)->stat;
 38c:	ec040000 	stc	0, cr0, [r4], {-0}
            BD(i)->stat = (st & BD_WRAP) | BD_IRQ | BD_TX_PAD | BD_TX_CRC | BD_E_R | (len & BD_LEN_MASK);
 390:	01039802 	tsteq	r3, r2, lsl #16
 394:	03980450 	orrseq	r0, r8, #80, 8	@ 0x50000000
 398:	a30a03cc 	movwge	r0, #41932	@ 0xa3cc
 39c:	2600a503 	strcs	sl, [r0], -r3, lsl #10
 3a0:	00a82da8 	adceq	r2, r8, r8, lsr #27
            BD(i)->ptr  = (uint32_t)buf;  // physical address expected
 3a4:	0000009f 	muleq	r0, pc, r0	@ <UNPREDICTABLE>
            return 0;
 3a8:	b0040000 	andlt	r0, r4, r0
            BD(i)->stat = (st & BD_WRAP) | BD_IRQ | BD_TX_PAD | BD_TX_CRC | BD_E_R | (len & BD_LEN_MASK);
 3ac:	0103c403 	tsteq	r3, r3, lsl #8
            return 0;
 3b0:	03c40450 	biceq	r0, r4, #80, 8	@ 0x50000000
 3b4:	710303cc 	smlabtvc	r3, ip, r3, r0
int eth_rx_poll(void* out_buf, unsigned* out_len){
 3b8:	000060c1 	andeq	r6, r0, r1, asr #1
 3bc:	03c00400 	biceq	r0, r0, #0, 8
        uint32_t st = BD(i)->stat;
 3c0:	520103cc 	andpl	r0, r1, #204, 6	@ 0x30000003
        if ((st & BD_E_R)==0){ // EMPTY==0 → filled by MAC
 3c4:	04030100 	streq	r0, [r3], #-256	@ 0xffffff00
 3c8:	03c003c0 	biceq	r0, r0, #192, 6
    for (unsigned i=ETH_TX_BD_NUM;i<ETH_BD_COUNT;i++){
 3cc:	e0400b04 	sub	r0, r0, r4, lsl #22
 3d0:	0301009f 	movweq	r0, #4255	@ 0x109f
 3d4:	c003c004 	andgt	ip, r3, r4
    return 0;
 3d8:	00500103 	subseq	r0, r0, r3, lsl #2
}
 3dc:	c0040005 	andgt	r0, r4, r5
            unsigned len = st & BD_LEN_MASK;
 3e0:	0403cc03 	streq	ip, [r3], #-3075	@ 0xfffff3fd
            if (out_len) *out_len = len;
 3e4:	9fe0440b 	svcls	0x00e0440b
            unsigned len = st & BD_LEN_MASK;
 3e8:	04000500 	streq	r0, [r0], #-1280	@ 0xfffffb00
            dcache_inval_range((void*)BD(i)->ptr, len);
 3ec:	03cc03c0 	biceq	r0, ip, #192, 6
            if (out_len) *out_len = len;
 3f0:	04005201 	streq	r5, [r0], #-513	@ 0xfffffdff
            if (out_buf) memcpy(out_buf, (void*)BD(i)->ptr, len);
 3f4:	03cc0400 	biceq	r0, ip, #0, 8
 3f8:	0b0403d4 	bleq	101350 <FIQ_STACK_POINTER+0xfd350>
 3fc:	009fe00c 	addseq	lr, pc, ip
 400:	cc040004 	stcgt	0, cr0, [r4], {4}
            BD(i)->stat = (st & BD_WRAP) | BD_IRQ | BD_E_R;
 404:	0203d403 	andeq	sp, r3, #50331648	@ 0x3000000
 408:	02009f42 	andeq	r9, r0, #264	@ 0x108
            return 1;
 40c:	03d40400 	bicseq	r0, r4, #0, 8
            BD(i)->stat = (st & BD_WRAP) | BD_IRQ | BD_E_R;
 410:	0b0403dc 	bleq	101388 <FIQ_STACK_POINTER+0xfd388>
            return 1;
 414:	009fe010 	addseq	lr, pc, r0, lsl r0	@ <UNPREDICTABLE>
 418:	d4040002 	strle	r0, [r4], #-2
    const unsigned char mac[6] = {0x02,0x12,0x34,0x56,0x78,0x9A};
 41c:	0203dc03 	andeq	sp, r3, #768	@ 0x300
{
 420:	02009f3c 	andeq	r9, r0, #60, 30	@ 0xf0
    const unsigned char mac[6] = {0x02,0x12,0x34,0x56,0x78,0x9A};
 424:	03e80400 	mvneq	r0, #0, 8
{
 428:	0b0403ec 	bleq	1013e0 <FIQ_STACK_POINTER+0xfd3e0>
    const unsigned char mac[6] = {0x02,0x12,0x34,0x56,0x78,0x9A};
 42c:	009fe020 	addseq	lr, pc, r0, lsr #32
static void uart_puts(const char* s) { UARTWrite((char*)s); }
 430:	e8040002 	stmda	r4, {r1}
    const unsigned char mac[6] = {0x02,0x12,0x34,0x56,0x78,0x9A};
 434:	0203ec03 	andeq	lr, r3, #768	@ 0x300
static void uart_puts(const char* s) { UARTWrite((char*)s); }
 438:	02009f32 	andeq	r9, r0, #50, 30	@ 0xc8
    eth_init(mac);
 43c:	03e40400 	mvneq	r0, #0, 8
 440:	0b0403e8 	bleq	1013e8 <FIQ_STACK_POINTER+0xfd3e8>
static void uart_puts(const char* s) { UARTWrite((char*)s); }
 444:	009fe018 	addseq	lr, pc, r8, lsl r0	@ <UNPREDICTABLE>
 448:	e4040002 	str	r0, [r4], #-2
}
 44c:	0603e803 	streq	lr, [r3], -r3, lsl #16
 450:	4005ee0c 	andmi	lr, r5, ip, lsl #28
 454:	02009f00 	andeq	r9, r0, #0, 30
 458:	03dc0400 	bicseq	r0, ip, #0, 8
 45c:	0b0403e4 	bleq	1013f4 <FIQ_STACK_POINTER+0xfd3f4>
{
 460:	009fe014 	addseq	lr, pc, r4, lsl r0	@ <UNPREDICTABLE>
 464:	dc040002 	stcle	0, cr0, [r4], {2}
    if (eth_rx_poll(0, &len) == 1) {
 468:	0203e403 	andeq	lr, r3, #50331648	@ 0x3000000
 46c:	03009f42 	movweq	r9, #3906	@ 0xf42
 470:	00000707 	andeq	r0, r0, r7, lsl #14
 474:	04010000 	streq	r0, [r1], #-0
 478:	04a004a0 	strteq	r0, [r0], #1184	@ 0x4a0
}
 47c:	049f3002 	ldreq	r3, [pc], #2	@ 484 <eth_demo_poll+0x24>
 480:	04ac04a0 	strteq	r0, [ip], #1184	@ 0x4a0
static void uart_puts(const char* s) { UARTWrite((char*)s); }
 484:	80807107 	addhi	r7, r0, r7, lsl #2
 488:	9f7fb080 	svcls	0x007fb080
        uart_puthex(len);
 48c:	b804ac04 	stmdalt	r4, {r2, sl, fp, sp, pc}
    buf[0] = '0'; buf[1] = 'x';
 490:	04720804 	ldrbteq	r0, [r2], #-2052	@ 0xfffff7fc
 494:	24474406 	strbcs	r4, [r7], #-1030	@ 0xfffffbfa
 498:	b8049f1c 	stmdalt	r4, {r2, r3, r4, r8, r9, sl, fp, ip, pc}
 49c:	0704b804 	streq	fp, [r4, -r4, lsl #16]
    for (int i=0; i<8; i++) buf[2+i] = hex_nibble(x >> (28 - 4*i));
 4a0:	fff08071 			@ <UNDEFINED> instruction: 0xfff08071
    v &= 0xF;
 4a4:	009f7faf 	addseq	r7, pc, pc, lsr #31
    return (v < 10) ? ('0' + v) : ('A' + (v - 10));
 4a8:	ec040605 	stc	6, cr0, [r4], {5}
    for (int i=0; i<8; i++) buf[2+i] = hex_nibble(x >> (28 - 4*i));
 4ac:	0203ec03 	andeq	lr, r3, #768	@ 0x300
    return (v < 10) ? ('0' + v) : ('A' + (v - 10));
 4b0:	06009f30 			@ <UNDEFINED> instruction: 0x06009f30
 4b4:	04a00407 	strteq	r0, [r0], #1031	@ 0x407
    for (int i=0; i<8; i++) buf[2+i] = hex_nibble(x >> (28 - 4*i));
 4b8:	300204a0 	andcc	r0, r2, r0, lsr #9
 4bc:	0008009f 	muleq	r8, pc, r0	@ <UNPREDICTABLE>
 4c0:	00000000 	andeq	r0, r0, r0
    buf[10] = 0;
 4c4:	ac04a004 	stcge	0, cr10, [r4], {4}
static void uart_puts(const char* s) { UARTWrite((char*)s); }
 4c8:	04510104 	ldrbeq	r0, [r1], #-260	@ 0xfffffefc
    buf[10] = 0;
 4cc:	04b804ac 	ldrteq	r0, [r8], #1196	@ 0x4ac
static void uart_puts(const char* s) { UARTWrite((char*)s); }
 4d0:	04047202 	streq	r7, [r4], #-514	@ 0xfffffdfe
 4d4:	04c004b8 	strbeq	r0, [r0], #1208	@ 0x4b8
 4d8:	70807104 	addvc	r7, r0, r4, lsl #2
}
 4dc:	0002009f 	muleq	r2, pc, r0	@ <UNPREDICTABLE>
 4e0:	c804c004 	stmdagt	r4, {r2, lr, pc}
 4e4:	000b0404 	andeq	r0, fp, r4, lsl #8
 4e8:	00009fe0 	andeq	r9, r0, r0, ror #31
 4ec:	04f80400 	ldrbteq	r0, [r8], #1024	@ 0x400
static inline uint32_t eth_readl(uintptr_t a){ return *(volatile uint32_t*)a; }
 4f0:	73070584 	movwvc	r0, #30084	@ 0x7584
{
 4f4:	ffff0a00 			@ <UNDEFINED> instruction: 0xffff0a00
 4f8:	04009f1a 	streq	r9, [r0], #-3866	@ 0xfffff0e6
 4fc:	04c80400 	strbeq	r0, [r8], #1024	@ 0x400
    if (!src) return;
 500:	400204f8 	strdmi	r0, [r2], -r8
 504:	0006009f 	muleq	r6, pc, r0	@ <UNPREDICTABLE>
    if (src & INT_RXF) {
 508:	f804c804 			@ <UNDEFINED> instruction: 0xf804c804
static inline void eth_writel(uint32_t v, uintptr_t a){ *(volatile uint32_t*)a = v; }
 50c:	9f400204 	svcls	0x00400204
 510:	04000600 	streq	r0, [r0], #-1536	@ 0xfffffa00
static void uart_puts(const char* s){ UARTWrite((char*)s); }
 514:	04f804c8 	ldrbteq	r0, [r8], #1224	@ 0x4c8
 518:	009f3102 	addseq	r3, pc, r2, lsl #2
 51c:	c804000c 	stmdagt	r4, {r2, r3}
 520:	0404cc04 	streq	ip, [r4], #-3076	@ 0xfffff3fc
            if (eth_rx_poll(0, &len) == 1){
 524:	9fe02c0b 	svcls	0x00e02c0b
 528:	04000100 	streq	r0, [r0], #-256	@ 0xffffff00
 52c:	04e404d4 	strbteq	r0, [r4], #1236	@ 0x4d4
 530:	e0300b04 	eors	r0, r0, r4, lsl #22
 534:	0001009f 	muleq	r1, pc, r0	@ <UNPREDICTABLE>
static void uart_puts(const char* s){ UARTWrite((char*)s); }
 538:	e404d404 	str	sp, [r4], #-1028	@ 0xfffffbfc
 53c:	010a0404 	tsteq	sl, r4, lsl #8
  char buf[11]; buf[0]='0'; buf[1]='x';
 540:	02009f10 	andeq	r9, r0, #16, 30	@ 0x40
                uart_puthex(len);
 544:	04e40400 	strbteq	r0, [r4], #1024	@ 0x400
  char buf[11]; buf[0]='0'; buf[1]='x';
 548:	0b0404e8 	bleq	1018f0 <FIQ_STACK_POINTER+0xfd8f0>
 54c:	009fe02c 	addseq	lr, pc, ip, lsr #32
 550:	e4040002 	str	r0, [r4], #-2
  for (int i=0;i<8;i++) buf[2+i]=h[(x>>(28-4*i))&0xF];
 554:	0204e804 	andeq	lr, r4, #4, 16	@ 0x40000
 558:	06009f32 			@ <UNDEFINED> instruction: 0x06009f32
 55c:	04e80400 	strbteq	r0, [r8], #1024	@ 0x400
 560:	0b0404ec 	bleq	101918 <FIQ_STACK_POINTER+0xfd918>
 564:	009fe02c 	addseq	lr, pc, ip, lsr #32
 568:	f4040001 	vst4.8	{d0-d3}, [r4], r1
 56c:	0404f804 	streq	pc, [r4], #-2052	@ 0xfffff7fc
  buf[10]=0; UARTWrite(buf);
 570:	9fe0380b 	svcls	0x00e0380b
 574:	04000100 	streq	r0, [r0], #-256	@ 0xffffff00
 578:	0594058c 	ldreq	r0, [r4, #1420]	@ 0x58c
 57c:	e0000b04 	and	r0, r0, r4, lsl #22
static void uart_puts(const char* s){ UARTWrite((char*)s); }
 580:	0001009f 	muleq	r1, pc, r0	@ <UNPREDICTABLE>
 584:	94058c04 	strls	r8, [r5], #-3076	@ 0xfffff3fc
        for (int i=0;i<4;i++){
 588:	00530105 	subseq	r0, r3, r5, lsl #2
 58c:	00000000 	andeq	r0, r0, r0
    if (src & INT_TXB) uart_puts("eth: TX complete\n");
 590:	01140004 	tsteq	r4, r4
 594:	38140450 	ldmdacc	r4, {r4, r6, sl}
    if (src & INT_TXE) uart_puts("eth: TX error\n");
 598:	a503a30a 	strge	sl, [r3, #-778]	@ 0xfffffcf6
 59c:	34a82600 	strtcc	r2, [r8], #1536	@ 0x600
}
 5a0:	009f00a8 	addseq	r0, pc, r8, lsr #1
 5a4:	00000000 	andeq	r0, r0, r0
static void uart_puts(const char* s){ UARTWrite((char*)s); }
 5a8:	011c0004 	tsteq	ip, r4
}
 5ac:	381c0451 	ldmdacc	ip, {r0, r4, r6, sl}
 5b0:	a503a30a 	strge	sl, [r3, #-778]	@ 0xfffffcf6
static void uart_puts(const char* s){ UARTWrite((char*)s); }
 5b4:	34a82601 	strtcc	r2, [r8], #1537	@ 0x601
 5b8:	009f00a8 	addseq	r0, pc, r8, lsr #1
 5bc:	04040002 	streq	r0, [r4], #-2
    if (src & INT_TXE) uart_puts("eth: TX error\n");
 5c0:	2c0b0408 	cfstrscs	mvf0, [fp], {8}
 5c4:	00009fe0 	andeq	r9, r0, r0, ror #31
 5c8:	20140400 	andscs	r0, r4, r0, lsl #8
 5cc:	e0300b04 	eors	r0, r0, r4, lsl #22
 5d0:	0000009f 	muleq	r0, pc, r0	@ <UNPREDICTABLE>
 5d4:	01201404 			@ <UNDEFINED> instruction: 0x01201404
 5d8:	00060050 	andeq	r0, r6, r0, asr r0
 5dc:	042c2804 	strteq	r2, [ip], #-2052	@ 0xfffff7fc
 5e0:	9fe02c0b 	svcls	0x00e02c0b
{
 5e4:	04000200 	streq	r0, [r0], #-512	@ 0xfffffe00
        char x = *UART0_LSR;
 5e8:	0b042824 	bleq	10a680 <FIQ_STACK_POINTER+0x106680>
        if ( x & (1 << 6) )
 5ec:	009fe02c 	addseq	lr, pc, ip, lsr #32
 5f0:	24040002 	strcs	r0, [r4], #-2
 5f4:	9f340228 	svcls	0x00340228
       eth_irq_handler();
 5f8:	04000200 	streq	r0, [r0], #-512	@ 0xfffffe00
       *VIC_INT_CLEAR = 0xffffffff;
 5fc:	0b042420 	bleq	109684 <FIQ_STACK_POINTER+0x105684>
}
 600:	009fe034 	addseq	lr, pc, r4, lsr r0	@ <UNPREDICTABLE>
        if ( x & (1 << 6) )
 604:	20040002 	andcs	r0, r4, r2
        *UART0_LCR        = (*UART0_LCR) | (1 << 7);
 608:	00520124 	subseq	r0, r2, r4, lsr #2
 60c:	00000000 	andeq	r0, r0, r0
        *UART0_FCR = *UART0_FCR | 1;
 610:	014c3804 	cmpeq	ip, r4, lsl #16
        *UART0_DLAB1      = 0x46;
 614:	784c0450 	stmdavc	ip, {r4, r6, sl}^
        *UART0_DLAB2      = 1;
 618:	a503a30a 	strge	sl, [r3, #-778]	@ 0xfffffcf6
        *UART0_LCR        = (*UART0_LCR) & ~(1 << 7);
 61c:	34a82600 	strtcc	r2, [r8], #1536	@ 0x600
        *UART0_FCR = *UART0_FCR | 1;
 620:	009f00a8 	addseq	r0, pc, r8, lsr #1
        *UART0_DLAB1      = 0x46;
 624:	00000000 	andeq	r0, r0, r0
        *UART0_DLAB2      = 1;
 628:	01543804 	cmpeq	r4, r4, lsl #16
        *UART0_LCR        = (*UART0_LCR) & ~(1 << 7);
 62c:	78540451 	ldmdavc	r4, {r0, r4, r6, sl}^
        *UART0_FCR = *UART0_FCR | 1;
 630:	a503a30a 	strge	sl, [r3, #-778]	@ 0xfffffcf6
}
 634:	34a82601 	strtcc	r2, [r8], #1537	@ 0x601
        while(s[i] != '\0')
 638:	009f00a8 	addseq	r0, pc, r8, lsr #1
 63c:	3c040002 	stccc	0, cr0, [r4], {2}
 640:	2c0b0440 	cfstrscs	mvf0, [fp], {64}	@ 0x40
 644:	00009fe0 	andeq	r9, r0, r0, ror #31
 648:	584c0400 	stmdapl	ip, {sl}^
 64c:	e0300b04 	eors	r0, r0, r4, lsl #22
 650:	0000009f 	muleq	r0, pc, r0	@ <UNPREDICTABLE>
 654:	01584c04 	cmpeq	r8, r4, lsl #24
 658:	00020050 	andeq	r0, r2, r0, asr r0
 65c:	045c5804 	ldrbeq	r5, [ip], #-2052	@ 0xfffff7fc
 660:	9fe02c0b 	svcls	0x00e02c0b
        *UART0_THR = c;
 664:	04000200 	streq	r0, [r0], #-512	@ 0xfffffe00
                UARTWriteByte(s[i]);
 668:	32025c58 	andcc	r5, r2, #88, 24	@ 0x5800
        *UART0_THR = c;
 66c:	0006009f 	muleq	r6, pc, r0	@ <UNPREDICTABLE>
        for(i=0;i<len;i++)        {
 670:	04605c04 	strbteq	r5, [r0], #-3076	@ 0xfffff3fc
 674:	9fe02c0b 	svcls	0x00e02c0b
 678:	04000100 	streq	r0, [r0], #-256	@ 0xffffff00
        *UART0_THR = c;
 67c:	0b046c68 	bleq	11b824 <FIQ_STACK_POINTER+0x117824>
 680:	009fe038 	addseq	lr, pc, r8, lsr r0	@ <UNPREDICTABLE>
}
 684:	000000af 	andeq	r0, r0, pc, lsr #1
        while(s[i] != '\0')
 688:	00040005 	andeq	r0, r4, r5
 68c:	00000000 	andeq	r0, r0, r0
 690:	68040001 	stmdavs	r4, {r0}
 694:	54030670 	strpl	r0, [r3], #-1648	@ 0xfffff990
 698:	9f000008 	svcls	0x00000008
 69c:	04000000 	streq	r0, [r0], #-0
 6a0:	0101b774 	tsteq	r1, r4, ror r7
 6a4:	0302005c 	movweq	r0, #8284	@ 0x205c
                i++;
 6a8:	01000003 	tsteq	r0, r3
 6ac:	84040001 	strhi	r0, [r4], #-1
 6b0:	02018401 	andeq	r8, r1, #16777216	@ 0x1000000
        i = 0;
 6b4:	84049f30 	strhi	r9, [r4], #-3888	@ 0xfffff0d0
}
 6b8:	0801a401 	stmdaeq	r1, {r0, sl, sp, pc}
        *UART0_IER = *UART0_IER | 1;
 6bc:	7c910070 	ldcvc	0, cr0, [r1], {112}	@ 0x70
 6c0:	9f17231c 	svcls	0x0017231c
 6c4:	a401a404 	strge	sl, [r1], #-1028	@ 0xfffffbfc
 6c8:	00700801 	rsbseq	r0, r0, r1, lsl #16
}
 6cc:	231c7c91 	tstcs	ip, #37120	@ 0x9100
        *UART0_FCR = *UART0_FCR | 4;
 6d0:	a4049f16 	strge	r9, [r4], #-3862	@ 0xfffff0ea
 6d4:	0801b001 	stmdaeq	r1, {r0, ip, sp, pc}
 6d8:	7c910070 	ldcvc	0, cr0, [r1], {112}	@ 0x70
 6dc:	9f17231c 	svcls	0x0017231c
}
 6e0:	00000400 	andeq	r0, r0, r0, lsl #8
        *UART0_FCR = *UART0_FCR | 1;
 6e4:	01840400 	orreq	r0, r4, r0, lsl #8
 6e8:	7c060188 	stfvcs	f0, [r6], {136}	@ 0x88
 6ec:	25007200 	strcs	r7, [r0, #-512]	@ 0xfffffe00
 6f0:	0188049f 			@ <UNDEFINED> instruction: 0x0188049f
}
 6f4:	5301019c 	movwpl	r0, #4508	@ 0x119c
        char x = *UART0_LSR;
 6f8:	00000100 	andeq	r0, r0, r0, lsl #2
        if ( x & (1 << 6) )
 6fc:	01b40400 			@ <UNDEFINED> instruction: 0x01b40400
 700:	500101b7 			@ <UNDEFINED> instruction: 0x500101b7
}
 704:	b801b704 	stmdalt	r1, {r2, r8, r9, sl, ip, sp, pc}
 708:	64910301 	ldrvs	r0, [r1], #769	@ 0x301
        return *UART0_RBR;
 70c:	0002009f 	muleq	r2, pc, r0	@ <UNPREDICTABLE>
}
 710:	c001b804 	andgt	fp, r1, r4, lsl #16
 714:	68030601 	stmdavs	r3, {r0, r9, sl}
 718:	9f000008 	svcls	0x00000008
 71c:	04000100 	streq	r0, [r0], #-256	@ 0xffffff00
 720:	0306201c 	movweq	r2, #24604	@ 0x601c
 724:	0000082c 	andeq	r0, r0, ip, lsr #16
 728:	0001009f 	muleq	r1, pc, r0	@ <UNPREDICTABLE>
 72c:	06302804 	ldrteq	r2, [r0], -r4, lsl #16
 730:	00083c03 	andeq	r3, r8, r3, lsl #24
 734:	b9009f00 	stmdblt	r0, {r8, r9, sl, fp, ip, pc}
 738:	05000000 	streq	r0, [r0, #-0]
 73c:	00000400 	andeq	r0, r0, r0, lsl #8
 740:	00000000 	andeq	r0, r0, r0
 744:	04000000 	streq	r0, [r0], #-0
 748:	0101c40c 	tsteq	r1, ip, lsl #8
 74c:	01c80454 	biceq	r0, r8, r4, asr r4
 750:	540101f4 	strpl	r0, [r1], #-500	@ 0xfffffe0c
 754:	04000100 	streq	r0, [r0], #-256	@ 0xffffff00
 758:	03065048 	movweq	r5, #24648	@ 0x6048
 75c:	0000086c 	andeq	r0, r0, ip, ror #16
 760:	0002009f 	muleq	r2, pc, r0	@ <UNPREDICTABLE>
 764:	98019004 	stmdals	r1, {r2, ip, pc}
 768:	68030601 	stmdavs	r3, {r0, r9, sl}
 76c:	9f000008 	svcls	0x00000008
 770:	00000000 	andeq	r0, r0, r0
 774:	88580400 	ldmdahi	r8, {sl}^
 778:	04500101 	ldrbeq	r0, [r0], #-257	@ 0xfffffeff
 77c:	018f0188 	orreq	r0, pc, r8, lsl #3
 780:	00509102 	subseq	r9, r0, r2, lsl #2
 784:	00000007 	andeq	r0, r0, r7
 788:	00010100 	andeq	r0, r1, r0, lsl #2
 78c:	02645804 	rsbeq	r5, r4, #4, 16	@ 0x40000
 790:	64049f30 	strvs	r9, [r4], #-3888	@ 0xfffff0d0
 794:	0071087c 	rsbseq	r0, r1, ip, ror r8
 798:	231c7c91 	tstcs	ip, #37120	@ 0x9100
 79c:	7c049f27 	stcvc	15, cr9, [r4], {39}	@ 0x27
 7a0:	0071087c 	rsbseq	r0, r1, ip, ror r8
 7a4:	231c7c91 	tstcs	ip, #37120	@ 0x9100
 7a8:	7c049f26 	stcvc	15, cr9, [r4], {38}	@ 0x26
 7ac:	7108018f 	smlabbvc	r8, pc, r1, r0	@ <UNPREDICTABLE>
 7b0:	1c7c9100 	ldfnep	f1, [ip], #-0
 7b4:	009f2723 	addseq	r2, pc, r3, lsr #14
 7b8:	00040002 	andeq	r0, r4, r2
 7bc:	040b040c 	streq	r0, [fp], #-1036	@ 0xfffffbf4
 7c0:	01009fe0 	smlatteq	r0, r0, pc, r9	@ <UNPREDICTABLE>
 7c4:	20180400 	andscs	r0, r8, r0, lsl #8
 7c8:	e0040b04 	and	r0, r4, r4, lsl #22
 7cc:	0001009f 	muleq	r1, pc, r0	@ <UNPREDICTABLE>
 7d0:	01201804 			@ <UNDEFINED> instruction: 0x01201804
 7d4:	00010054 	andeq	r0, r1, r4, asr r0
 7d8:	c801b804 	stmdagt	r1, {r2, fp, ip, sp, pc}
 7dc:	90030601 	andls	r0, r3, r1, lsl #12
 7e0:	9f000008 	svcls	0x00000008
 7e4:	04000200 	streq	r0, [r0], #-512	@ 0xfffffe00
 7e8:	01d001c8 	bicseq	r0, r0, r8, asr #3
 7ec:	087c0306 	ldmdaeq	ip!, {r1, r2, r8, r9}^
 7f0:	009f0000 	addseq	r0, pc, r0
 7f4:	00000152 	andeq	r0, r0, r2, asr r1
 7f8:	00040005 	andeq	r0, r4, r5
	...
 804:	38060000 	stmdacc	r6, {}	@ <UNPREDICTABLE>
 808:	04000006 	streq	r0, [r0], #-6
 80c:	50012800 	andpl	r2, r1, r0, lsl #16
 810:	03302804 	teqeq	r0, #4, 16	@ 0x40000
 814:	049f0170 	ldreq	r0, [pc], #368	@ 81c <memcpy+0x104>
 818:	a30a4430 	movwge	r4, #42032	@ 0xa430
 81c:	2600a503 	strcs	sl, [r0], -r3, lsl #10
 820:	00a82da8 	adceq	r2, r8, r8, lsr #27
 824:	0000009f 	muleq	r0, pc, r0	@ <UNPREDICTABLE>
 828:	00020200 	andeq	r0, r2, r0, lsl #4
 82c:	00066806 	andeq	r6, r6, r6, lsl #16
 830:	04000400 	streq	r0, [r0], #-1024	@ 0xfffffc00
 834:	a300700f 	movwge	r7, #15
 838:	2600a503 	strcs	sl, [r0], -r3, lsl #10
 83c:	00a82da8 	adceq	r2, r8, r8, lsr #27
 840:	9f01231c 	svcls	0x0001231c
 844:	0d080404 	cfstrseq	mvf0, [r8, #-16]
 848:	03a30070 			@ <UNDEFINED> instruction: 0x03a30070
 84c:	a82600a5 	stmdage	r6!, {r0, r2, r5, r7}
 850:	1c00a82d 	stcne	8, cr10, [r0], {45}	@ 0x2d
 854:	1408049f 	strne	r0, [r8], #-1183	@ 0xfffffb61
 858:	a300700f 	movwge	r7, #15
 85c:	2600a503 	strcs	sl, [r0], -r3, lsl #10
 860:	00a82da8 	adceq	r2, r8, r8, lsr #27
 864:	9f01231c 	svcls	0x0001231c
 868:	00000400 	andeq	r0, r0, r0, lsl #8
 86c:	06380600 	ldrteq	r0, [r8], -r0, lsl #12
 870:	00040000 	andeq	r0, r4, r0
 874:	04500128 	ldrbeq	r0, [r0], #-296	@ 0xfffffed8
 878:	70033028 	andvc	r3, r3, r8, lsr #32
 87c:	07009f01 	streq	r9, [r0, -r1, lsl #30]
 880:	01010000 	mrseq	r0, (UNDEF: 1)
 884:	00000000 	andeq	r0, r0, r0
 888:	06380600 	ldrteq	r0, [r8], -r0, lsl #12
 88c:	00040000 	andeq	r0, r4, r0
 890:	9f300210 	svcls	0x00300210
 894:	07101004 	ldreq	r1, [r0, -r4]
 898:	73200070 			@ <UNDEFINED> instruction: 0x73200070
 89c:	049f2200 	ldreq	r2, [pc], #512	@ 8a4 <h.0+0x4>
 8a0:	73062010 	movwvc	r2, #24592	@ 0x6010
 8a4:	1c007000 	stcne	0, cr7, [r0], {-0}
 8a8:	2820049f 	stmdacs	r0!, {r0, r1, r2, r3, r4, r7, sl}
 8ac:	70007206 	andvc	r7, r0, r6, lsl #4
 8b0:	049f1c00 	ldreq	r1, [pc], #3072	@ 8b8 <main+0x4>
{
 8b4:	70073028 	andvc	r3, r7, r8, lsr #32
        UARTInit();
 8b8:	00722000 	rsbseq	r2, r2, r0
        *UART0_IER = *UART0_IER | 1;
 8bc:	00009f22 	andeq	r9, r0, r2, lsr #30
 8c0:	066c0800 	strbteq	r0, [ip], -r0, lsl #16
 8c4:	01040000 	mrseq	r0, (UNDEF: 4)
 8c8:	00050052 	andeq	r0, r5, r2, asr r0
        eth_demo_init();
 8cc:	00080403 	andeq	r0, r8, r3, lsl #8
}
 8d0:	0005e406 	andeq	lr, r5, r6, lsl #8
 8d4:	14000400 	strne	r0, [r0], #-1024	@ 0xfffffc00
 8d8:	04e50902 	strbteq	r0, [r5], #2306	@ 0x902
 8dc:	09022020 	stmdbeq	r2, {r5, sp}
 8e0:	242004e5 	strtcs	r0, [r0], #-1253	@ 0xfffffb1b
 8e4:	00e50902 	rsceq	r0, r5, r2, lsl #18
	...
 8f0:	00068806 	andeq	r8, r6, r6, lsl #16
 8f4:	24000400 	strcs	r0, [r0], #-1024	@ 0xfffffc00
 8f8:	24045001 	strcs	r5, [r4], #-1
 8fc:	03a30a2c 			@ <UNDEFINED> instruction: 0x03a30a2c
 900:	a82600a5 	stmdage	r6!, {r0, r2, r5, r7}
 904:	9f00a82d 	svcls	0x0000a82d
 908:	01302c04 	teqeq	r0, r4, lsl #24
 90c:	34300450 	ldrtcc	r0, [r0], #-1104	@ 0xfffffbb0
 910:	a503a30a 	strge	sl, [r3, #-778]	@ 0xfffffcf6
 914:	2da82600 	stccs	6, cr2, [r8]
 918:	009f00a8 	addseq	r0, pc, r8, lsr #1
 91c:	01000003 	tsteq	r0, r3
 920:	88060000 	stmdahi	r6, {}	@ <UNPREDICTABLE>
 924:	04000006 	streq	r0, [r0], #-6
 928:	30021000 	andcc	r1, r2, r0
 92c:	1010049f 	mulsne	r0, pc, r4	@ <UNPREDICTABLE>
 930:	70007306 	andvc	r7, r0, r6, lsl #6
 934:	049f1c00 	ldreq	r1, [pc], #3072	@ 93c <main+0x88>
 938:	3002342c 	andcc	r3, r2, ip, lsr #8
 93c:	0002009f 	muleq	r2, pc, r0	@ <UNPREDICTABLE>
 940:	0006f808 	andeq	pc, r6, r8, lsl #16
 944:	09021400 	stmdbeq	r2, {sl, ip}
 948:	Address 0x948 is out of bounds.


Disassembly of section .debug_rnglists:

00000000 <.debug_rnglists>:
   0:	0000022b 	andeq	r0, r0, fp, lsr #4
   4:	00040005 	andeq	r0, r4, r5
   8:	00000000 	andeq	r0, r0, r0
   c:	04040004 	streq	r0, [r4], #-4
  10:	04000804 	streq	r0, [r0], #-2052	@ 0xfffff7fc
  14:	1c041414 	cfstrsne	mvf1, [r4], {20}
  18:	14040020 	strne	r0, [r4], #-32	@ 0xffffffe0
  1c:	38280418 	stmdacc	r8!, {r3, r4, sl}
  20:	18140400 	ldmdane	r4, {sl}
_Reset   : b there
  24:	002c2804 	eoreq	r2, ip, r4, lsl #16
_Undef   : b _Undef
  28:	041c1804 	ldreq	r1, [ip], #-2052	@ 0xfffff7fc
_Swi     : b _Swi
  2c:	04002824 	streq	r2, [r0], #-2084	@ 0xfffff7dc
_Pabt    : b _Pabt
  30:	3c043c38 	stccc	12, cr3, [r4], {56}	@ 0x38
_Dabt    : b _Dabt
  34:	4c040040 	stcmi	0, cr0, [r4], {64}	@ 0x40
reserved : b reserved
  38:	5854044c 	ldmdapl	r4, {r2, r3, r6, sl}^
irq      : b sc_call
  3c:	504c0400 	subpl	r0, ip, r0, lsl #8
fiq      : b sc_call
  40:	005c5804 	subseq	r5, ip, r4, lsl #16
sub r14, r14, #4
  44:	04545004 	ldrbeq	r5, [r4], #-4
stmfd sp!, {r0-r12, r14}
  48:	0400685c 	streq	r6, [r0], #-2140	@ 0xfffff7a4
bl irq_handler
  4c:	5c045450 	cfstrspl	mvf5, [r4], {80}	@ 0x50
ldmfd sp!, {r0-r12, pc}^
  50:	78040060 	stmdavc	r4, {r5, r6}
mrs r2, cpsr
  54:	88040180 	stmdahi	r4, {r7, r8}
bic r2, r2, #31
  58:	00018c01 	andeq	r8, r1, r1, lsl #24
orr r2, r2, #18
  5c:	84018004 	strhi	r8, [r1], #-4
msr cpsr_c, r2
  60:	018c0401 	orreq	r0, ip, r1, lsl #8
ldr sp, =IRQ_STACK_POINTER
  64:	04000190 	streq	r0, [r0], #-400	@ 0xfffffe70
mrs r2, cpsr
  68:	01a0019c 	lsleq	r0, ip	@ <illegal shifter operand>
bic r2, r2, #31
  6c:	ac01a804 	stcge	8, cr10, [r1], {4}
orr r2, r2, #17
  70:	a0040001 	andge	r0, r4, r1
msr cpsr_c, r2
  74:	0401a401 	streq	sl, [r1], #-1025	@ 0xfffffbff
ldr sp, =FIQ_STACK_POINTER
  78:	01b001ac 	lsrseq	r0, ip, #3
mrs r2, cpsr
  7c:	01a40400 			@ <UNDEFINED> instruction: 0x01a40400
bic r1, r1, #31
  80:	b00401a8 	andlt	r0, r4, r8, lsr #3
orr r1, r1, #16
  84:	0001bc01 	andeq	fp, r1, r1, lsl #24
bic r1, r1, #0xC0
  88:	a801a404 	stmdage	r1, {r2, sl, sp, pc}
msr cpsr_c, r1
  8c:	01b00401 	lslseq	r0, r1, #8
ldr r0, =VIC_BASE_ADDRESS // VIC base address.
  90:	040001b4 	streq	r0, [r0], #-436	@ 0xfffffe4c
add r0, r0, #4            // Move to INT_MASK
  94:	01d001c4 	bicseq	r0, r0, r4, asr #3
mov r1, #0                // Prepare mask value
  98:	8401d004 	strhi	sp, [r1], #-4
str r1, [r0]              // Unmask all interrupt sources.
  9c:	c4040002 	strgt	r0, [r4], #-2
ldr r1, [r0]              // No change to R1 value.
  a0:	0401d001 	streq	sp, [r1], #-1
ldr sp, =USER_STACK_POINTER
  a4:	01dc01d0 	ldrsbeq	r0, [ip, #16]
bl main
  a8:	01c40400 	biceq	r0, r4, r0, lsl #8
here: b here
  ac:	d00401d0 	ldrdle	r0, [r4], -r0	@ <UNPREDICTABLE>
static inline uint32_t eth_readl(uintptr_t a){ return *(volatile uint32_t*)a; }
  b0:	0001d401 	andeq	sp, r1, r1, lsl #8
  b4:	e401e404 	str	lr, [r1], #-1028	@ 0xfffffbfc
    while (eth_readl(ETH_MIICOMMAND) & (MIICOMMAND_RSTAT | MIICOMMAND_WCTRLDATA)) { /* spin */ }
  b8:	01e80401 	mvneq	r0, r1, lsl #8
  bc:	040001ec 	streq	r0, [r0], #-492	@ 0xfffffe14
    eth_writel(((uint32_t)phy << MIIADDR_PHY_SHIFT) | ((uint32_t)reg << MIIADDR_REG_SHIFT), ETH_MIIADDRESS);
  c0:	01e801e4 	mvneq	r0, r4, ror #3
  c4:	ec01ec04 	stc	12, cr14, [r1], {4}
static inline void eth_writel(uint32_t v, uintptr_t a){ *(volatile uint32_t*)a = v; }
  c8:	01f00401 	mvnseq	r0, r1, lsl #8
  cc:	040001f4 	streq	r0, [r0], #-500	@ 0xfffffe0c
  d0:	01f001ec 	mvnseq	r0, ip, ror #3
  d4:	8401f404 	strhi	pc, [r1], #-1028	@ 0xfffffbfc
static inline uint32_t eth_readl(uintptr_t a){ return *(volatile uint32_t*)a; }
  d8:	ec040002 	stc	0, cr0, [r4], {2}
    while (eth_readl(ETH_MIICOMMAND) & (MIICOMMAND_RSTAT | MIICOMMAND_WCTRLDATA)) { /* spin */ }
  dc:	0401f001 	streq	pc, [r1], #-1
  e0:	01f801f4 	ldrsheq	r0, [r8, #20]!
  e4:	02840400 	addeq	r0, r4, #0, 8
  e8:	9c040288 	sfmls	f0, 4, [r4], {136}	@ 0x88
  ec:	0002a002 	andeq	sl, r2, r2
  f0:	8c028804 	stchi	8, cr8, [r2], {4}
  f4:	02900402 	addseq	r0, r0, #33554432	@ 0x2000000
    eth_writel(((uint32_t)phy << MIIADDR_PHY_SHIFT) | ((uint32_t)reg << MIIADDR_REG_SHIFT), ETH_MIIADDRESS);
  f8:	0400029c 	streq	r0, [r0], #-668	@ 0xfffffd64
static inline void eth_writel(uint32_t v, uintptr_t a){ *(volatile uint32_t*)a = v; }
  fc:	028c0288 	addeq	r0, ip, #136, 4	@ 0x80000008
static inline uint32_t eth_readl(uintptr_t a){ return *(volatile uint32_t*)a; }
 100:	94029004 	strls	r9, [r2], #-4
static inline void eth_writel(uint32_t v, uintptr_t a){ *(volatile uint32_t*)a = v; }
 104:	8c040002 	stchi	0, cr0, [r4], {2}
 108:	04029002 	streq	r9, [r2], #-2
static inline uint32_t eth_readl(uintptr_t a){ return *(volatile uint32_t*)a; }
 10c:	02a402a0 	adceq	r0, r4, #160, 4
    while (eth_readl(ETH_MIICOMMAND) & (MIICOMMAND_RSTAT | MIICOMMAND_WCTRLDATA)) { /* spin */ }
 110:	02ec0400 	rsceq	r0, ip, #0, 8
 114:	bc0403b8 	stclt	3, cr0, [r4], {184}	@ 0xb8
 118:	0403c003 	streq	ip, [r3], #-3
}
 11c:	03cc03c8 	biceq	r0, ip, #200, 6	@ 0x20000003
 120:	03a80400 			@ <UNDEFINED> instruction: 0x03a80400
 124:	b40403b0 	strlt	r0, [r4], #-944	@ 0xfffffc50
static inline void eth_writel(uint32_t v, uintptr_t a){ *(volatile uint32_t*)a = v; }
 128:	0403b803 	streq	fp, [r3], #-2051	@ 0xfffff7fd
 12c:	03c003c0 	biceq	r0, r0, #192, 6
 130:	03c00400 	biceq	r0, r0, #0, 8
int eth_init(const uint8_t mac[6]){
 134:	c80403c0 	stmdagt	r4, {r6, r7, r8, r9}
 138:	0003cc03 	andeq	ip, r3, r3, lsl #24
 13c:	bc03b804 	stclt	8, cr11, [r3], {4}
static inline uint32_t eth_readl(uintptr_t a){ return *(volatile uint32_t*)a; }
 140:	03c00403 	biceq	r0, r0, #50331648	@ 0x3000000
    while (eth_readl(ETH_MIICOMMAND) & (MIICOMMAND_RSTAT | MIICOMMAND_WCTRLDATA)) { /* spin */ }
 144:	cc0403c8 	stcgt	3, cr0, [r4], {200}	@ 0xc8
 148:	0403d403 	streq	sp, [r3], #-1027	@ 0xfffffbfd
static inline void eth_writel(uint32_t v, uintptr_t a){ *(volatile uint32_t*)a = v; }
 14c:	03ec03d8 	mvneq	r0, #216, 6	@ 0x60000003
 150:	03b80400 			@ <UNDEFINED> instruction: 0x03b80400
static inline uint32_t eth_readl(uintptr_t a){ return *(volatile uint32_t*)a; }
 154:	cc0403bc 	stcgt	3, cr0, [r4], {188}	@ 0xbc
static inline void eth_writel(uint32_t v, uintptr_t a){ *(volatile uint32_t*)a = v; }
 158:	0403cc03 	streq	ip, [r3], #-3075	@ 0xfffff3fd
 15c:	03d403d0 	bicseq	r0, r4, #208, 6	@ 0x40000003
static inline uint32_t eth_readl(uintptr_t a){ return *(volatile uint32_t*)a; }
 160:	03c00400 	biceq	r0, r0, #0, 8
 164:	d40403c4 	strle	r0, [r4], #-964	@ 0xfffffc3c
 168:	0403d403 	streq	sp, [r3], #-1027	@ 0xfffffbfd
 16c:	03dc03d8 	bicseq	r0, ip, #216, 6	@ 0x60000003
    phy_write(PHY_BMCR, (bmcr | BMCR_AN_ENABLE | BMCR_RESTART_AN) & ~BMCR_RESET);
 170:	03c40400 	biceq	r0, r4, #0, 8
 174:	dc0403c8 	stcle	3, cr0, [r4], {200}	@ 0xc8
 178:	0403e003 	streq	lr, [r3], #-3
 17c:	03ec03e8 	mvneq	r0, #232, 6	@ 0xa0000003
 180:	03cc0400 	biceq	r0, ip, #0, 8
    while (eth_readl(ETH_MIICOMMAND) & (MIICOMMAND_RSTAT | MIICOMMAND_WCTRLDATA)) { /* spin */ }
 184:	e40403d0 	str	r0, [r4], #-976	@ 0xfffffc30
 188:	0003e803 	andeq	lr, r3, r3, lsl #16
static inline void eth_writel(uint32_t v, uintptr_t a){ *(volatile uint32_t*)a = v; }
 18c:	dc03dc04 	stcle	12, cr13, [r3], {4}
 190:	03e00403 	mvneq	r0, #50331648	@ 0x3000000
 194:	040003e4 	streq	r0, [r0], #-996	@ 0xfffffc1c
 198:	03d803d4 	bicseq	r0, r8, #212, 6	@ 0x50000003
static inline uint32_t eth_readl(uintptr_t a){ return *(volatile uint32_t*)a; }
 19c:	c003ec04 	andgt	lr, r3, r4, lsl #24
static inline void eth_writel(uint32_t v, uintptr_t a){ *(volatile uint32_t*)a = v; }
 1a0:	d4040004 	strle	r0, [r4], #-4
static inline uint32_t eth_readl(uintptr_t a){ return *(volatile uint32_t*)a; }
 1a4:	0403d803 	streq	sp, [r3], #-2051	@ 0xfffff7fd
 1a8:	048003ec 	streq	r0, [r0], #1004	@ 0x3ec
 1ac:	04a00400 	strteq	r0, [r0], #1024	@ 0x400
 1b0:	ac0404a8 	cfstrsge	mvf0, [r4], {168}	@ 0xa8
static inline void eth_writel(uint32_t v, uintptr_t a){ *(volatile uint32_t*)a = v; }
 1b4:	0004b804 	andeq	fp, r4, r4, lsl #16
static inline uint32_t eth_readl(uintptr_t a){ return *(volatile uint32_t*)a; }
 1b8:	d804d404 	stmdale	r4, {r2, sl, ip, lr, pc}
static inline void eth_writel(uint32_t v, uintptr_t a){ *(volatile uint32_t*)a = v; }
 1bc:	04e00404 	strbteq	r0, [r0], #1028	@ 0x404
static inline uint32_t eth_readl(uintptr_t a){ return *(volatile uint32_t*)a; }
 1c0:	040004e4 	streq	r0, [r0], #-1252	@ 0xfffffb1c
 1c4:	04dc04d8 	ldrbeq	r0, [ip], #1240	@ 0x4d8
 1c8:	e804e404 	stmda	r4, {r2, sl, sp, lr, pc}
static inline void eth_writel(uint32_t v, uintptr_t a){ *(volatile uint32_t*)a = v; }
 1cc:	dc040004 	stcle	0, cr0, [r4], {4}
 1d0:	0404e004 	streq	lr, [r4], #-4
static inline uint32_t eth_readl(uintptr_t a){ return *(volatile uint32_t*)a; }
 1d4:	04f404e8 	ldrbteq	r0, [r4], #1256	@ 0x4e8
 1d8:	04dc0400 	ldrbeq	r0, [ip], #1024	@ 0x400
 1dc:	e80404e0 	stmda	r4, {r5, r6, r7, sl}
 1e0:	0004ec04 	andeq	lr, r4, r4, lsl #24
 1e4:	fc04f804 	stc2	8, cr15, [r4], {4}
 1e8:	058c0404 	streq	r0, [ip, #1028]	@ 0x404
 1ec:	9004058c 	andls	r0, r4, ip, lsl #11
static inline void eth_writel(uint32_t v, uintptr_t a){ *(volatile uint32_t*)a = v; }
 1f0:	00059405 	andeq	r9, r5, r5, lsl #8
 1f4:	d405b404 	strle	fp, [r5], #-1028	@ 0xfffffbfc
static inline uint32_t eth_readl(uintptr_t a){ return *(volatile uint32_t*)a; }
 1f8:	05dc0405 	ldrbeq	r0, [ip, #1029]	@ 0x405
 1fc:	04000688 	streq	r0, [r0], #-1672	@ 0xfffff978
 200:	05c405b4 	strbeq	r0, [r4, #1460]	@ 0x5b4
 204:	d405c404 	strle	ip, [r5], #-1028	@ 0xfffffbfc
        if ((b & BMSR_AN_COMPLETE) && (b & BMSR_LINK_STATUS))
 208:	05dc0405 	ldrbeq	r0, [ip, #1029]	@ 0x405
 20c:	04000688 	streq	r0, [r0], #-1672	@ 0xfffff978
 210:	06880688 	streq	r0, [r8], r8, lsl #13
    for (unsigned t=0;t<timeout_ms;t++){
 214:	a8069004 	stmdage	r6, {r2, ip, pc}
 218:	06b00406 	ldrteq	r0, [r0], r6, lsl #8
    uint32_t lo = (mac[3]) | (mac[2]<<8) | (mac[1]<<16) | (mac[0]<<24);
 21c:	040006ec 	streq	r0, [r0], #-1772	@ 0xfffff914
 220:	06900690 			@ <UNDEFINED> instruction: 0x06900690
 224:	9c069004 	stcls	0, cr9, [r6], {4}
 228:	06b00406 	ldrteq	r0, [r0], r6, lsl #8
 22c:	2a0006ec 	bcs	1de4 <stack_top+0x50c>
 230:	05000000 	streq	r0, [r0, #-0]
    uint32_t hi = (mac[5]) | (mac[4]<<8);
 234:	00000400 	andeq	r0, r0, r0, lsl #8
 238:	04000000 	streq	r0, [r0], #-0
 23c:	1c041814 	stcne	8, cr1, [r4], {20}
 240:	84040020 	strhi	r0, [r4], #-32	@ 0xffffffe0
 244:	04018401 	streq	r8, [r1], #-1025	@ 0xfffffbff
 248:	01900188 	orrseq	r0, r0, r8, lsl #3
 24c:	9c019404 	cfstrsls	mvf9, [r1], {4}
 250:	ac040001 	stcge	0, cr0, [r4], {1}
 254:	0401b001 	streq	fp, [r1], #-1
static inline void eth_writel(uint32_t v, uintptr_t a){ *(volatile uint32_t*)a = v; }
 258:	01b801b4 			@ <UNDEFINED> instruction: 0x01b801b4
 25c:	00004900 	andeq	r4, r0, r0, lsl #18
 260:	04000500 	streq	r0, [r0], #-1280	@ 0xfffffb00
 264:	00000000 	andeq	r0, r0, r0
 268:	04000400 	streq	r0, [r0], #-1024	@ 0xfffffc00
 26c:	000c0804 	andeq	r0, ip, r4, lsl #16
 270:	04181804 	ldreq	r1, [r8], #-2052	@ 0xfffff7fc
 274:	0400201c 	streq	r2, [r0], #-28	@ 0xffffffe4
 278:	34043024 	strcc	r3, [r4], #-36	@ 0xffffffdc
 27c:	040001a0 	streq	r0, [r0], #-416	@ 0xfffffe60
 280:	48042c24 	stmdami	r4, {r2, r5, sl, fp, sp}
    for (unsigned i=0;i<ETH_BD_COUNT;i++){ BD(i)->stat = 0; BD(i)->ptr = 0; }
 284:	2c040050 	stccs	0, cr0, [r4], {80}	@ 0x50
 288:	01900430 	orrseq	r0, r0, r0, lsr r4
 28c:	04000198 	streq	r0, [r0], #-408	@ 0xfffffe68
 290:	58045450 	stmdapl	r4, {r4, r6, sl, ip, lr}
 294:	04000190 	streq	r0, [r0], #-400	@ 0xfffffe70
 298:	64045858 	strvs	r5, [r4], #-2136	@ 0xfffff7a8
 29c:	04000180 	streq	r0, [r0], #-384	@ 0xfffffe80
 2a0:	01bc01b8 			@ <UNDEFINED> instruction: 0x01bc01b8
 2a4:	c801c404 	stmdagt	r1, {r2, sl, lr, pc}
 2a8:	00430001 	subeq	r0, r3, r1
 2ac:	00050000 	andeq	r0, r5, r0
    BD(ETH_TX_BD_NUM-1)->stat = BD_WRAP;           // TX wrap
 2b0:	00000004 	andeq	r0, r0, r4
 2b4:	e4050000 	str	r0, [r5], #-0
 2b8:	04000005 	streq	r0, [r0], #-5
    BD(ETH_BD_COUNT-1)->stat |= BD_WRAP;           // RX wrap
 2bc:	04040000 	streq	r0, [r4], #-0
 2c0:	20200414 	eorcs	r0, r0, r4, lsl r4
 2c4:	00242004 	eoreq	r2, r4, r4
 2c8:	00061005 	andeq	r1, r6, r5
 2cc:	04000400 	streq	r0, [r0], #-1024	@ 0xfffffc00
        BD(RX_START+i)->ptr  = (uint32_t)buf;
 2d0:	04141004 	ldreq	r1, [r4], #-4
        BD(RX_START+i)->stat = (BD(RX_START+i)->stat & BD_WRAP) | BD_IRQ | BD_E_R; // EMPTY=1
 2d4:	05002420 	streq	r2, [r0, #-1056]	@ 0xfffffbe0
    for (unsigned i=0;i<RX_COUNT;i++){
 2d8:	00000664 	andeq	r0, r0, r4, ror #12
        BD(RX_START+i)->stat = (BD(RX_START+i)->stat & BD_WRAP) | BD_IRQ | BD_E_R; // EMPTY=1
 2dc:	04040004 	streq	r0, [r4], #-4
 2e0:	07000c08 	streq	r0, [r0, -r8, lsl #24]
 2e4:	000005e4 	andeq	r0, r0, r4, ror #11
    for (unsigned i=0;i<RX_COUNT;i++){
 2e8:	b40702b4 	strlt	r0, [r7], #-692	@ 0xfffffd4c
 2ec:	24000008 	strcs	r0, [r0], #-8
	...

Disassembly of section .debug_frame:

00000000 <.debug_frame>:
   0:	0000000c 	andeq	r0, r0, ip
   4:	ffffffff 			@ <UNDEFINED> instruction: 0xffffffff
   8:	7c020001 	stcvc	0, cr0, [r2], {1}
   c:	000d0c0e 	andeq	r0, sp, lr, lsl #24
  10:	0000000c 	andeq	r0, r0, ip
  14:	00000000 	andeq	r0, r0, r0
  18:	000000b0 	strheq	r0, [r0], -r0	@ <UNPREDICTABLE>
  1c:	00000038 	andeq	r0, r0, r8, lsr r0
  20:	0000000c 	andeq	r0, r0, ip
_Reset   : b there
  24:	00000000 	andeq	r0, r0, r0
_Undef   : b _Undef
  28:	000000e8 	andeq	r0, r0, r8, ror #1
_Swi     : b _Swi
  2c:	00000040 	andeq	r0, r0, r0, asr #32
_Pabt    : b _Pabt
  30:	00000014 	andeq	r0, r0, r4, lsl r0
_Dabt    : b _Dabt
  34:	00000000 	andeq	r0, r0, r0
reserved : b reserved
  38:	00000128 	andeq	r0, r0, r8, lsr #2
irq      : b sc_call
  3c:	0000023c 	andeq	r0, r0, ip, lsr r2
fiq      : b sc_call
  40:	8e040e48 	cdphi	14, 0, cr0, cr4, cr8, {2}
sub r14, r14, #4
  44:	00000001 	andeq	r0, r0, r1
stmfd sp!, {r0-r12, r14}
  48:	0000000c 	andeq	r0, r0, ip
bl irq_handler
  4c:	00000000 	andeq	r0, r0, r0
ldmfd sp!, {r0-r12, pc}^
  50:	00000364 	andeq	r0, r0, r4, ror #6
mrs r2, cpsr
  54:	00000054 	andeq	r0, r0, r4, asr r0
bic r2, r2, #31
  58:	00000018 	andeq	r0, r0, r8, lsl r0
orr r2, r2, #18
  5c:	00000000 	andeq	r0, r0, r0
msr cpsr_c, r2
  60:	000003b8 			@ <UNDEFINED> instruction: 0x000003b8
ldr sp, =IRQ_STACK_POINTER
  64:	00000064 	andeq	r0, r0, r4, rrx
mrs r2, cpsr
  68:	84100e42 	ldrhi	r0, [r0], #-3650	@ 0xfffff1be
bic r2, r2, #31
  6c:	86038504 	strhi	r8, [r3], -r4, lsl #10
orr r2, r2, #17
  70:	00018e02 	andeq	r8, r1, r2, lsl #28
msr cpsr_c, r2
  74:	0000000c 	andeq	r0, r0, ip
ldr sp, =FIQ_STACK_POINTER
  78:	ffffffff 			@ <UNDEFINED> instruction: 0xffffffff
mrs r2, cpsr
  7c:	7c020001 	stcvc	0, cr0, [r2], {1}
bic r1, r1, #31
  80:	000d0c0e 	andeq	r0, sp, lr, lsl #24
orr r1, r1, #16
  84:	00000018 	andeq	r0, r0, r8, lsl r0
bic r1, r1, #0xC0
  88:	00000074 	andeq	r0, r0, r4, ror r0
msr cpsr_c, r1
  8c:	0000041c 	andeq	r0, r0, ip, lsl r4
ldr r0, =VIC_BASE_ADDRESS // VIC base address.
  90:	00000044 	andeq	r0, r0, r4, asr #32
add r0, r0, #4            // Move to INT_MASK
  94:	8e040e44 	cdphi	14, 0, cr0, cr4, cr4, {2}
mov r1, #0                // Prepare mask value
  98:	100e4401 	andne	r4, lr, r1, lsl #8
str r1, [r0]              // Unmask all interrupt sources.
  9c:	00040e52 	andeq	r0, r4, r2, asr lr
ldr r1, [r0]              // No change to R1 value.
  a0:	00000020 	andeq	r0, r0, r0, lsr #32
ldr sp, =USER_STACK_POINTER
  a4:	00000074 	andeq	r0, r0, r4, ror r0
bl main
  a8:	00000460 	andeq	r0, r0, r0, ror #8
here: b here
  ac:	00000090 	muleq	r0, r0, r0
static inline uint32_t eth_readl(uintptr_t a){ return *(volatile uint32_t*)a; }
  b0:	8e040e42 	cdphi	14, 0, cr0, cr4, cr2, {2}
  b4:	180e4201 	stmdane	lr, {r0, r9, lr}
    while (eth_readl(ETH_MIICOMMAND) & (MIICOMMAND_RSTAT | MIICOMMAND_WCTRLDATA)) { /* spin */ }
  b8:	040e0a4c 	streq	r0, [lr], #-2636	@ 0xfffff5b4
  bc:	0e6e0b42 	vnmuleq.f64	d16, d14, d2
    eth_writel(((uint32_t)phy << MIIADDR_PHY_SHIFT) | ((uint32_t)reg << MIIADDR_REG_SHIFT), ETH_MIIADDRESS);
  c0:	00000004 	andeq	r0, r0, r4
  c4:	0000000c 	andeq	r0, r0, ip
static inline void eth_writel(uint32_t v, uintptr_t a){ *(volatile uint32_t*)a = v; }
  c8:	ffffffff 			@ <UNDEFINED> instruction: 0xffffffff
  cc:	7c020001 	stcvc	0, cr0, [r2], {1}
  d0:	000d0c0e 	andeq	r0, sp, lr, lsl #24
  d4:	00000034 	andeq	r0, r0, r4, lsr r0
static inline uint32_t eth_readl(uintptr_t a){ return *(volatile uint32_t*)a; }
  d8:	000000c4 	andeq	r0, r0, r4, asr #1
    while (eth_readl(ETH_MIICOMMAND) & (MIICOMMAND_RSTAT | MIICOMMAND_WCTRLDATA)) { /* spin */ }
  dc:	000004f0 	strdeq	r0, [r0], -r0	@ <UNPREDICTABLE>
  e0:	000000f4 	strdeq	r0, [r0], -r4
  e4:	84180e44 	ldrhi	r0, [r8], #-3652	@ 0xfffff1bc
  e8:	86058506 	strhi	r8, [r5], -r6, lsl #10
  ec:	88038704 	stmdahi	r3, {r2, r8, r9, sl, pc}
  f0:	44018e02 	strmi	r8, [r1], #-3586	@ 0xfffff1fe
  f4:	5202280e 	andpl	r2, r2, #917504	@ 0xe0000
    eth_writel(((uint32_t)phy << MIIADDR_PHY_SHIFT) | ((uint32_t)reg << MIIADDR_REG_SHIFT), ETH_MIIADDRESS);
  f8:	42180e0a 	andsmi	r0, r8, #10, 28	@ 0xa0
static inline void eth_writel(uint32_t v, uintptr_t a){ *(volatile uint32_t*)a = v; }
  fc:	0e0a440b 	cdpeq	4, 0, cr4, cr10, cr11, {0}
static inline uint32_t eth_readl(uintptr_t a){ return *(volatile uint32_t*)a; }
 100:	c8ce4218 	stmiagt	lr, {r3, r4, r9, lr}^
static inline void eth_writel(uint32_t v, uintptr_t a){ *(volatile uint32_t*)a = v; }
 104:	c4c5c6c7 	strbgt	ip, [r5], #1735	@ 0x6c7
 108:	0b42000e 	bleq	1080148 <FIQ_STACK_POINTER+0x107c148>
static inline uint32_t eth_readl(uintptr_t a){ return *(volatile uint32_t*)a; }
 10c:	0000000c 	andeq	r0, r0, ip
    while (eth_readl(ETH_MIICOMMAND) & (MIICOMMAND_RSTAT | MIICOMMAND_WCTRLDATA)) { /* spin */ }
 110:	ffffffff 			@ <UNDEFINED> instruction: 0xffffffff
 114:	7c020001 	stcvc	0, cr0, [r2], {1}
 118:	000d0c0e 	andeq	r0, sp, lr, lsl #24
}
 11c:	00000014 	andeq	r0, r0, r4, lsl r0
 120:	0000010c 	andeq	r0, r0, ip, lsl #2
 124:	000005e4 	andeq	r0, r0, r4, ror #11
static inline void eth_writel(uint32_t v, uintptr_t a){ *(volatile uint32_t*)a = v; }
 128:	00000024 	andeq	r0, r0, r4, lsr #32
 12c:	84080e42 	strhi	r0, [r8], #-3650	@ 0xfffff1be
 130:	00018e02 	andeq	r8, r1, r2, lsl #28
int eth_init(const uint8_t mac[6]){
 134:	0000000c 	andeq	r0, r0, ip
 138:	0000010c 	andeq	r0, r0, ip, lsl #2
 13c:	00000608 	andeq	r0, r0, r8, lsl #12
static inline uint32_t eth_readl(uintptr_t a){ return *(volatile uint32_t*)a; }
 140:	00000030 	andeq	r0, r0, r0, lsr r0
    while (eth_readl(ETH_MIICOMMAND) & (MIICOMMAND_RSTAT | MIICOMMAND_WCTRLDATA)) { /* spin */ }
 144:	00000014 	andeq	r0, r0, r4, lsl r0
 148:	0000010c 	andeq	r0, r0, ip, lsl #2
static inline void eth_writel(uint32_t v, uintptr_t a){ *(volatile uint32_t*)a = v; }
 14c:	000008b4 			@ <UNDEFINED> instruction: 0x000008b4
 150:	00000024 	andeq	r0, r0, r4, lsr #32
static inline uint32_t eth_readl(uintptr_t a){ return *(volatile uint32_t*)a; }
 154:	84080e42 	strhi	r0, [r8], #-3650	@ 0xfffff1be
static inline void eth_writel(uint32_t v, uintptr_t a){ *(volatile uint32_t*)a = v; }
 158:	00018e02 	andeq	r8, r1, r2, lsl #28
 15c:	0000000c 	andeq	r0, r0, ip
static inline uint32_t eth_readl(uintptr_t a){ return *(volatile uint32_t*)a; }
 160:	0000010c 	andeq	r0, r0, ip, lsl #2
 164:	00000638 	andeq	r0, r0, r8, lsr r6
 168:	00000044 	andeq	r0, r0, r4, asr #32
 16c:	0000000c 	andeq	r0, r0, ip
    phy_write(PHY_BMCR, (bmcr | BMCR_AN_ENABLE | BMCR_RESTART_AN) & ~BMCR_RESET);
 170:	0000010c 	andeq	r0, r0, ip, lsl #2
 174:	0000067c 	andeq	r0, r0, ip, ror r6
 178:	0000000c 	andeq	r0, r0, ip
 17c:	0000000c 	andeq	r0, r0, ip
 180:	0000010c 	andeq	r0, r0, ip, lsl #2
    while (eth_readl(ETH_MIICOMMAND) & (MIICOMMAND_RSTAT | MIICOMMAND_WCTRLDATA)) { /* spin */ }
 184:	00000688 	andeq	r0, r0, r8, lsl #13
 188:	00000034 	andeq	r0, r0, r4, lsr r0
static inline void eth_writel(uint32_t v, uintptr_t a){ *(volatile uint32_t*)a = v; }
 18c:	0000000c 	andeq	r0, r0, ip
 190:	0000010c 	andeq	r0, r0, ip, lsl #2
 194:	000006bc 			@ <UNDEFINED> instruction: 0x000006bc
 198:	00000014 	andeq	r0, r0, r4, lsl r0
static inline uint32_t eth_readl(uintptr_t a){ return *(volatile uint32_t*)a; }
 19c:	0000000c 	andeq	r0, r0, ip
static inline void eth_writel(uint32_t v, uintptr_t a){ *(volatile uint32_t*)a = v; }
 1a0:	0000010c 	andeq	r0, r0, ip, lsl #2
static inline uint32_t eth_readl(uintptr_t a){ return *(volatile uint32_t*)a; }
 1a4:	000006d0 	ldrdeq	r0, [r0], -r0	@ <UNPREDICTABLE>
 1a8:	00000014 	andeq	r0, r0, r4, lsl r0
 1ac:	0000000c 	andeq	r0, r0, ip
 1b0:	0000010c 	andeq	r0, r0, ip, lsl #2
static inline void eth_writel(uint32_t v, uintptr_t a){ *(volatile uint32_t*)a = v; }
 1b4:	000006e4 	andeq	r0, r0, r4, ror #13
static inline uint32_t eth_readl(uintptr_t a){ return *(volatile uint32_t*)a; }
 1b8:	00000014 	andeq	r0, r0, r4, lsl r0
static inline void eth_writel(uint32_t v, uintptr_t a){ *(volatile uint32_t*)a = v; }
 1bc:	0000000c 	andeq	r0, r0, ip
static inline uint32_t eth_readl(uintptr_t a){ return *(volatile uint32_t*)a; }
 1c0:	0000010c 	andeq	r0, r0, ip, lsl #2
 1c4:	000006f8 	strdeq	r0, [r0], -r8
 1c8:	00000014 	andeq	r0, r0, r4, lsl r0
static inline void eth_writel(uint32_t v, uintptr_t a){ *(volatile uint32_t*)a = v; }
 1cc:	0000000c 	andeq	r0, r0, ip
 1d0:	0000010c 	andeq	r0, r0, ip, lsl #2
static inline uint32_t eth_readl(uintptr_t a){ return *(volatile uint32_t*)a; }
 1d4:	0000070c 	andeq	r0, r0, ip, lsl #14
 1d8:	0000000c 	andeq	r0, r0, ip
